Exchange,JPY,03/01/2005,USD,0.0095634294
Exchange,JPY,04/01/2005,USD,0.0096024582
Exchange,JPY,05/01/2005,USD,0.0095224492
Exchange,JPY,06/01/2005,USD,0.0095456281
Exchange,JPY,08/01/2005,USD,0.0095419847
Exchange,JPY,09/01/2005,USD,0.0095831337
Exchange,JPY,10/01/2005,USD,0.0096767950
Exchange,JPY,11/01/2005,USD,0.0097618118
Exchange,JPY,12/01/2005,USD,0.0097671511
Exchange,JPY,13/01/2005,USD,0.0098000784
Exchange,JPY,14/01/2005,USD,0.0098010389
Exchange,JPY,15/01/2005,USD,0.0098039216
Exchange,JPY,16/01/2005,USD,0.0097920175
Exchange,JPY,17/01/2005,USD,0.0097789947
Exchange,JPY,18/01/2005,USD,0.0097314130
Exchange,JPY,19/01/2005,USD,0.0096693096
Exchange,JPY,20/01/2005,USD,0.0097352025
Exchange,JPY,21/01/2005,USD,0.0097352025
Exchange,JPY,22/01/2005,USD,0.0097295194
Exchange,JPY,23/01/2005,USD,0.0097426005
Exchange,JPY,24/01/2005,USD,0.0096083631
Exchange,JPY,25/01/2005,USD,0.0097013912
Exchange,JPY,26/01/2005,USD,0.0097378569
Exchange,JPY,27/01/2005,USD,0.0096824167
Exchange,JPY,28/01/2005,USD,0.0096824167
Exchange,JPY,29/01/2005,USD,0.0096543734
Exchange,JPY,30/01/2005,USD,0.0096443176
Exchange,JPY,31/01/2005,USD,0.0096450617
Exchange,JPY,01/02/2005,USD,0.0096530687
Exchange,JPY,02/02/2005,USD,0.0095708434
Exchange,JPY,03/02/2005,USD,0.0096070708
Exchange,JPY,04/02/2005,USD,0.0095611435
Exchange,JPY,05/02/2005,USD,0.0095812973
Exchange,JPY,06/02/2005,USD,0.0095370706
Exchange,JPY,07/02/2005,USD,0.0094482237
Exchange,JPY,08/02/2005,USD,0.0094680831
Exchange,JPY,09/02/2005,USD,0.0094491165
Exchange,JPY,10/02/2005,USD,0.0094589482
Exchange,JPY,11/02/2005,USD,0.0094589482
Exchange,JPY,12/02/2005,USD,0.0094831674
Exchange,JPY,13/02/2005,USD,0.0095165588
Exchange,JPY,14/02/2005,USD,0.0095768929
Exchange,JPY,15/02/2005,USD,0.0094867660
Exchange,JPY,16/02/2005,USD,0.0094750805
Exchange,JPY,17/02/2005,USD,0.0094652153
Exchange,JPY,19/02/2005,USD,0.0094598430
Exchange,JPY,20/02/2005,USD,0.0094725674
Exchange,JPY,21/02/2005,USD,0.0096115030
Exchange,JPY,22/02/2005,USD,0.0095407102
Exchange,JPY,23/02/2005,USD,0.0094887463
Exchange,JPY,24/02/2005,USD,0.0095032644
Exchange,JPY,26/02/2005,USD,0.0095005558
Exchange,JPY,27/02/2005,USD,0.0095578537
Exchange,JPY,28/02/2005,USD,0.0095797369
Exchange,JPY,01/03/2005,USD,0.0095459926
Exchange,JPY,02/03/2005,USD,0.0094984802
Exchange,JPY,03/03/2005,USD,0.0095426221
Exchange,JPY,05/03/2005,USD,0.0095456281
Exchange,JPY,06/03/2005,USD,0.0095076917
Exchange,JPY,07/03/2005,USD,0.0095532882
Exchange,JPY,08/03/2005,USD,0.0096211203
Exchange,JPY,09/03/2005,USD,0.0096033804
Exchange,JPY,10/03/2005,USD,0.0096153846
Exchange,JPY,11/03/2005,USD,0.0096163093
Exchange,JPY,12/03/2005,USD,0.0096302003
Exchange,JPY,13/03/2005,USD,0.0095377983
Exchange,JPY,14/03/2005,USD,0.0095635209
Exchange,JPY,15/03/2005,USD,0.0096006144
Exchange,JPY,16/03/2005,USD,0.0095669977
Exchange,JPY,17/03/2005,USD,0.0095474508
Exchange,JPY,19/03/2005,USD,0.0095465394
Exchange,JPY,20/03/2005,USD,0.0095055227
Exchange,JPY,21/03/2005,USD,0.0094680831
Exchange,JPY,22/03/2005,USD,0.0094384143
Exchange,JPY,23/03/2005,USD,0.0094041529
Exchange,JPY,24/03/2005,USD,0.0093998214
Exchange,JPY,26/03/2005,USD,0.0094037991
Exchange,JPY,27/03/2005,USD,0.0093297507
Exchange,JPY,28/03/2005,USD,0.0092947169
Exchange,JPY,29/03/2005,USD,0.0092981738
Exchange,JPY,30/03/2005,USD,0.0093335822
Exchange,JPY,31/03/2005,USD,0.0092980009
Exchange,JPY,02/04/2005,USD,0.0092906582
Exchange,JPY,03/04/2005,USD,0.0092342925
Exchange,JPY,04/04/2005,USD,0.0092448783
Exchange,JPY,05/04/2005,USD,0.0092021717
Exchange,JPY,06/04/2005,USD,0.0092064077
Exchange,JPY,07/04/2005,USD,0.0092373633
Exchange,JPY,08/04/2005,USD,0.0092373633
Exchange,JPY,09/04/2005,USD,0.0092369367
Exchange,JPY,10/04/2005,USD,0.0092707619
Exchange,JPY,11/04/2005,USD,0.0092795368
Exchange,JPY,12/04/2005,USD,0.0093154973
Exchange,JPY,13/04/2005,USD,0.0092443656
Exchange,JPY,14/04/2005,USD,0.0092755774
Exchange,JPY,16/04/2005,USD,0.0092902267
Exchange,JPY,17/04/2005,USD,0.0093033641
Exchange,JPY,18/04/2005,USD,0.0093690858
Exchange,JPY,19/04/2005,USD,0.0093562874
Exchange,JPY,20/04/2005,USD,0.0093484154
Exchange,JPY,21/04/2005,USD,0.0094339623
Exchange,JPY,22/04/2005,USD,0.0094330724
Exchange,JPY,23/04/2005,USD,0.0094953236
Exchange,JPY,24/04/2005,USD,0.0094634239
Exchange,JPY,25/04/2005,USD,0.0094330724
Exchange,JPY,26/04/2005,USD,0.0094455464
Exchange,JPY,27/04/2005,USD,0.0094232944
Exchange,JPY,28/04/2005,USD,0.0095474508
Exchange,JPY,29/04/2005,USD,0.0095474508
Exchange,JPY,30/04/2005,USD,0.0095229026
Exchange,JPY,01/05/2005,USD,0.0095192765
Exchange,JPY,02/05/2005,USD,0.0095165588
Exchange,JPY,03/05/2005,USD,0.0095620578
Exchange,JPY,04/05/2005,USD,0.0095730423
Exchange,JPY,05/05/2005,USD,0.0095183705
Exchange,JPY,07/05/2005,USD,0.0095124851
Exchange,JPY,08/05/2005,USD,0.0094671867
Exchange,JPY,09/05/2005,USD,0.0094732853
Exchange,JPY,10/05/2005,USD,0.0094553707
Exchange,JPY,11/05/2005,USD,0.0093654005
Exchange,JPY,12/05/2005,USD,0.0093196645
Exchange,JPY,13/05/2005,USD,0.0093196645
Exchange,JPY,14/05/2005,USD,0.0093196645
Exchange,JPY,15/05/2005,USD,0.0093673305
Exchange,JPY,16/05/2005,USD,0.0092999033
Exchange,JPY,17/05/2005,USD,0.0093457944
Exchange,JPY,18/05/2005,USD,0.0092914352
Exchange,JPY,19/05/2005,USD,0.0092455621
Exchange,JPY,21/05/2005,USD,0.0092404361
Exchange,JPY,22/05/2005,USD,0.0092893637
Exchange,JPY,23/05/2005,USD,0.0092902267
Exchange,JPY,24/05/2005,USD,0.0092834995
Exchange,JPY,25/05/2005,USD,0.0092626899
Exchange,JPY,26/05/2005,USD,0.0092652645
Exchange,JPY,27/05/2005,USD,0.0092652645
Exchange,JPY,28/05/2005,USD,0.0092609743
Exchange,JPY,29/05/2005,USD,0.0092594307
Exchange,JPY,30/05/2005,USD,0.0092108172
Exchange,JPY,31/05/2005,USD,0.0091954023
Exchange,JPY,01/06/2005,USD,0.0092344630
Exchange,JPY,02/06/2005,USD,0.0092859133
Exchange,JPY,03/06/2005,USD,0.0092859133
Exchange,JPY,04/06/2005,USD,0.0092841890
Exchange,JPY,05/06/2005,USD,0.0093512129
Exchange,JPY,06/06/2005,USD,0.0093799831
Exchange,JPY,07/06/2005,USD,0.0093205331
Exchange,JPY,08/06/2005,USD,0.0093075205
Exchange,JPY,09/06/2005,USD,0.0092030186
Exchange,JPY,10/06/2005,USD,0.0092030186
Exchange,JPY,11/06/2005,USD,0.0092064077
Exchange,JPY,12/06/2005,USD,0.0091269189
Exchange,JPY,13/06/2005,USD,0.0091345890
Exchange,JPY,14/06/2005,USD,0.0091563353
Exchange,JPY,15/06/2005,USD,0.0091813875
Exchange,JPY,16/06/2005,USD,0.0092106475
Exchange,JPY,17/06/2005,USD,0.0092106475
Exchange,JPY,18/06/2005,USD,0.0091920213
Exchange,JPY,19/06/2005,USD,0.0091526479
Exchange,JPY,20/06/2005,USD,0.0092447074
Exchange,JPY,21/06/2005,USD,0.0091861106
Exchange,JPY,22/06/2005,USD,0.0091797018
Exchange,JPY,23/06/2005,USD,0.0091701055
Exchange,JPY,24/06/2005,USD,0.0091701055
Exchange,JPY,25/06/2005,USD,0.0091587672
Exchange,JPY,26/06/2005,USD,0.0091524803
Exchange,JPY,27/06/2005,USD,0.0090884304
Exchange,JPY,28/06/2005,USD,0.0090545264
Exchange,JPY,29/06/2005,USD,0.0090158318
Exchange,JPY,30/06/2005,USD,0.0089453439
Exchange,JPY,01/07/2005,USD,0.0089453439
Exchange,JPY,02/07/2005,USD,0.0089553575
Exchange,JPY,03/07/2005,USD,0.0089592890
Exchange,JPY,04/07/2005,USD,0.0089493467
Exchange,JPY,05/07/2005,USD,0.0089136093
Exchange,JPY,06/07/2005,USD,0.0089220392
Exchange,JPY,07/07/2005,USD,0.0089142450
Exchange,JPY,09/07/2005,USD,0.0089154371
Exchange,JPY,10/07/2005,USD,0.0089439038
Exchange,JPY,11/07/2005,USD,0.0090244563
Exchange,JPY,12/07/2005,USD,0.0089397461
Exchange,JPY,13/07/2005,USD,0.0089001228
Exchange,JPY,14/07/2005,USD,0.0089158345
Exchange,JPY,15/07/2005,USD,0.0089158345
Exchange,JPY,16/07/2005,USD,0.0089067023
Exchange,JPY,17/07/2005,USD,0.0089295282
Exchange,JPY,18/07/2005,USD,0.0088724847
Exchange,JPY,19/07/2005,USD,0.0088559840
Exchange,JPY,20/07/2005,USD,0.0090689787
Exchange,JPY,21/07/2005,USD,0.0089823049
Exchange,JPY,22/07/2005,USD,0.0089814981
Exchange,JPY,23/07/2005,USD,0.0089810948
Exchange,JPY,24/07/2005,USD,0.0089695752
Exchange,JPY,25/07/2005,USD,0.0088855716
Exchange,JPY,26/07/2005,USD,0.0088911018
Exchange,JPY,27/07/2005,USD,0.0089191744
Exchange,JPY,28/07/2005,USD,0.0088896791
Exchange,JPY,30/07/2005,USD,0.0088841507
Exchange,JPY,31/07/2005,USD,0.0089105911
Exchange,JPY,01/08/2005,USD,0.0089714260
Exchange,JPY,02/08/2005,USD,0.0090017103
Exchange,JPY,03/08/2005,USD,0.0089903803
Exchange,JPY,04/08/2005,USD,0.0089341553
Exchange,JPY,05/08/2005,USD,0.0089341553
Exchange,JPY,06/08/2005,USD,0.0089225965
Exchange,JPY,07/08/2005,USD,0.0089142450
Exchange,JPY,08/08/2005,USD,0.0089373492
Exchange,JPY,09/08/2005,USD,0.0090375056
Exchange,JPY,10/08/2005,USD,0.0091157703
Exchange,JPY,11/08/2005,USD,0.0091424392
Exchange,JPY,12/08/2005,USD,0.0091424392
Exchange,JPY,13/08/2005,USD,0.0091345056
Exchange,JPY,14/08/2005,USD,0.0091539046
Exchange,JPY,15/08/2005,USD,0.0091307524
Exchange,JPY,16/08/2005,USD,0.0090966979
Exchange,JPY,17/08/2005,USD,0.0090473175
Exchange,JPY,18/08/2005,USD,0.0090522314
Exchange,JPY,19/08/2005,USD,0.0090522314
Exchange,JPY,20/08/2005,USD,0.0090555103
Exchange,JPY,21/08/2005,USD,0.0091099572
Exchange,JPY,22/08/2005,USD,0.0091004232
Exchange,JPY,23/08/2005,USD,0.0090735868
Exchange,JPY,24/08/2005,USD,0.0090876045
Exchange,JPY,25/08/2005,USD,0.0090760574
Exchange,JPY,26/08/2005,USD,0.0090752337
Exchange,JPY,27/08/2005,USD,0.0090756455
Exchange,JPY,28/08/2005,USD,0.0090395480
Exchange,JPY,29/08/2005,USD,0.0089883601
Exchange,JPY,30/08/2005,USD,0.0090387310
Exchange,JPY,31/08/2005,USD,0.0091058095
Exchange,JPY,01/09/2005,USD,0.0091058095
Exchange,JPY,02/09/2005,USD,0.0091058095
Exchange,JPY,03/09/2005,USD,0.0091153548
Exchange,JPY,04/09/2005,USD,0.0091617041
Exchange,JPY,05/09/2005,USD,0.0091166013
Exchange,JPY,06/09/2005,USD,0.0090822397
Exchange,JPY,07/09/2005,USD,0.0090481361
Exchange,JPY,08/09/2005,USD,0.0091166013
Exchange,JPY,09/09/2005,USD,0.0091157703
Exchange,JPY,10/09/2005,USD,0.0091604452
Exchange,JPY,11/09/2005,USD,0.0090620752
Exchange,JPY,12/09/2005,USD,0.0090383225
Exchange,JPY,13/09/2005,USD,0.0090587916
Exchange,JPY,14/09/2005,USD,0.0090375056
Exchange,JPY,15/09/2005,USD,0.0089806915
Exchange,JPY,16/09/2005,USD,0.0089814981
Exchange,JPY,17/09/2005,USD,0.0089714260
Exchange,JPY,18/09/2005,USD,0.0089657955
Exchange,JPY,19/09/2005,USD,0.0089313625
Exchange,JPY,20/09/2005,USD,0.0089847260
Exchange,JPY,21/09/2005,USD,0.0089525515
Exchange,JPY,22/09/2005,USD,0.0088888889
Exchange,JPY,23/09/2005,USD,0.0088888889
Exchange,JPY,24/09/2005,USD,0.0088900742
Exchange,JPY,25/09/2005,USD,0.0089150397
Exchange,JPY,26/09/2005,USD,0.0088253464
Exchange,JPY,27/09/2005,USD,0.0088401697
Exchange,JPY,28/09/2005,USD,0.0088491660
Exchange,JPY,29/09/2005,USD,0.0088105727
Exchange,JPY,01/10/2005,USD,0.0088175646
Exchange,JPY,02/10/2005,USD,0.0087611705
Exchange,JPY,03/10/2005,USD,0.0087527352
Exchange,JPY,04/10/2005,USD,0.0087711604
Exchange,JPY,05/10/2005,USD,0.0088253464
Exchange,JPY,06/10/2005,USD,0.0087858021
Exchange,JPY,07/10/2005,USD,0.0087834870
Exchange,JPY,08/10/2005,USD,0.0087892771
Exchange,JPY,09/10/2005,USD,0.0087642419
Exchange,JPY,10/10/2005,USD,0.0087294313
Exchange,JPY,11/10/2005,USD,0.0087412587
Exchange,JPY,12/10/2005,USD,0.0087328618
Exchange,JPY,13/10/2005,USD,0.0087657784
Exchange,JPY,14/10/2005,USD,0.0087657784
Exchange,JPY,15/10/2005,USD,0.0087623220
Exchange,JPY,16/10/2005,USD,0.0087017055
Exchange,JPY,17/10/2005,USD,0.0086418473
Exchange,JPY,18/10/2005,USD,0.0086617583
Exchange,JPY,19/10/2005,USD,0.0086700191
Exchange,JPY,20/10/2005,USD,0.0086273833
Exchange,JPY,21/10/2005,USD,0.0086273833
Exchange,JPY,22/10/2005,USD,0.0086299892
Exchange,JPY,23/10/2005,USD,0.0086621335
Exchange,JPY,24/10/2005,USD,0.0086935355
Exchange,JPY,25/10/2005,USD,0.0086312555
Exchange,JPY,26/10/2005,USD,0.0086626587
Exchange,JPY,27/10/2005,USD,0.0086437894
Exchange,JPY,28/10/2005,USD,0.0086436400
Exchange,JPY,29/10/2005,USD,0.0086408019
Exchange,JPY,30/10/2005,USD,0.0085912867
Exchange,JPY,31/10/2005,USD,0.0085649437
Exchange,JPY,01/11/2005,USD,0.0085557837
Exchange,JPY,02/11/2005,USD,0.0085302397
Exchange,JPY,03/11/2005,USD,0.0084509423
Exchange,JPY,04/11/2005,USD,0.0084509423
Exchange,JPY,05/11/2005,USD,0.0084555870
Exchange,JPY,06/11/2005,USD,0.0084972596
Exchange,JPY,07/11/2005,USD,0.0085258760
Exchange,JPY,08/11/2005,USD,0.0085088279
Exchange,JPY,09/11/2005,USD,0.0084588056
Exchange,JPY,10/11/2005,USD,0.0084752945
Exchange,JPY,11/11/2005,USD,0.0084752945
Exchange,JPY,12/11/2005,USD,0.0084738581
Exchange,JPY,13/11/2005,USD,0.0084167999
Exchange,JPY,14/11/2005,USD,0.0084083074
Exchange,JPY,15/11/2005,USD,0.0083899656
Exchange,JPY,16/11/2005,USD,0.0084153833
Exchange,JPY,17/11/2005,USD,0.0083963056
Exchange,JPY,18/11/2005,USD,0.0083956007
Exchange,JPY,19/11/2005,USD,0.0083892617
Exchange,JPY,20/11/2005,USD,0.0084012434
Exchange,JPY,21/11/2005,USD,0.0084217618
Exchange,JPY,22/11/2005,USD,0.0084231806
Exchange,JPY,23/11/2005,USD,0.0084090145
Exchange,JPY,24/11/2005,USD,0.0083598061
Exchange,JPY,26/11/2005,USD,0.0083563132
Exchange,JPY,27/11/2005,USD,0.0084146752
Exchange,JPY,28/11/2005,USD,0.0083563132
Exchange,JPY,29/11/2005,USD,0.0083465487
Exchange,JPY,30/11/2005,USD,0.0082891247
Exchange,JPY,01/12/2005,USD,0.0082904991
Exchange,JPY,02/12/2005,USD,0.0082904991
Exchange,JPY,03/12/2005,USD,0.0082610492
Exchange,JPY,04/12/2005,USD,0.0082767754
Exchange,JPY,05/12/2005,USD,0.0082726671
Exchange,JPY,06/12/2005,USD,0.0082617317
Exchange,JPY,07/12/2005,USD,0.0083108248
Exchange,JPY,08/12/2005,USD,0.0082870639
Exchange,JPY,09/12/2005,USD,0.0082870639
Exchange,JPY,10/12/2005,USD,0.0082815735
Exchange,JPY,11/12/2005,USD,0.0083486392
Exchange,JPY,12/12/2005,USD,0.0083375021
Exchange,JPY,13/12/2005,USD,0.0085193389
Exchange,JPY,14/12/2005,USD,0.0086047412
Exchange,JPY,15/12/2005,USD,0.0086452840
Exchange,JPY,16/12/2005,USD,0.0086452840
Exchange,JPY,17/12/2005,USD,0.0086505190
Exchange,JPY,18/12/2005,USD,0.0086095566
Exchange,JPY,19/12/2005,USD,0.0085295121
Exchange,JPY,20/12/2005,USD,0.0085182504
Exchange,JPY,21/12/2005,USD,0.0085722858
Exchange,JPY,22/12/2005,USD,0.0086025205
Exchange,JPY,23/12/2005,USD,0.0086025205
Exchange,JPY,25/12/2005,USD,0.0085988220
Exchange,JPY,26/12/2005,USD,0.0085153489
Exchange,JPY,27/12/2005,USD,0.0084796065
Exchange,JPY,28/12/2005,USD,0.0084853627
Exchange,JPY,29/12/2005,USD,0.0084925690
Exchange,JPY,31/12/2005,USD,0.0084889643
Exchange,JPY,01/01/2006,USD,0.0084824837
Exchange,JPY,02/01/2006,USD,0.0086073334
Exchange,JPY,03/01/2006,USD,0.0086132644
Exchange,JPY,04/01/2006,USD,0.0086266391
Exchange,JPY,05/01/2006,USD,0.0087359133
Exchange,JPY,06/01/2006,USD,0.0087359133
Exchange,JPY,07/01/2006,USD,0.0087313368
Exchange,JPY,08/01/2006,USD,0.0087351502
Exchange,JPY,09/01/2006,USD,0.0087458457
Exchange,JPY,10/01/2006,USD,0.0087604030
Exchange,JPY,11/01/2006,USD,0.0087438574
Exchange,JPY,12/01/2006,USD,0.0087588684
Exchange,JPY,14/01/2006,USD,0.0087558007
Exchange,JPY,15/01/2006,USD,0.0086990562
Exchange,JPY,16/01/2006,USD,0.0086595081
Exchange,JPY,17/01/2006,USD,0.0086775425
Exchange,JPY,18/01/2006,USD,0.0086647604
Exchange,JPY,19/01/2006,USD,0.0086730269
Exchange,JPY,20/01/2006,USD,0.0086730269
Exchange,JPY,21/01/2006,USD,0.0086767896
Exchange,JPY,22/01/2006,USD,0.0087389671
Exchange,JPY,23/01/2006,USD,0.0087196122
Exchange,JPY,24/01/2006,USD,0.0086311065
Exchange,JPY,25/01/2006,USD,0.0085873766
Exchange,JPY,26/01/2006,USD,0.0085236959
Exchange,JPY,28/01/2006,USD,0.0085251492
Exchange,JPY,29/01/2006,USD,0.0085026783
Exchange,JPY,30/01/2006,USD,0.0085324232
Exchange,JPY,31/01/2006,USD,0.0084731401
Exchange,JPY,01/02/2006,USD,0.0084338366
Exchange,JPY,02/02/2006,USD,0.0084083074
Exchange,JPY,03/02/2006,USD,0.0084083074
Exchange,JPY,04/02/2006,USD,0.0084182170
Exchange,JPY,05/02/2006,USD,0.0084000437
Exchange,JPY,06/02/2006,USD,0.0084793189
Exchange,JPY,07/02/2006,USD,0.0084366827
Exchange,JPY,08/02/2006,USD,0.0084146752
Exchange,JPY,09/02/2006,USD,0.0084846428
Exchange,JPY,11/02/2006,USD,0.0084900454
Exchange,JPY,12/02/2006,USD,0.0084904058
Exchange,JPY,13/02/2006,USD,0.0085178876
Exchange,JPY,14/02/2006,USD,0.0084824837
Exchange,JPY,15/02/2006,USD,0.0085048478
Exchange,JPY,16/02/2006,USD,0.0084699106
Exchange,JPY,17/02/2006,USD,0.0084699106
Exchange,JPY,18/02/2006,USD,0.0084609527
Exchange,JPY,19/02/2006,USD,0.0084563021
Exchange,JPY,20/02/2006,USD,0.0084238902
Exchange,JPY,21/02/2006,USD,0.0084359710
Exchange,JPY,22/02/2006,USD,0.0085371580
Exchange,JPY,23/02/2006,USD,0.0085543199
Exchange,JPY,24/02/2006,USD,0.0085550518
Exchange,JPY,25/02/2006,USD,0.0085565158
Exchange,JPY,26/02/2006,USD,0.0086117809
Exchange,JPY,27/02/2006,USD,0.0086373687
Exchange,JPY,28/02/2006,USD,0.0086147484
Exchange,JPY,01/03/2006,USD,0.0086284999
Exchange,JPY,02/03/2006,USD,0.0085899583
Exchange,JPY,03/03/2006,USD,0.0085896632
Exchange,JPY,04/03/2006,USD,0.0085932801
Exchange,JPY,05/03/2006,USD,0.0085055711
Exchange,JPY,06/03/2006,USD,0.0084853627
Exchange,JPY,07/03/2006,USD,0.0084853627
Exchange,JPY,08/03/2006,USD,0.0084588056
Exchange,JPY,09/03/2006,USD,0.0084019493
Exchange,JPY,11/03/2006,USD,0.0084111363
Exchange,JPY,12/03/2006,USD,0.0084224712
Exchange,JPY,13/03/2006,USD,0.0085034014
Exchange,JPY,14/03/2006,USD,0.0085193389
Exchange,JPY,15/03/2006,USD,0.0085594453
Exchange,JPY,16/03/2006,USD,0.0086258949
Exchange,JPY,18/03/2006,USD,0.0086221762
Exchange,JPY,19/03/2006,USD,0.0085925417
Exchange,JPY,20/03/2006,USD,0.0085280573
Exchange,JPY,21/03/2006,USD,0.0085462781
Exchange,JPY,22/03/2006,USD,0.0084850028
Exchange,JPY,23/03/2006,USD,0.0085120872
Exchange,JPY,25/03/2006,USD,0.0085059329
Exchange,JPY,26/03/2006,USD,0.0085660442
Exchange,JPY,27/03/2006,USD,0.0084781687
Exchange,JPY,28/03/2006,USD,0.0084882438
Exchange,JPY,29/03/2006,USD,0.0085244225
Exchange,JPY,30/03/2006,USD,0.0084904058
Exchange,JPY,01/04/2006,USD,0.0084900454
Exchange,JPY,02/04/2006,USD,0.0084958158
Exchange,JPY,03/04/2006,USD,0.0085084659
Exchange,JPY,04/04/2006,USD,0.0085157115
Exchange,JPY,05/04/2006,USD,0.0084918478
Exchange,JPY,06/04/2006,USD,0.0084530854
Exchange,JPY,08/04/2006,USD,0.0084641754
Exchange,JPY,09/04/2006,USD,0.0084488003
Exchange,JPY,10/04/2006,USD,0.0084545147
Exchange,JPY,11/04/2006,USD,0.0084338366
Exchange,JPY,12/04/2006,USD,0.0084345479
Exchange,JPY,13/04/2006,USD,0.0084256646
Exchange,JPY,15/04/2006,USD,0.0084309923
Exchange,JPY,16/04/2006,USD,0.0084882438
Exchange,JPY,17/04/2006,USD,0.0085389804
Exchange,JPY,18/04/2006,USD,0.0085258760
Exchange,JPY,19/04/2006,USD,0.0085077420
Exchange,JPY,20/04/2006,USD,0.0085763293
Exchange,JPY,22/04/2006,USD,0.0086497708
Exchange,JPY,23/04/2006,USD,0.0087237198
Exchange,JPY,24/04/2006,USD,0.0087100427
Exchange,JPY,25/04/2006,USD,0.0087176358
Exchange,JPY,26/04/2006,USD,0.0087634738
Exchange,JPY,27/04/2006,USD,0.0087850303
Exchange,JPY,29/04/2006,USD,0.0087958484
Exchange,JPY,30/04/2006,USD,0.0088216094
Exchange,JPY,01/05/2006,USD,0.0088230104
Exchange,JPY,02/05/2006,USD,0.0088043670
Exchange,JPY,03/05/2006,USD,0.0087981700
Exchange,JPY,04/05/2006,USD,0.0088825724
Exchange,JPY,06/05/2006,USD,0.0089237908
Exchange,JPY,07/05/2006,USD,0.0089573630
Exchange,JPY,08/05/2006,USD,0.0090057637
Exchange,JPY,09/05/2006,USD,0.0090497738
Exchange,JPY,10/05/2006,USD,0.0090304869
Exchange,JPY,11/05/2006,USD,0.0090884304
Exchange,JPY,13/05/2006,USD,0.0091244206
Exchange,JPY,14/05/2006,USD,0.0090505928
Exchange,JPY,15/05/2006,USD,0.0091107872
Exchange,JPY,16/05/2006,USD,0.0090123379
Exchange,JPY,17/05/2006,USD,0.0090228278
Exchange,JPY,18/05/2006,USD,0.0089541547
Exchange,JPY,20/05/2006,USD,0.0089509488
Exchange,JPY,21/05/2006,USD,0.0089633846
Exchange,JPY,22/05/2006,USD,0.0089305649
Exchange,JPY,23/05/2006,USD,0.0088537101
Exchange,JPY,24/05/2006,USD,0.0089457441
Exchange,JPY,25/05/2006,USD,0.0088758709
Exchange,JPY,27/05/2006,USD,0.0088865192
Exchange,JPY,28/05/2006,USD,0.0088907856
Exchange,JPY,29/05/2006,USD,0.0089157550
Exchange,JPY,30/05/2006,USD,0.0088778409
Exchange,JPY,31/05/2006,USD,0.0088719336
Exchange,JPY,01/06/2006,USD,0.0089497472
Exchange,JPY,03/06/2006,USD,0.0089565607
Exchange,JPY,04/06/2006,USD,0.0089094797
Exchange,JPY,05/06/2006,USD,0.0088241782
Exchange,JPY,06/06/2006,USD,0.0088043670
Exchange,JPY,07/06/2006,USD,0.0087538845
Exchange,JPY,08/06/2006,USD,0.0087738539
Exchange,JPY,10/06/2006,USD,0.0087567975
Exchange,JPY,11/06/2006,USD,0.0087416408
Exchange,JPY,12/06/2006,USD,0.0086636344
Exchange,JPY,13/06/2006,USD,0.0086920242
Exchange,JPY,14/06/2006,USD,0.0087138376
Exchange,JPY,15/06/2006,USD,0.0086809323
Exchange,JPY,17/06/2006,USD,0.0086828167
Exchange,JPY,18/06/2006,USD,0.0086550862
Exchange,JPY,19/06/2006,USD,0.0086982995
Exchange,JPY,20/06/2006,USD,0.0087032202
Exchange,JPY,21/06/2006,USD,0.0086127451
Exchange,JPY,22/06/2006,USD,0.0085800086
Exchange,JPY,23/06/2006,USD,0.0085807448
Exchange,JPY,24/06/2006,USD,0.0085825859
Exchange,JPY,25/06/2006,USD,0.0086014106
Exchange,JPY,26/06/2006,USD,0.0085990438
Exchange,JPY,27/06/2006,USD,0.0085855334
Exchange,JPY,28/06/2006,USD,0.0086828167
Exchange,JPY,29/06/2006,USD,0.0087382034
Exchange,JPY,01/07/2006,USD,0.0087431694
Exchange,JPY,02/07/2006,USD,0.0087196122
Exchange,JPY,03/07/2006,USD,0.0087102703
Exchange,JPY,04/07/2006,USD,0.0086408019
Exchange,JPY,05/07/2006,USD,0.0086868897
Exchange,JPY,06/07/2006,USD,0.0087703912
Exchange,JPY,07/07/2006,USD,0.0087696220
Exchange,JPY,08/07/2006,USD,0.0087719298
Exchange,JPY,09/07/2006,USD,0.0087464577
Exchange,JPY,10/07/2006,USD,0.0087529651
Exchange,JPY,11/07/2006,USD,0.0086571092
Exchange,JPY,12/07/2006,USD,0.0086666378
Exchange,JPY,13/07/2006,USD,0.0086125226
Exchange,JPY,15/07/2006,USD,0.0086080744
Exchange,JPY,16/07/2006,USD,0.0085291484
Exchange,JPY,17/07/2006,USD,0.0085229694
Exchange,JPY,18/07/2006,USD,0.0085557837
Exchange,JPY,19/07/2006,USD,0.0085435035
Exchange,JPY,20/07/2006,USD,0.0086083708
Exchange,JPY,22/07/2006,USD,0.0086109652
Exchange,JPY,23/07/2006,USD,0.0085700818
Exchange,JPY,24/07/2006,USD,0.0085302397
Exchange,JPY,25/07/2006,USD,0.0086003010
Exchange,JPY,26/07/2006,USD,0.0086378164
Exchange,JPY,27/07/2006,USD,0.0087223502
Exchange,JPY,28/07/2006,USD,0.0087202965
Exchange,JPY,29/07/2006,USD,0.0087210570
Exchange,JPY,30/07/2006,USD,0.0087209809
Exchange,JPY,31/07/2006,USD,0.0087285931
Exchange,JPY,01/08/2006,USD,0.0087211330
Exchange,JPY,02/08/2006,USD,0.0086938378
Exchange,JPY,03/08/2006,USD,0.0087378980
Exchange,JPY,05/08/2006,USD,0.0087546509
Exchange,JPY,06/08/2006,USD,0.0086847773
Exchange,JPY,07/08/2006,USD,0.0086722747
Exchange,JPY,08/08/2006,USD,0.0086711468
Exchange,JPY,09/08/2006,USD,0.0086756604
Exchange,JPY,10/08/2006,USD,0.0085980826
Exchange,JPY,11/08/2006,USD,0.0085975652
Exchange,JPY,12/08/2006,USD,0.0085977130
Exchange,JPY,13/08/2006,USD,0.0085671450
Exchange,JPY,14/08/2006,USD,0.0086121517
Exchange,JPY,15/08/2006,USD,0.0086307340
Exchange,JPY,16/08/2006,USD,0.0086214329
Exchange,JPY,17/08/2006,USD,0.0086348329
Exchange,JPY,18/08/2006,USD,0.0086363244
Exchange,JPY,19/08/2006,USD,0.0086359515
Exchange,JPY,20/08/2006,USD,0.0086320006
Exchange,JPY,21/08/2006,USD,0.0085811130
Exchange,JPY,22/08/2006,USD,0.0085895894
Exchange,JPY,23/08/2006,USD,0.0085809657
Exchange,JPY,24/08/2006,USD,0.0085259487
Exchange,JPY,26/08/2006,USD,0.0085306035
Exchange,JPY,27/08/2006,USD,0.0085306763
Exchange,JPY,28/08/2006,USD,0.0085708164
Exchange,JPY,29/08/2006,USD,0.0085346807
Exchange,JPY,30/08/2006,USD,0.0085186132
Exchange,JPY,31/08/2006,USD,0.0085404390
Exchange,JPY,02/09/2006,USD,0.0085402202
Exchange,JPY,03/09/2006,USD,0.0086151195
Exchange,JPY,04/09/2006,USD,0.0086141548
Exchange,JPY,05/09/2006,USD,0.0085726532
Exchange,JPY,06/09/2006,USD,0.0085893681
Exchange,JPY,07/09/2006,USD,0.0085513939
Exchange,JPY,08/09/2006,USD,0.0085513939
Exchange,JPY,09/09/2006,USD,0.0085579803
Exchange,JPY,10/09/2006,USD,0.0084978373
Exchange,JPY,11/09/2006,USD,0.0084781687
Exchange,JPY,12/09/2006,USD,0.0084972596
Exchange,JPY,13/09/2006,USD,0.0085036183
Exchange,JPY,14/09/2006,USD,0.0085062947
Exchange,JPY,16/09/2006,USD,0.0085284210
Exchange,JPY,17/09/2006,USD,0.0084782406
Exchange,JPY,18/09/2006,USD,0.0084908384
Exchange,JPY,19/09/2006,USD,0.0085142614
Exchange,JPY,20/09/2006,USD,0.0085925417
Exchange,JPY,21/09/2006,USD,0.0085796405
Exchange,JPY,23/09/2006,USD,0.0085825859
Exchange,JPY,24/09/2006,USD,0.0085761822
Exchange,JPY,25/09/2006,USD,0.0085391992
Exchange,JPY,26/09/2006,USD,0.0085113627
Exchange,JPY,27/09/2006,USD,0.0084877395
Exchange,JPY,28/09/2006,USD,0.0084620267
Exchange,JPY,30/09/2006,USD,0.0084634590
Exchange,JPY,01/10/2006,USD,0.0085000765
Exchange,JPY,02/10/2006,USD,0.0084810449
Exchange,JPY,03/10/2006,USD,0.0084815484
Exchange,JPY,04/10/2006,USD,0.0084963211
Exchange,JPY,05/10/2006,USD,0.0084020904
Exchange,JPY,07/10/2006,USD,0.0084072470
Exchange,JPY,08/10/2006,USD,0.0083957417
Exchange,JPY,09/10/2006,USD,0.0083533814
Exchange,JPY,10/10/2006,USD,0.0083491271
Exchange,JPY,11/10/2006,USD,0.0083776651
Exchange,JPY,12/10/2006,USD,0.0083591072
Exchange,JPY,13/10/2006,USD,0.0083600157
Exchange,JPY,14/10/2006,USD,0.0083559641
Exchange,JPY,15/10/2006,USD,0.0084012434
Exchange,JPY,16/10/2006,USD,0.0084206981
Exchange,JPY,17/10/2006,USD,0.0084092973
Exchange,JPY,18/10/2006,USD,0.0084627428
Exchange,JPY,19/10/2006,USD,0.0084217618
Exchange,JPY,20/10/2006,USD,0.0084224712
Exchange,JPY,21/10/2006,USD,0.0084196346
Exchange,JPY,22/10/2006,USD,0.0083798415
Exchange,JPY,23/10/2006,USD,0.0083782969
Exchange,JPY,24/10/2006,USD,0.0083948959
Exchange,JPY,25/10/2006,USD,0.0084466593
Exchange,JPY,26/10/2006,USD,0.0085029675
Exchange,JPY,28/10/2006,USD,0.0085128118
Exchange,JPY,29/10/2006,USD,0.0085115800
Exchange,JPY,30/10/2006,USD,0.0085486160
Exchange,JPY,31/10/2006,USD,0.0085440875
Exchange,JPY,01/11/2006,USD,0.0085373766
Exchange,JPY,02/11/2006,USD,0.0084738581
Exchange,JPY,04/11/2006,USD,0.0084688347
Exchange,JPY,05/11/2006,USD,0.0084521566
Exchange,JPY,06/11/2006,USD,0.0084970430
Exchange,JPY,07/11/2006,USD,0.0084862269
Exchange,JPY,08/11/2006,USD,0.0084797504
Exchange,JPY,09/11/2006,USD,0.0085012327
Exchange,JPY,11/11/2006,USD,0.0085081040
Exchange,JPY,12/11/2006,USD,0.0084626712
Exchange,JPY,13/11/2006,USD,0.0085012327
Exchange,JPY,14/11/2006,USD,0.0084724223
Exchange,JPY,15/11/2006,USD,0.0084588056
Exchange,JPY,16/11/2006,USD,0.0084922084
Exchange,JPY,18/11/2006,USD,0.0084842829
Exchange,JPY,19/11/2006,USD,0.0084712021
Exchange,JPY,20/11/2006,USD,0.0084814765
Exchange,JPY,21/11/2006,USD,0.0085652371
Exchange,JPY,22/11/2006,USD,0.0085987480
Exchange,JPY,23/11/2006,USD,0.0086292445
Exchange,JPY,24/11/2006,USD,0.0086288722
Exchange,JPY,25/11/2006,USD,0.0086542622
Exchange,JPY,26/11/2006,USD,0.0086151195
Exchange,JPY,27/11/2006,USD,0.0086090378
Exchange,JPY,28/11/2006,USD,0.0085903273
Exchange,JPY,29/11/2006,USD,0.0086352057
Exchange,JPY,30/11/2006,USD,0.0086625087
Exchange,JPY,02/12/2006,USD,0.0086628839
Exchange,JPY,03/12/2006,USD,0.0086745316
Exchange,JPY,04/12/2006,USD,0.0087032959
Exchange,JPY,05/12/2006,USD,0.0086764132
Exchange,JPY,06/12/2006,USD,0.0086764132
Exchange,JPY,07/12/2006,USD,0.0085962348
Exchange,JPY,09/12/2006,USD,0.0085903273
Exchange,JPY,10/12/2006,USD,0.0085477391
Exchange,JPY,11/12/2006,USD,0.0085629635
Exchange,JPY,12/12/2006,USD,0.0085045584
Exchange,JPY,13/12/2006,USD,0.0084862989
Exchange,JPY,14/12/2006,USD,0.0084620267
Exchange,JPY,15/12/2006,USD,0.0084620267
Exchange,JPY,16/12/2006,USD,0.0084778093
Exchange,JPY,17/12/2006,USD,0.0084638172
Exchange,JPY,18/12/2006,USD,0.0084659668
Exchange,JPY,19/12/2006,USD,0.0084408843
Exchange,JPY,20/12/2006,USD,0.0084502282
Exchange,JPY,21/12/2006,USD,0.0084131177
Exchange,JPY,23/12/2006,USD,0.0084116316
Exchange,JPY,24/12/2006,USD,0.0084171542
Exchange,JPY,25/12/2006,USD,0.0083937685
Exchange,JPY,26/12/2006,USD,0.0084126223
Exchange,JPY,27/12/2006,USD,0.0084088023
Exchange,JPY,28/12/2006,USD,0.0083987032
Exchange,JPY,31/12/2006,USD,0.0084005376
Exchange,JPY,01/01/2007,USD,0.0084144628
Exchange,JPY,02/01/2007,USD,0.0083764722
Exchange,JPY,03/01/2007,USD,0.0083994792
Exchange,JPY,04/01/2007,USD,0.0084295709
Exchange,JPY,06/01/2007,USD,0.0084292157
Exchange,JPY,07/01/2007,USD,0.0084182879
Exchange,JPY,08/01/2007,USD,0.0083768230
Exchange,JPY,09/01/2007,USD,0.0083598061
Exchange,JPY,10/01/2007,USD,0.0082990995
Exchange,JPY,11/01/2007,USD,0.0083108248
Exchange,JPY,13/01/2007,USD,0.0083057858
Exchange,JPY,14/01/2007,USD,0.0083030962
Exchange,JPY,15/01/2007,USD,0.0082882315
Exchange,JPY,16/01/2007,USD,0.0082876133
Exchange,JPY,17/01/2007,USD,0.0082496680
Exchange,JPY,18/01/2007,USD,0.0082508251
Exchange,JPY,19/01/2007,USD,0.0082484431
Exchange,JPY,20/01/2007,USD,0.0082477628
Exchange,JPY,21/01/2007,USD,0.0082197636
Exchange,JPY,22/01/2007,USD,0.0082209124
Exchange,JPY,23/01/2007,USD,0.0082517102
Exchange,JPY,24/01/2007,USD,0.0082476267
Exchange,JPY,25/01/2007,USD,0.0082257136
Exchange,JPY,27/01/2007,USD,0.0082328243
Exchange,JPY,28/01/2007,USD,0.0082132151
Exchange,JPY,29/01/2007,USD,0.0082214531
Exchange,JPY,30/01/2007,USD,0.0082846610
Exchange,JPY,31/01/2007,USD,0.0082775975
Exchange,JPY,01/02/2007,USD,0.0082549117
Exchange,JPY,03/02/2007,USD,0.0082586613
Exchange,JPY,04/02/2007,USD,0.0083094437
Exchange,JPY,05/02/2007,USD,0.0083262560
Exchange,JPY,06/02/2007,USD,0.0082867205
Exchange,JPY,07/02/2007,USD,0.0082617317
Exchange,JPY,08/02/2007,USD,0.0082159142
Exchange,JPY,09/02/2007,USD,0.0082124731
Exchange,JPY,10/02/2007,USD,0.0082098436
Exchange,JPY,11/02/2007,USD,0.0082010907
Exchange,JPY,12/02/2007,USD,0.0082532084
Exchange,JPY,13/02/2007,USD,0.0082786940
Exchange,JPY,14/02/2007,USD,0.0083837757
Exchange,JPY,15/02/2007,USD,0.0083731056
Exchange,JPY,17/02/2007,USD,0.0083759109
Exchange,JPY,18/02/2007,USD,0.0083638614
Exchange,JPY,19/02/2007,USD,0.0083313893
Exchange,JPY,20/02/2007,USD,0.0082686313
Exchange,JPY,21/02/2007,USD,0.0082251047
Exchange,JPY,22/02/2007,USD,0.0082590023
Exchange,JPY,23/02/2007,USD,0.0082590023
Exchange,JPY,24/02/2007,USD,0.0082620730
Exchange,JPY,25/02/2007,USD,0.0082886437
Exchange,JPY,26/02/2007,USD,0.0084791033
Exchange,JPY,27/02/2007,USD,0.0084343345
Exchange,JPY,28/02/2007,USD,0.0085027506
Exchange,JPY,01/03/2007,USD,0.0085631101
Exchange,JPY,03/03/2007,USD,0.0085649437
Exchange,JPY,04/03/2007,USD,0.0086558353
Exchange,JPY,05/03/2007,USD,0.0085775799
Exchange,JPY,06/03/2007,USD,0.0086169754
Exchange,JPY,07/03/2007,USD,0.0085340980
Exchange,JPY,08/03/2007,USD,0.0084505852
Exchange,JPY,09/03/2007,USD,0.0084498711
Exchange,JPY,10/03/2007,USD,0.0084530854
Exchange,JPY,11/03/2007,USD,0.0084938674
Exchange,JPY,12/03/2007,USD,0.0085991917
Exchange,JPY,13/03/2007,USD,0.0085413143
Exchange,JPY,14/03/2007,USD,0.0085055711
Exchange,JPY,15/03/2007,USD,0.0085683929
Exchange,JPY,17/03/2007,USD,0.0085892205
Exchange,JPY,18/03/2007,USD,0.0085083211
Exchange,JPY,19/03/2007,USD,0.0085257307
Exchange,JPY,20/03/2007,USD,0.0085081040
Exchange,JPY,21/03/2007,USD,0.0084661102
Exchange,JPY,22/03/2007,USD,0.0084659668
Exchange,JPY,24/03/2007,USD,0.0084691933
Exchange,JPY,25/03/2007,USD,0.0084652501
Exchange,JPY,26/03/2007,USD,0.0084875233
Exchange,JPY,27/03/2007,USD,0.0085579803
Exchange,JPY,28/03/2007,USD,0.0084703411
Exchange,JPY,29/03/2007,USD,0.0084871632
Exchange,JPY,31/03/2007,USD,0.0085081040
Exchange,JPY,01/04/2007,USD,0.0084852187
Exchange,JPY,02/04/2007,USD,0.0084065403
Exchange,JPY,03/04/2007,USD,0.0084228968
Exchange,JPY,04/04/2007,USD,0.0084214072
Exchange,JPY,05/04/2007,USD,0.0083857442
Exchange,JPY,06/04/2007,USD,0.0083850411
Exchange,JPY,07/04/2007,USD,0.0083846896
Exchange,JPY,08/04/2007,USD,0.0083805437
Exchange,JPY,09/04/2007,USD,0.0083991265
Exchange,JPY,10/04/2007,USD,0.0083762617
Exchange,JPY,11/04/2007,USD,0.0083927822
Exchange,JPY,12/04/2007,USD,0.0083851817
Exchange,JPY,14/04/2007,USD,0.0083778055
Exchange,JPY,15/04/2007,USD,0.0083517768
Exchange,JPY,16/04/2007,USD,0.0084093680
Exchange,JPY,17/04/2007,USD,0.0084256646
Exchange,JPY,18/04/2007,USD,0.0084410268
Exchange,JPY,19/04/2007,USD,0.0084265166
Exchange,JPY,21/04/2007,USD,0.0084210526
Exchange,JPY,22/04/2007,USD,0.0084274397
Exchange,JPY,23/04/2007,USD,0.0084317032
Exchange,JPY,24/04/2007,USD,0.0084214072
Exchange,JPY,25/04/2007,USD,0.0083633018
Exchange,JPY,26/04/2007,USD,0.0083594566
Exchange,JPY,27/04/2007,USD,0.0083591072
Exchange,JPY,28/04/2007,USD,0.0083803330
Exchange,JPY,29/04/2007,USD,0.0083664505
Exchange,JPY,30/04/2007,USD,0.0083429277
Exchange,JPY,01/05/2007,USD,0.0083226526
Exchange,JPY,02/05/2007,USD,0.0083022690
Exchange,JPY,03/05/2007,USD,0.0083200213
Exchange,JPY,05/05/2007,USD,0.0083281283
Exchange,JPY,06/05/2007,USD,0.0083266027
Exchange,JPY,07/05/2007,USD,0.0083309035
Exchange,JPY,08/05/2007,USD,0.0083272267
Exchange,JPY,09/05/2007,USD,0.0083402836
Exchange,JPY,10/05/2007,USD,0.0083194676
Exchange,JPY,11/05/2007,USD,0.0083198136
Exchange,JPY,12/05/2007,USD,0.0083153168
Exchange,JPY,13/05/2007,USD,0.0083087533
Exchange,JPY,14/05/2007,USD,0.0083144180
Exchange,JPY,15/05/2007,USD,0.0082766384
Exchange,JPY,16/05/2007,USD,0.0082440231
Exchange,JPY,17/05/2007,USD,0.0082559340
Exchange,JPY,19/05/2007,USD,0.0082566156
Exchange,JPY,20/05/2007,USD,0.0082328243
Exchange,JPY,21/05/2007,USD,0.0082257136
Exchange,JPY,22/05/2007,USD,0.0082189529
Exchange,JPY,23/05/2007,USD,0.0082372323
Exchange,JPY,24/05/2007,USD,0.0082108547
Exchange,JPY,26/05/2007,USD,0.0082159142
Exchange,JPY,27/05/2007,USD,0.0082160492
Exchange,JPY,28/05/2007,USD,0.0082192907
Exchange,JPY,29/05/2007,USD,0.0082201014
Exchange,JPY,30/05/2007,USD,0.0082146319
Exchange,JPY,31/05/2007,USD,0.0081896058
Exchange,JPY,02/06/2007,USD,0.0081914170
Exchange,JPY,03/06/2007,USD,0.0082122033
Exchange,JPY,04/06/2007,USD,0.0082379109
Exchange,JPY,05/06/2007,USD,0.0082581839
Exchange,JPY,06/06/2007,USD,0.0082658974
Exchange,JPY,07/06/2007,USD,0.0082152393
Exchange,JPY,09/06/2007,USD,0.0082152393
Exchange,JPY,10/06/2007,USD,0.0082153743
Exchange,JPY,11/06/2007,USD,0.0082172645
Exchange,JPY,12/06/2007,USD,0.0081486310
Exchange,JPY,13/06/2007,USD,0.0081347108
Exchange,JPY,14/06/2007,USD,0.0081007736
Exchange,JPY,16/06/2007,USD,0.0080994614
Exchange,JPY,17/06/2007,USD,0.0080857085
Exchange,JPY,18/06/2007,USD,0.0081062897
Exchange,JPY,19/06/2007,USD,0.0080927101
Exchange,JPY,20/06/2007,USD,0.0080821796
Exchange,JPY,21/06/2007,USD,0.0080721326
Exchange,JPY,23/06/2007,USD,0.0080785232
Exchange,JPY,24/06/2007,USD,0.0080865585
Exchange,JPY,25/06/2007,USD,0.0081129320
Exchange,JPY,26/06/2007,USD,0.0081414661
Exchange,JPY,27/06/2007,USD,0.0081184646
Exchange,JPY,28/06/2007,USD,0.0081185305
Exchange,JPY,29/06/2007,USD,0.0081188601
Exchange,JPY,30/06/2007,USD,0.0081222232
Exchange,JPY,01/07/2007,USD,0.0081685999
Exchange,JPY,02/07/2007,USD,0.0081655983
Exchange,JPY,03/07/2007,USD,0.0081488302
Exchange,JPY,04/07/2007,USD,0.0081341153
Exchange,JPY,05/07/2007,USD,0.0081073412
Exchange,JPY,07/07/2007,USD,0.0081043845
Exchange,JPY,08/07/2007,USD,0.0081030711
Exchange,JPY,09/07/2007,USD,0.0082139572
Exchange,JPY,10/07/2007,USD,0.0081647316
Exchange,JPY,11/07/2007,USD,0.0081685999
Exchange,JPY,12/07/2007,USD,0.0082010235
Exchange,JPY,14/07/2007,USD,0.0082004182
Exchange,JPY,15/07/2007,USD,0.0082035800
Exchange,JPY,16/07/2007,USD,0.0081734738
Exchange,JPY,17/07/2007,USD,0.0082003510
Exchange,JPY,18/07/2007,USD,0.0081958480
Exchange,JPY,19/07/2007,USD,0.0082458585
Exchange,JPY,21/07/2007,USD,0.0082270671
Exchange,JPY,22/07/2007,USD,0.0082571610
Exchange,JPY,23/07/2007,USD,0.0083155243
Exchange,JPY,24/07/2007,USD,0.0082987552
Exchange,JPY,25/07/2007,USD,0.0084258776
Exchange,JPY,26/07/2007,USD,0.0084306369
Exchange,JPY,28/07/2007,USD,0.0084398869
Exchange,JPY,29/07/2007,USD,0.0083999731
Exchange,JPY,30/07/2007,USD,0.0084302816
Exchange,JPY,31/07/2007,USD,0.0084068937
Exchange,JPY,01/08/2007,USD,0.0083888395
Exchange,JPY,02/08/2007,USD,0.0084705563
Exchange,JPY,03/08/2007,USD,0.0084705563
Exchange,JPY,04/08/2007,USD,0.0085065841
Exchange,JPY,05/08/2007,USD,0.0084117024
Exchange,JPY,06/08/2007,USD,0.0084151709
Exchange,JPY,07/08/2007,USD,0.0083526837
Exchange,JPY,08/08/2007,USD,0.0084625279
Exchange,JPY,09/08/2007,USD,0.0084463026
Exchange,JPY,10/08/2007,USD,0.0084463026
Exchange,JPY,11/08/2007,USD,0.0084652501
Exchange,JPY,12/08/2007,USD,0.0084572318
Exchange,JPY,13/08/2007,USD,0.0085050648
Exchange,JPY,14/08/2007,USD,0.0085760351
Exchange,JPY,15/08/2007,USD,0.0087811732
Exchange,JPY,16/08/2007,USD,0.0087489064
Exchange,JPY,17/08/2007,USD,0.0087454633
Exchange,JPY,18/08/2007,USD,0.0087581012
Exchange,JPY,19/08/2007,USD,0.0087035989
Exchange,JPY,20/08/2007,USD,0.0087393489
Exchange,JPY,21/08/2007,USD,0.0086696432
Exchange,JPY,22/08/2007,USD,0.0086063704
Exchange,JPY,23/08/2007,USD,0.0085884828
Exchange,JPY,24/08/2007,USD,0.0085884828
Exchange,JPY,25/08/2007,USD,0.0085918034
Exchange,JPY,26/08/2007,USD,0.0086307340
Exchange,JPY,27/08/2007,USD,0.0087518160
Exchange,JPY,28/08/2007,USD,0.0086085931
Exchange,JPY,29/08/2007,USD,0.0086313300
Exchange,JPY,30/08/2007,USD,0.0086375925
Exchange,JPY,01/09/2007,USD,0.0086420713
Exchange,JPY,02/09/2007,USD,0.0086235146
Exchange,JPY,03/09/2007,USD,0.0085961610
Exchange,JPY,04/09/2007,USD,0.0086737792
Exchange,JPY,05/09/2007,USD,0.0086673138
Exchange,JPY,06/09/2007,USD,0.0088198977
Exchange,JPY,08/09/2007,USD,0.0088444700
Exchange,JPY,09/09/2007,USD,0.0087938373
Exchange,JPY,10/09/2007,USD,0.0087514330
Exchange,JPY,11/09/2007,USD,0.0087523522
Exchange,JPY,12/09/2007,USD,0.0086892297
Exchange,JPY,13/09/2007,USD,0.0086682905
Exchange,JPY,15/09/2007,USD,0.0086771660
Exchange,JPY,16/09/2007,USD,0.0086868143
Exchange,JPY,17/09/2007,USD,0.0086141548
Exchange,JPY,18/09/2007,USD,0.0086137838
Exchange,JPY,19/09/2007,USD,0.0087155084
Exchange,JPY,20/09/2007,USD,0.0086577838
Exchange,JPY,21/09/2007,USD,0.0086575589
Exchange,JPY,22/09/2007,USD,0.0086651358
Exchange,JPY,23/09/2007,USD,0.0087051143
Exchange,JPY,24/09/2007,USD,0.0087128506
Exchange,JPY,25/09/2007,USD,0.0086546367
Exchange,JPY,26/09/2007,USD,0.0086476016
Exchange,JPY,27/09/2007,USD,0.0087101185
Exchange,JPY,28/09/2007,USD,0.0087059479
Exchange,JPY,29/09/2007,USD,0.0087130783
Exchange,JPY,30/09/2007,USD,0.0086400553
Exchange,JPY,01/10/2007,USD,0.0086402046
Exchange,JPY,02/10/2007,USD,0.0085658974
Exchange,JPY,03/10/2007,USD,0.0085866392
Exchange,JPY,04/10/2007,USD,0.0085478853
Exchange,JPY,05/10/2007,USD,0.0085480314
Exchange,JPY,06/10/2007,USD,0.0085481045
Exchange,JPY,07/10/2007,USD,0.0085173797
Exchange,JPY,08/10/2007,USD,0.0085374495
Exchange,JPY,09/10/2007,USD,0.0085284210
Exchange,JPY,10/10/2007,USD,0.0085260941
Exchange,JPY,11/10/2007,USD,0.0085027506
Exchange,JPY,12/10/2007,USD,0.0085027506
Exchange,JPY,13/10/2007,USD,0.0085073802
Exchange,JPY,14/10/2007,USD,0.0085185406
Exchange,JPY,15/10/2007,USD,0.0085524909
Exchange,JPY,16/10/2007,USD,0.0085704491
Exchange,JPY,17/10/2007,USD,0.0086482747
Exchange,JPY,18/10/2007,USD,0.0087326330
Exchange,JPY,20/10/2007,USD,0.0087627059
Exchange,JPY,21/10/2007,USD,0.0087298123
Exchange,JPY,22/10/2007,USD,0.0087129265
Exchange,JPY,23/10/2007,USD,0.0087522756
Exchange,JPY,24/10/2007,USD,0.0087581779
Exchange,JPY,25/10/2007,USD,0.0087584848
Exchange,JPY,27/10/2007,USD,0.0087609402
Exchange,JPY,28/10/2007,USD,0.0087215894
Exchange,JPY,29/10/2007,USD,0.0087232632
Exchange,JPY,30/10/2007,USD,0.0086625837
Exchange,JPY,31/10/2007,USD,0.0087211330
Exchange,JPY,01/11/2007,USD,0.0087074640
Exchange,JPY,03/11/2007,USD,0.0087131542
Exchange,JPY,04/11/2007,USD,0.0087298123
Exchange,JPY,05/11/2007,USD,0.0087165719
Exchange,JPY,06/11/2007,USD,0.0088791810
Exchange,JPY,07/11/2007,USD,0.0088811524
Exchange,JPY,08/11/2007,USD,0.0090345663
Exchange,JPY,10/11/2007,USD,0.0090723520
Exchange,JPY,11/11/2007,USD,0.0091397653
Exchange,JPY,12/11/2007,USD,0.0090172952
Exchange,JPY,13/11/2007,USD,0.0089827083
Exchange,JPY,14/11/2007,USD,0.0090661831
Exchange,JPY,15/11/2007,USD,0.0090013052
Exchange,JPY,16/11/2007,USD,0.0090013052
Exchange,JPY,17/11/2007,USD,0.0090193284
Exchange,JPY,18/11/2007,USD,0.0091103722
Exchange,JPY,19/11/2007,USD,0.0090933891
Exchange,JPY,20/11/2007,USD,0.0092225399
Exchange,JPY,21/11/2007,USD,0.0092211792
Exchange,JPY,22/11/2007,USD,0.0092348894
Exchange,JPY,24/11/2007,USD,0.0092246668
Exchange,JPY,25/11/2007,USD,0.0093094267
Exchange,JPY,26/11/2007,USD,0.0091767534
Exchange,JPY,27/11/2007,USD,0.0090888434
Exchange,JPY,28/11/2007,USD,0.0090960359
Exchange,JPY,29/11/2007,USD,0.0089883601
Exchange,JPY,30/11/2007,USD,0.0089883601
Exchange,JPY,01/12/2007,USD,0.0090053582
Exchange,JPY,02/12/2007,USD,0.0090524772
Exchange,JPY,03/12/2007,USD,0.0091020798
Exchange,JPY,04/12/2007,USD,0.0090177017
Exchange,JPY,05/12/2007,USD,0.0089832731
Exchange,JPY,06/12/2007,USD,0.0089541547
Exchange,JPY,08/12/2007,USD,0.0089740023
Exchange,JPY,09/12/2007,USD,0.0089526316
Exchange,JPY,10/12/2007,USD,0.0090366890
Exchange,JPY,11/12/2007,USD,0.0089096384
Exchange,JPY,12/12/2007,USD,0.0089107499
Exchange,JPY,13/12/2007,USD,0.0088283071
Exchange,JPY,15/12/2007,USD,0.0088117372
Exchange,JPY,16/12/2007,USD,0.0088542589
Exchange,JPY,17/12/2007,USD,0.0088183422
Exchange,JPY,18/12/2007,USD,0.0088158544
Exchange,JPY,19/12/2007,USD,0.0088390758
Exchange,JPY,20/12/2007,USD,0.0087690068
Exchange,JPY,22/12/2007,USD,0.0087619381
Exchange,JPY,23/12/2007,USD,0.0087496719
Exchange,JPY,24/12/2007,USD,0.0087581012
Exchange,JPY,25/12/2007,USD,0.0087455398
Exchange,JPY,26/12/2007,USD,0.0087927548
Exchange,JPY,27/12/2007,USD,0.0089055918
Exchange,JPY,29/12/2007,USD,0.0088854137
Exchange,JPY,30/12/2007,USD,0.0089515097
Exchange,JPY,31/12/2007,USD,0.0089557586
Exchange,JPY,01/01/2008,USD,0.0091195112
Exchange,JPY,02/01/2008,USD,0.0091468713
Exchange,JPY,03/01/2008,USD,0.0092073401
Exchange,JPY,05/01/2008,USD,0.0092155706
Exchange,JPY,06/01/2008,USD,0.0091591867
Exchange,JPY,07/01/2008,USD,0.0091831581
Exchange,JPY,08/01/2008,USD,0.0090876045
Exchange,JPY,09/01/2008,USD,0.0091457001
Exchange,JPY,10/01/2008,USD,0.0091867013
Exchange,JPY,12/01/2008,USD,0.0092055602
Exchange,JPY,13/01/2008,USD,0.0092454767
Exchange,JPY,14/01/2008,USD,0.0093649619
Exchange,JPY,15/01/2008,USD,0.0092899678
Exchange,JPY,16/01/2008,USD,0.0093851771
Exchange,JPY,17/01/2008,USD,0.0093570754
Exchange,JPY,19/01/2008,USD,0.0093707539
Exchange,JPY,20/01/2008,USD,0.0094359207
Exchange,JPY,21/01/2008,USD,0.0093958470
Exchange,JPY,22/01/2008,USD,0.0093710173
Exchange,JPY,23/01/2008,USD,0.0093305342
Exchange,JPY,24/01/2008,USD,0.0093705783
Exchange,JPY,26/01/2008,USD,0.0093657513
Exchange,JPY,27/01/2008,USD,0.0093552371
Exchange,JPY,28/01/2008,USD,0.0093360221
Exchange,JPY,29/01/2008,USD,0.0094110561
Exchange,JPY,30/01/2008,USD,0.0093962885
Exchange,JPY,31/01/2008,USD,0.0093909940
Exchange,JPY,01/02/2008,USD,0.0093848247
Exchange,JPY,02/02/2008,USD,0.0093865866
Exchange,JPY,03/02/2008,USD,0.0093707539
Exchange,JPY,04/02/2008,USD,0.0093617181
Exchange,JPY,05/02/2008,USD,0.0093864985
Exchange,JPY,06/02/2008,USD,0.0093036238
Exchange,JPY,07/02/2008,USD,0.0093170595
Exchange,JPY,09/02/2008,USD,0.0093166255
Exchange,JPY,10/02/2008,USD,0.0093490272
Exchange,JPY,11/02/2008,USD,0.0093191434
Exchange,JPY,12/02/2008,USD,0.0092312237
Exchange,JPY,13/02/2008,USD,0.0092706759
Exchange,JPY,14/02/2008,USD,0.0092747171
Exchange,JPY,16/02/2008,USD,0.0092764378
Exchange,JPY,17/02/2008,USD,0.0092398385
Exchange,JPY,18/02/2008,USD,0.0092788479
Exchange,JPY,19/02/2008,USD,0.0092493248
Exchange,JPY,20/02/2008,USD,0.0093107269
Exchange,JPY,21/02/2008,USD,0.0093303601
Exchange,JPY,22/02/2008,USD,0.0093303601
Exchange,JPY,23/02/2008,USD,0.0093183618
Exchange,JPY,24/02/2008,USD,0.0092536043
Exchange,JPY,25/02/2008,USD,0.0093220102
Exchange,JPY,26/02/2008,USD,0.0093908177
Exchange,JPY,27/02/2008,USD,0.0094904573
Exchange,JPY,28/02/2008,USD,0.0096403197
Exchange,JPY,01/03/2008,USD,0.0096515780
Exchange,JPY,02/03/2008,USD,0.0096623959
Exchange,JPY,03/03/2008,USD,0.0096742674
Exchange,JPY,04/03/2008,USD,0.0096142753
Exchange,JPY,05/03/2008,USD,0.0097395641
Exchange,JPY,06/03/2008,USD,0.0097394692
Exchange,JPY,08/03/2008,USD,0.0097543846
Exchange,JPY,09/03/2008,USD,0.0098271406
Exchange,JPY,10/03/2008,USD,0.0096695901
Exchange,JPY,11/03/2008,USD,0.0098221214
Exchange,JPY,12/03/2008,USD,0.0099356172
Exchange,JPY,13/03/2008,USD,0.0100921412
Exchange,JPY,15/03/2008,USD,0.0100897992
Exchange,JPY,16/03/2008,USD,0.0102743245
Exchange,JPY,17/03/2008,USD,0.0100140196
Exchange,JPY,18/03/2008,USD,0.0100971344
Exchange,JPY,19/03/2008,USD,0.0100484334
Exchange,JPY,20/03/2008,USD,0.0100436901
Exchange,JPY,21/03/2008,USD,0.0100422780
Exchange,JPY,22/03/2008,USD,0.0100588442
Exchange,JPY,23/03/2008,USD,0.0099265436
Exchange,JPY,24/03/2008,USD,0.0100026007
Exchange,JPY,25/03/2008,USD,0.0100799339
Exchange,JPY,26/03/2008,USD,0.0100331093
Exchange,JPY,27/03/2008,USD,0.0100765820
Exchange,JPY,29/03/2008,USD,0.0100865425
Exchange,JPY,30/03/2008,USD,0.0100303921
Exchange,JPY,31/03/2008,USD,0.0098192280
Exchange,JPY,01/04/2008,USD,0.0097694412
Exchange,JPY,02/04/2008,USD,0.0097798555
Exchange,JPY,03/04/2008,USD,0.0098548382
Exchange,JPY,05/04/2008,USD,0.0098497907
Exchange,JPY,06/04/2008,USD,0.0097649575
Exchange,JPY,07/04/2008,USD,0.0097400384
Exchange,JPY,08/04/2008,USD,0.0098222179
Exchange,JPY,09/04/2008,USD,0.0098096920
Exchange,JPY,10/04/2008,USD,0.0098997159
Exchange,JPY,12/04/2008,USD,0.0098595021
Exchange,JPY,13/04/2008,USD,0.0098912947
Exchange,JPY,14/04/2008,USD,0.0098200958
Exchange,JPY,15/04/2008,USD,0.0098204816
Exchange,JPY,16/04/2008,USD,0.0097588586
Exchange,JPY,17/04/2008,USD,0.0096453408
Exchange,JPY,18/04/2008,USD,0.0096448757
Exchange,JPY,19/04/2008,USD,0.0096267701
Exchange,JPY,20/04/2008,USD,0.0096834481
Exchange,JPY,21/04/2008,USD,0.0097061935
Exchange,JPY,22/04/2008,USD,0.0096729573
Exchange,JPY,23/04/2008,USD,0.0095936145
Exchange,JPY,24/04/2008,USD,0.0095760675
Exchange,JPY,26/04/2008,USD,0.0095728590
Exchange,JPY,27/04/2008,USD,0.0095985871
Exchange,JPY,28/04/2008,USD,0.0096139056
Exchange,JPY,29/04/2008,USD,0.0096264921
Exchange,JPY,30/04/2008,USD,0.0095762509
Exchange,JPY,01/05/2008,USD,0.0094882062
Exchange,JPY,03/05/2008,USD,0.0095041676
Exchange,JPY,04/05/2008,USD,0.0095369796
Exchange,JPY,05/05/2008,USD,0.0095447170
Exchange,JPY,06/05/2008,USD,0.0095483625
Exchange,JPY,07/05/2008,USD,0.0096396692
Exchange,JPY,08/05/2008,USD,0.0097220467
Exchange,JPY,10/05/2008,USD,0.0097042155
Exchange,JPY,11/05/2008,USD,0.0096385542
Exchange,JPY,12/05/2008,USD,0.0095467217
Exchange,JPY,13/05/2008,USD,0.0095195484
Exchange,JPY,14/05/2008,USD,0.0095469951
Exchange,JPY,15/05/2008,USD,0.0096103946
Exchange,JPY,17/05/2008,USD,0.0096118726
Exchange,JPY,18/05/2008,USD,0.0095849708
Exchange,JPY,19/05/2008,USD,0.0096456199
Exchange,JPY,20/05/2008,USD,0.0097035564
Exchange,JPY,21/05/2008,USD,0.0096091941
Exchange,JPY,22/05/2008,USD,0.0096723959
Exchange,JPY,24/05/2008,USD,0.0096823230
Exchange,JPY,25/05/2008,USD,0.0096688422
Exchange,JPY,26/05/2008,USD,0.0095923261
Exchange,JPY,27/05/2008,USD,0.0095515545
Exchange,JPY,28/05/2008,USD,0.0094784035
Exchange,JPY,29/05/2008,USD,0.0094771459
Exchange,JPY,31/05/2008,USD,0.0095106757
Exchange,JPY,01/06/2008,USD,0.0095757924
Exchange,JPY,02/06/2008,USD,0.0095161966
Exchange,JPY,03/06/2008,USD,0.0095028128
Exchange,JPY,04/06/2008,USD,0.0094390380
Exchange,JPY,05/06/2008,USD,0.0095300721
Exchange,JPY,06/06/2008,USD,0.0095309805
Exchange,JPY,07/06/2008,USD,0.0095538359
Exchange,JPY,08/06/2008,USD,0.0094069837
Exchange,JPY,09/06/2008,USD,0.0093068275
Exchange,JPY,10/06/2008,USD,0.0093479785
Exchange,JPY,11/06/2008,USD,0.0092622609
Exchange,JPY,12/06/2008,USD,0.0092428276
Exchange,JPY,13/06/2008,USD,0.0092415463
Exchange,JPY,14/06/2008,USD,0.0092566880
Exchange,JPY,15/06/2008,USD,0.0092403508
Exchange,JPY,16/06/2008,USD,0.0092651787
Exchange,JPY,17/06/2008,USD,0.0092690432
Exchange,JPY,18/06/2008,USD,0.0092585734
Exchange,JPY,19/06/2008,USD,0.0093162783
Exchange,JPY,20/06/2008,USD,0.0093167123
Exchange,JPY,21/06/2008,USD,0.0093366323
Exchange,JPY,22/06/2008,USD,0.0092717934
Exchange,JPY,23/06/2008,USD,0.0092749752
Exchange,JPY,24/06/2008,USD,0.0092772985
Exchange,JPY,25/06/2008,USD,0.0093620686
Exchange,JPY,26/06/2008,USD,0.0094212525
Exchange,JPY,27/06/2008,USD,0.0094234720
Exchange,JPY,28/06/2008,USD,0.0094163732
Exchange,JPY,29/06/2008,USD,0.0094150434
Exchange,JPY,30/06/2008,USD,0.0094224065
Exchange,JPY,01/07/2008,USD,0.0094432273
Exchange,JPY,02/07/2008,USD,0.0093696125
Exchange,JPY,03/07/2008,USD,0.0093628575
Exchange,JPY,05/07/2008,USD,0.0093672428
Exchange,JPY,06/07/2008,USD,0.0093300118
Exchange,JPY,07/07/2008,USD,0.0093019795
Exchange,JPY,08/07/2008,USD,0.0093666286
Exchange,JPY,09/07/2008,USD,0.0093393354
Exchange,JPY,10/07/2008,USD,0.0094095507
Exchange,JPY,12/07/2008,USD,0.0094312041
Exchange,JPY,13/07/2008,USD,0.0094211637
Exchange,JPY,14/07/2008,USD,0.0095483625
Exchange,JPY,15/07/2008,USD,0.0095123947
Exchange,JPY,16/07/2008,USD,0.0094086654
Exchange,JPY,17/07/2008,USD,0.0093492020
Exchange,JPY,18/07/2008,USD,0.0093518250
Exchange,JPY,19/07/2008,USD,0.0093542744
Exchange,JPY,20/07/2008,USD,0.0093931993
Exchange,JPY,21/07/2008,USD,0.0093179277
Exchange,JPY,22/07/2008,USD,0.0092683560
Exchange,JPY,23/07/2008,USD,0.0093179277
Exchange,JPY,24/07/2008,USD,0.0092731690
Exchange,JPY,26/07/2008,USD,0.0092783314
Exchange,JPY,27/07/2008,USD,0.0093057016
Exchange,JPY,28/07/2008,USD,0.0092498381
Exchange,JPY,29/07/2008,USD,0.0092476141
Exchange,JPY,30/07/2008,USD,0.0092668100
Exchange,JPY,31/07/2008,USD,0.0092863444
Exchange,JPY,01/08/2008,USD,0.0092863444
Exchange,JPY,02/08/2008,USD,0.0092848786
Exchange,JPY,03/08/2008,USD,0.0092359982
Exchange,JPY,04/08/2008,USD,0.0092298604
Exchange,JPY,05/08/2008,USD,0.0091082977
Exchange,JPY,06/08/2008,USD,0.0091375939
Exchange,JPY,07/08/2008,USD,0.0090771284
Exchange,JPY,09/08/2008,USD,0.0090664297
Exchange,JPY,10/08/2008,USD,0.0090860357
Exchange,JPY,11/08/2008,USD,0.0091508053
Exchange,JPY,12/08/2008,USD,0.0091300855
Exchange,JPY,13/08/2008,USD,0.0091135272
Exchange,JPY,14/08/2008,USD,0.0090479723
Exchange,JPY,15/08/2008,USD,0.0090481361
Exchange,JPY,16/08/2008,USD,0.0090460898
Exchange,JPY,17/08/2008,USD,0.0090803429
Exchange,JPY,18/08/2008,USD,0.0091137764
Exchange,JPY,19/08/2008,USD,0.0091026598
Exchange,JPY,20/08/2008,USD,0.0092220296
Exchange,JPY,21/08/2008,USD,0.0090857880
Exchange,JPY,22/08/2008,USD,0.0090855404
Exchange,JPY,23/08/2008,USD,0.0090840548
Exchange,JPY,24/08/2008,USD,0.0091485449
Exchange,JPY,25/08/2008,USD,0.0091239211
Exchange,JPY,26/08/2008,USD,0.0091337547
Exchange,JPY,27/08/2008,USD,0.0091330873
Exchange,JPY,28/08/2008,USD,0.0091901628
Exchange,JPY,30/08/2008,USD,0.0092220296
Exchange,JPY,31/08/2008,USD,0.0092469300
Exchange,JPY,01/09/2008,USD,0.0092075096
Exchange,JPY,02/09/2008,USD,0.0092344630
Exchange,JPY,03/09/2008,USD,0.0093392482
Exchange,JPY,04/09/2008,USD,0.0092814316
Exchange,JPY,05/09/2008,USD,0.0092814316
Exchange,JPY,06/09/2008,USD,0.0091996320
Exchange,JPY,07/09/2008,USD,0.0092354864
Exchange,JPY,08/09/2008,USD,0.0093632082
Exchange,JPY,09/09/2008,USD,0.0092848786
Exchange,JPY,10/09/2008,USD,0.0093307083
Exchange,JPY,11/09/2008,USD,0.0092639770
Exchange,JPY,13/09/2008,USD,0.0094773255
Exchange,JPY,14/09/2008,USD,0.0095531970
Exchange,JPY,15/09/2008,USD,0.0094652153
Exchange,JPY,16/09/2008,USD,0.0095549313
Exchange,JPY,17/09/2008,USD,0.0094828976
Exchange,JPY,18/09/2008,USD,0.0093064810
Exchange,JPY,19/09/2008,USD,0.0093047491
Exchange,JPY,20/09/2008,USD,0.0093597903
Exchange,JPY,21/09/2008,USD,0.0094777746
Exchange,JPY,22/09/2008,USD,0.0094734648
Exchange,JPY,23/09/2008,USD,0.0094239160
Exchange,JPY,24/09/2008,USD,0.0093852651
Exchange,JPY,25/09/2008,USD,0.0094330724
Exchange,JPY,27/09/2008,USD,0.0094270254
Exchange,JPY,28/09/2008,USD,0.0095996928
Exchange,JPY,29/09/2008,USD,0.0094237384
Exchange,JPY,30/09/2008,USD,0.0094593955
Exchange,JPY,01/10/2008,USD,0.0094941516
Exchange,JPY,02/10/2008,USD,0.0094948728
Exchange,JPY,03/10/2008,USD,0.0094948728
Exchange,JPY,04/10/2008,USD,0.0095297089
Exchange,JPY,05/10/2008,USD,0.0098202887
Exchange,JPY,06/10/2008,USD,0.0098541585
Exchange,JPY,07/10/2008,USD,0.0100862373
Exchange,JPY,08/10/2008,USD,0.0100172296
Exchange,JPY,09/10/2008,USD,0.0099334459
Exchange,JPY,10/10/2008,USD,0.0099334459
Exchange,JPY,11/10/2008,USD,0.0099245732
Exchange,JPY,12/10/2008,USD,0.0098027683
Exchange,JPY,13/10/2008,USD,0.0097961423
Exchange,JPY,14/10/2008,USD,0.0100050025
Exchange,JPY,15/10/2008,USD,0.0098449422
Exchange,JPY,16/10/2008,USD,0.0098350659
Exchange,JPY,18/10/2008,USD,0.0098439730
Exchange,JPY,19/10/2008,USD,0.0098149875
Exchange,JPY,20/10/2008,USD,0.0099860196
Exchange,JPY,21/10/2008,USD,0.0102390826
Exchange,JPY,22/10/2008,USD,0.0102709476
Exchange,JPY,23/10/2008,USD,0.0106038916
Exchange,JPY,24/10/2008,USD,0.0106038916
Exchange,JPY,25/10/2008,USD,0.0106799953
Exchange,JPY,26/10/2008,USD,0.0107781850
Exchange,JPY,27/10/2008,USD,0.0102014792
Exchange,JPY,28/10/2008,USD,0.0102681001
Exchange,JPY,29/10/2008,USD,0.0101409593
Exchange,JPY,30/10/2008,USD,0.0101536243
Exchange,JPY,01/11/2008,USD,0.0101373612
Exchange,JPY,02/11/2008,USD,0.0100887813
Exchange,JPY,03/11/2008,USD,0.0100289838
Exchange,JPY,04/11/2008,USD,0.0102092905
Exchange,JPY,05/11/2008,USD,0.0102299697
Exchange,JPY,06/11/2008,USD,0.0101791531
Exchange,JPY,08/11/2008,USD,0.0100674519
Exchange,JPY,09/11/2008,USD,0.0102030405
Exchange,JPY,10/11/2008,USD,0.0102405505
Exchange,JPY,11/11/2008,USD,0.0105241002
Exchange,JPY,12/11/2008,USD,0.0102332150
Exchange,JPY,13/11/2008,USD,0.0103018440
Exchange,JPY,15/11/2008,USD,0.0104239417
Exchange,JPY,16/11/2008,USD,0.0103704318
Exchange,JPY,17/11/2008,USD,0.0103066220
Exchange,JPY,18/11/2008,USD,0.0104453915
Exchange,JPY,19/11/2008,USD,0.0106723586
Exchange,JPY,20/11/2008,USD,0.0104210088
Exchange,JPY,22/11/2008,USD,0.0104332947
Exchange,JPY,23/11/2008,USD,0.0102735856
Exchange,JPY,24/11/2008,USD,0.0104999003
Exchange,JPY,25/11/2008,USD,0.0104523790
Exchange,JPY,26/11/2008,USD,0.0105097215
Exchange,JPY,27/11/2008,USD,0.0104684638
Exchange,JPY,28/11/2008,USD,0.0104684638
Exchange,JPY,29/11/2008,USD,0.0104723008
Exchange,JPY,30/11/2008,USD,0.0107305348
Exchange,JPY,01/12/2008,USD,0.0107316864
Exchange,JPY,02/12/2008,USD,0.0107181136
Exchange,JPY,03/12/2008,USD,0.0108421064
Exchange,JPY,04/12/2008,USD,0.0107720315
Exchange,JPY,05/12/2008,USD,0.0107764427
Exchange,JPY,06/12/2008,USD,0.0107694793
Exchange,JPY,07/12/2008,USD,0.0107747010
Exchange,JPY,08/12/2008,USD,0.0108518719
Exchange,JPY,09/12/2008,USD,0.0107812062
Exchange,JPY,10/12/2008,USD,0.0109331438
Exchange,JPY,11/12/2008,USD,0.0109664755
Exchange,JPY,13/12/2008,USD,0.0109469075
Exchange,JPY,14/12/2008,USD,0.0110320481
Exchange,JPY,15/12/2008,USD,0.0112290158
Exchange,JPY,16/12/2008,USD,0.0114631574
Exchange,JPY,17/12/2008,USD,0.0111806798
Exchange,JPY,18/12/2008,USD,0.0111969544
Exchange,JPY,20/12/2008,USD,0.0112208259
Exchange,JPY,21/12/2008,USD,0.0110820515
Exchange,JPY,22/12/2008,USD,0.0109907019
Exchange,JPY,23/12/2008,USD,0.0110539988
Exchange,JPY,24/12/2008,USD,0.0110680686
Exchange,JPY,25/12/2008,USD,0.0110120031
Exchange,JPY,26/12/2008,USD,0.0110138223
Exchange,JPY,27/12/2008,USD,0.0110224417
Exchange,JPY,28/12/2008,USD,0.0110277900
Exchange,JPY,29/12/2008,USD,0.0110711320
Exchange,JPY,30/12/2008,USD,0.0110360659
Exchange,JPY,31/12/2008,USD,0.0110192837
Exchange,JPY,01/01/2009,USD,0.0108899246
Exchange,JPY,03/01/2009,USD,0.0108772502
Exchange,JPY,04/01/2009,USD,0.0107043460
Exchange,JPY,05/01/2009,USD,0.0106785127
Exchange,JPY,06/01/2009,USD,0.0107933081
Exchange,JPY,07/01/2009,USD,0.0109646718
Exchange,JPY,08/01/2009,USD,0.0110634155
Exchange,JPY,09/01/2009,USD,0.0110621916
Exchange,JPY,10/01/2009,USD,0.0110947156
Exchange,JPY,11/01/2009,USD,0.0112087518
Exchange,JPY,12/01/2009,USD,0.0111883105
Exchange,JPY,13/01/2009,USD,0.0112286375
Exchange,JPY,14/01/2009,USD,0.0111308994
Exchange,JPY,15/01/2009,USD,0.0110204981
Exchange,JPY,17/01/2009,USD,0.0109914267
Exchange,JPY,18/01/2009,USD,0.0110318047
Exchange,JPY,19/01/2009,USD,0.0111405717
Exchange,JPY,20/01/2009,USD,0.0111746826
Exchange,JPY,21/01/2009,USD,0.0112463168
Exchange,JPY,22/01/2009,USD,0.0112640519
Exchange,JPY,24/01/2009,USD,0.0112678596
Exchange,JPY,25/01/2009,USD,0.0112241004
Exchange,JPY,26/01/2009,USD,0.0112420182
Exchange,JPY,27/01/2009,USD,0.0110749330
Exchange,JPY,28/01/2009,USD,0.0111066684
Exchange,JPY,29/01/2009,USD,0.0111195125
Exchange,JPY,31/01/2009,USD,0.0111087659
Exchange,JPY,01/02/2009,USD,0.0111798048
Exchange,JPY,02/02/2009,USD,0.0111804298
Exchange,JPY,03/02/2009,USD,0.0111815549
Exchange,JPY,04/02/2009,USD,0.0109614267
Exchange,JPY,05/02/2009,USD,0.0108823401
Exchange,JPY,07/02/2009,USD,0.0108953825
Exchange,JPY,08/02/2009,USD,0.0109342197
Exchange,JPY,09/02/2009,USD,0.0110527770
Exchange,JPY,10/02/2009,USD,0.0110626812
Exchange,JPY,11/02/2009,USD,0.0109960194
Exchange,JPY,12/02/2009,USD,0.0108863681
Exchange,JPY,14/02/2009,USD,0.0109023909
Exchange,JPY,15/02/2009,USD,0.0109000142
Exchange,JPY,16/02/2009,USD,0.0108213397
Exchange,JPY,17/02/2009,USD,0.0106631407
Exchange,JPY,18/02/2009,USD,0.0106165002
Exchange,JPY,19/02/2009,USD,0.0107132909
Exchange,JPY,21/02/2009,USD,0.0107037731
Exchange,JPY,22/02/2009,USD,0.0105694838
Exchange,JPY,23/02/2009,USD,0.0103471468
Exchange,JPY,24/02/2009,USD,0.0102673621
Exchange,JPY,25/02/2009,USD,0.0101506354
Exchange,JPY,26/02/2009,USD,0.0102469515
Exchange,JPY,28/02/2009,USD,0.0102310163
Exchange,JPY,01/03/2009,USD,0.0102620939
Exchange,JPY,02/03/2009,USD,0.0101866189
Exchange,JPY,03/03/2009,USD,0.0100851184
Exchange,JPY,04/03/2009,USD,0.0101974221
Exchange,JPY,05/03/2009,USD,0.0101780135
Exchange,JPY,07/03/2009,USD,0.0101658043
Exchange,JPY,08/03/2009,USD,0.0101165426
Exchange,JPY,09/03/2009,USD,0.0101348955
Exchange,JPY,10/03/2009,USD,0.0102798166
Exchange,JPY,11/03/2009,USD,0.0102332150
Exchange,JPY,12/03/2009,USD,0.0102079356
Exchange,JPY,13/03/2009,USD,0.0102079356
Exchange,JPY,14/03/2009,USD,0.0101884870
Exchange,JPY,15/03/2009,USD,0.0101853738
Exchange,JPY,16/03/2009,USD,0.0101436339
Exchange,JPY,17/03/2009,USD,0.0103885311
Exchange,JPY,18/03/2009,USD,0.0105808909
Exchange,JPY,19/03/2009,USD,0.0104226380
Exchange,JPY,20/03/2009,USD,0.0104226380
Exchange,JPY,21/03/2009,USD,0.0104542366
Exchange,JPY,22/03/2009,USD,0.0103135314
Exchange,JPY,23/03/2009,USD,0.0102178444
Exchange,JPY,24/03/2009,USD,0.0102515736
Exchange,JPY,25/03/2009,USD,0.0101292492
Exchange,JPY,26/03/2009,USD,0.0102175312
Exchange,JPY,27/03/2009,USD,0.0102183665
Exchange,JPY,28/03/2009,USD,0.0101988781
Exchange,JPY,29/03/2009,USD,0.0102821420
Exchange,JPY,30/03/2009,USD,0.0101055014
Exchange,JPY,31/03/2009,USD,0.0101503263
Exchange,JPY,01/04/2009,USD,0.0100475248
Exchange,JPY,02/04/2009,USD,0.0099686983
Exchange,JPY,04/04/2009,USD,0.0099844243
Exchange,JPY,05/04/2009,USD,0.0099014803
Exchange,JPY,06/04/2009,USD,0.0099589690
Exchange,JPY,07/04/2009,USD,0.0100258667
Exchange,JPY,08/04/2009,USD,0.0099581757
Exchange,JPY,09/04/2009,USD,0.0099750623
Exchange,JPY,11/04/2009,USD,0.0099648242
Exchange,JPY,12/04/2009,USD,0.0099907086
Exchange,JPY,13/04/2009,USD,0.0101024387
Exchange,JPY,14/04/2009,USD,0.0100626906
Exchange,JPY,15/04/2009,USD,0.0100736383
Exchange,JPY,16/04/2009,USD,0.0100846099
Exchange,JPY,18/04/2009,USD,0.0100790195
Exchange,JPY,19/04/2009,USD,0.0102157568
Exchange,JPY,20/04/2009,USD,0.0101286336
Exchange,JPY,21/04/2009,USD,0.0102024159
Exchange,JPY,22/04/2009,USD,0.0102094989
Exchange,JPY,23/04/2009,USD,0.0102914540
Exchange,JPY,25/04/2009,USD,0.0103296181
Exchange,JPY,26/04/2009,USD,0.0103335676
Exchange,JPY,27/04/2009,USD,0.0103682814
Exchange,JPY,28/04/2009,USD,0.0102400262
Exchange,JPY,29/04/2009,USD,0.0101389030
Exchange,JPY,30/04/2009,USD,0.0100893920
Exchange,JPY,01/05/2009,USD,0.0100845082
Exchange,JPY,02/05/2009,USD,0.0100754652
Exchange,JPY,03/05/2009,USD,0.0101224820
Exchange,JPY,04/05/2009,USD,0.0101202283
Exchange,JPY,05/05/2009,USD,0.0101708706
Exchange,JPY,06/05/2009,USD,0.0100896974
Exchange,JPY,07/05/2009,USD,0.0101562024
Exchange,JPY,09/05/2009,USD,0.0101373612
Exchange,JPY,10/05/2009,USD,0.0102578832
Exchange,JPY,11/05/2009,USD,0.0103682814
Exchange,JPY,12/05/2009,USD,0.0104924087
Exchange,JPY,13/05/2009,USD,0.0104381954
Exchange,JPY,14/05/2009,USD,0.0105033190
Exchange,JPY,16/05/2009,USD,0.0105378520
Exchange,JPY,17/05/2009,USD,0.0103835690
Exchange,JPY,18/05/2009,USD,0.0104206830
Exchange,JPY,19/05/2009,USD,0.0105385183
Exchange,JPY,20/05/2009,USD,0.0105920983
Exchange,JPY,21/05/2009,USD,0.0105498586
Exchange,JPY,22/05/2009,USD,0.0105509717
Exchange,JPY,23/05/2009,USD,0.0105652404
Exchange,JPY,24/05/2009,USD,0.0105454085
Exchange,JPY,25/05/2009,USD,0.0105234357
Exchange,JPY,26/05/2009,USD,0.0104883370
Exchange,JPY,27/05/2009,USD,0.0103229003
Exchange,JPY,28/05/2009,USD,0.0104876770
Exchange,JPY,29/05/2009,USD,0.0104885570
Exchange,JPY,30/05/2009,USD,0.0105087275
Exchange,JPY,31/05/2009,USD,0.0103571133
Exchange,JPY,01/06/2009,USD,0.0104416832
Exchange,JPY,02/06/2009,USD,0.0104179689
Exchange,JPY,03/06/2009,USD,0.0103549683
Exchange,JPY,04/06/2009,USD,0.0101358200
Exchange,JPY,06/06/2009,USD,0.0101419878
Exchange,JPY,07/06/2009,USD,0.0101539336
Exchange,JPY,08/06/2009,USD,0.0102684164
Exchange,JPY,09/06/2009,USD,0.0101922254
Exchange,JPY,10/06/2009,USD,0.0102425434
Exchange,JPY,11/06/2009,USD,0.0101611559
Exchange,JPY,13/06/2009,USD,0.0101597107
Exchange,JPY,14/06/2009,USD,0.0102216044
Exchange,JPY,15/06/2009,USD,0.0103748431
Exchange,JPY,16/06/2009,USD,0.0104438642
Exchange,JPY,17/06/2009,USD,0.0103618353
Exchange,JPY,18/06/2009,USD,0.0103868046
Exchange,JPY,19/06/2009,USD,0.0103871283
Exchange,JPY,20/06/2009,USD,0.0103961991
Exchange,JPY,21/06/2009,USD,0.0104313357
Exchange,JPY,22/06/2009,USD,0.0105022160
Exchange,JPY,23/06/2009,USD,0.0104541273
Exchange,JPY,24/06/2009,USD,0.0104214432
Exchange,JPY,25/06/2009,USD,0.0105050845
Exchange,JPY,26/06/2009,USD,0.0105050845
Exchange,JPY,27/06/2009,USD,0.0105119310
Exchange,JPY,28/06/2009,USD,0.0104102687
Exchange,JPY,29/06/2009,USD,0.0103780732
Exchange,JPY,30/06/2009,USD,0.0103458622
Exchange,JPY,01/07/2009,USD,0.0104231812
Exchange,JPY,02/07/2009,USD,0.0104123282
Exchange,JPY,04/07/2009,USD,0.0104035539
Exchange,JPY,05/07/2009,USD,0.0104872370
Exchange,JPY,06/07/2009,USD,0.0105380741
Exchange,JPY,07/07/2009,USD,0.0107656533
Exchange,JPY,08/07/2009,USD,0.0107524569
Exchange,JPY,09/07/2009,USD,0.0108021691
Exchange,JPY,11/07/2009,USD,0.0108252054
Exchange,JPY,12/07/2009,USD,0.0107550011
Exchange,JPY,13/07/2009,USD,0.0106941578
Exchange,JPY,14/07/2009,USD,0.0106126694
Exchange,JPY,15/07/2009,USD,0.0106465660
Exchange,JPY,16/07/2009,USD,0.0106169510
Exchange,JPY,18/07/2009,USD,0.0106089540
Exchange,JPY,19/07/2009,USD,0.0106162747
Exchange,JPY,20/07/2009,USD,0.0106666667
Exchange,JPY,21/07/2009,USD,0.0106757767
Exchange,JPY,22/07/2009,USD,0.0105330791
Exchange,JPY,23/07/2009,USD,0.0105486345
Exchange,JPY,25/07/2009,USD,0.0105430737
Exchange,JPY,26/07/2009,USD,0.0105059674
Exchange,JPY,27/07/2009,USD,0.0105768621
Exchange,JPY,28/07/2009,USD,0.0105274239
Exchange,JPY,29/07/2009,USD,0.0104650676
Exchange,JPY,30/07/2009,USD,0.0105614465
Exchange,JPY,01/08/2009,USD,0.0105513057
Exchange,JPY,02/08/2009,USD,0.0104974754
Exchange,JPY,03/08/2009,USD,0.0105002310
Exchange,JPY,04/08/2009,USD,0.0105297518
Exchange,JPY,05/08/2009,USD,0.0104755919
Exchange,JPY,06/08/2009,USD,0.0102495772
Exchange,JPY,07/08/2009,USD,0.0102495772
Exchange,JPY,08/08/2009,USD,0.0102400262
Exchange,JPY,09/08/2009,USD,0.0102931489
Exchange,JPY,10/08/2009,USD,0.0104177518
Exchange,JPY,11/08/2009,USD,0.0104111358
Exchange,JPY,12/08/2009,USD,0.0104730685
Exchange,JPY,13/08/2009,USD,0.0105333010
Exchange,JPY,15/08/2009,USD,0.0105562065
Exchange,JPY,16/08/2009,USD,0.0105808909
Exchange,JPY,17/08/2009,USD,0.0105607773
Exchange,JPY,18/08/2009,USD,0.0106294777
Exchange,JPY,19/08/2009,USD,0.0106163875
Exchange,JPY,20/08/2009,USD,0.0105949039
Exchange,JPY,22/08/2009,USD,0.0105961388
Exchange,JPY,23/08/2009,USD,0.0105755198
Exchange,JPY,24/08/2009,USD,0.0106174019
Exchange,JPY,25/08/2009,USD,0.0106085038
Exchange,JPY,26/08/2009,USD,0.0106917567
Exchange,JPY,27/08/2009,USD,0.0106849022
Exchange,JPY,29/08/2009,USD,0.0107217910
Exchange,JPY,30/08/2009,USD,0.0107376785
Exchange,JPY,31/08/2009,USD,0.0107617141
Exchange,JPY,01/09/2009,USD,0.0108448108
Exchange,JPY,02/09/2009,USD,0.0107948228
Exchange,JPY,03/09/2009,USD,0.0107518789
Exchange,JPY,05/09/2009,USD,0.0107558108
Exchange,JPY,06/09/2009,USD,0.0107437928
Exchange,JPY,07/09/2009,USD,0.0108321237
Exchange,JPY,08/09/2009,USD,0.0108655497
Exchange,JPY,09/09/2009,USD,0.0109004894
Exchange,JPY,10/09/2009,USD,0.0110232922
Exchange,JPY,11/09/2009,USD,0.0110225632
Exchange,JPY,12/09/2009,USD,0.0110738292
Exchange,JPY,13/09/2009,USD,0.0109969868
Exchange,JPY,14/09/2009,USD,0.0109853894
Exchange,JPY,15/09/2009,USD,0.0109965031
Exchange,JPY,16/09/2009,USD,0.0109788766
Exchange,JPY,17/09/2009,USD,0.0109532624
Exchange,JPY,18/09/2009,USD,0.0109539823
Exchange,JPY,19/09/2009,USD,0.0109494246
Exchange,JPY,20/09/2009,USD,0.0108784335
Exchange,JPY,21/09/2009,USD,0.0109774304
Exchange,JPY,22/09/2009,USD,0.0109559025
Exchange,JPY,23/09/2009,USD,0.0109571029
Exchange,JPY,24/09/2009,USD,0.0111556096
Exchange,JPY,25/09/2009,USD,0.0111532456
Exchange,JPY,26/09/2009,USD,0.0111676941
Exchange,JPY,27/09/2009,USD,0.0111569787
Exchange,JPY,28/09/2009,USD,0.0111006272
Exchange,JPY,29/09/2009,USD,0.0111466566
Exchange,JPY,30/09/2009,USD,0.0111602161
Exchange,JPY,01/10/2009,USD,0.0111353615
Exchange,JPY,02/10/2009,USD,0.0111354855
Exchange,JPY,03/10/2009,USD,0.0111910651
Exchange,JPY,04/10/2009,USD,0.0111669458
Exchange,JPY,05/10/2009,USD,0.0112584720
Exchange,JPY,06/10/2009,USD,0.0112869365
Exchange,JPY,07/10/2009,USD,0.0113129850
Exchange,JPY,08/10/2009,USD,0.0111387104
Exchange,JPY,09/10/2009,USD,0.0111429304
Exchange,JPY,10/10/2009,USD,0.0111678188
Exchange,JPY,11/10/2009,USD,0.0111323863
Exchange,JPY,12/10/2009,USD,0.0111476506
Exchange,JPY,13/10/2009,USD,0.0111800548
Exchange,JPY,14/10/2009,USD,0.0110432564
Exchange,JPY,15/10/2009,USD,0.0110026736
Exchange,JPY,16/10/2009,USD,0.0110030368
Exchange,JPY,17/10/2009,USD,0.0109806850
Exchange,JPY,18/10/2009,USD,0.0110437443
Exchange,JPY,19/10/2009,USD,0.0110170985
Exchange,JPY,20/10/2009,USD,0.0109905811
Exchange,JPY,21/10/2009,USD,0.0109544623
Exchange,JPY,22/10/2009,USD,0.0108630710
Exchange,JPY,24/10/2009,USD,0.0108524608
Exchange,JPY,25/10/2009,USD,0.0108465752
Exchange,JPY,26/10/2009,USD,0.0108941956
Exchange,JPY,27/10/2009,USD,0.0110187981
Exchange,JPY,28/10/2009,USD,0.0109393631
Exchange,JPY,29/10/2009,USD,0.0110998879
Exchange,JPY,31/10/2009,USD,0.0111521262
Exchange,JPY,01/11/2009,USD,0.0110846312
Exchange,JPY,02/11/2009,USD,0.0110700290
Exchange,JPY,03/11/2009,USD,0.0110221987
Exchange,JPY,04/11/2009,USD,0.0110234137
Exchange,JPY,05/11/2009,USD,0.0111263171
Exchange,JPY,06/11/2009,USD,0.0111249555
Exchange,JPY,07/11/2009,USD,0.0111091362
Exchange,JPY,08/11/2009,USD,0.0111200071
Exchange,JPY,09/11/2009,USD,0.0111353615
Exchange,JPY,10/11/2009,USD,0.0111247080
Exchange,JPY,11/11/2009,USD,0.0110656191
Exchange,JPY,12/11/2009,USD,0.0111537432
Exchange,JPY,13/11/2009,USD,0.0111564808
Exchange,JPY,14/11/2009,USD,0.0111628322
Exchange,JPY,15/11/2009,USD,0.0112298985
Exchange,JPY,16/11/2009,USD,0.0112042307
Exchange,JPY,17/11/2009,USD,0.0111969544
Exchange,JPY,18/11/2009,USD,0.0112392384
Exchange,JPY,19/11/2009,USD,0.0112504922
Exchange,JPY,20/11/2009,USD,0.0112501125
Exchange,JPY,21/11/2009,USD,0.0112570779
Exchange,JPY,22/11/2009,USD,0.0112392384
Exchange,JPY,23/11/2009,USD,0.0112999458
Exchange,JPY,24/11/2009,USD,0.0114483280
Exchange,JPY,25/11/2009,USD,0.0115494780
Exchange,JPY,26/11/2009,USD,0.0115560178
Exchange,JPY,27/11/2009,USD,0.0115545490
Exchange,JPY,28/11/2009,USD,0.0115438783
Exchange,JPY,29/11/2009,USD,0.0115735383
Exchange,JPY,30/11/2009,USD,0.0115353559
Exchange,JPY,01/12/2009,USD,0.0114441355
Exchange,JPY,02/12/2009,USD,0.0113292624
Exchange,JPY,03/12/2009,USD,0.0110433784
Exchange,JPY,04/12/2009,USD,0.0110424028
Exchange,JPY,05/12/2009,USD,0.0110886873
Exchange,JPY,06/12/2009,USD,0.0111719361
Exchange,JPY,07/12/2009,USD,0.0113086353
Exchange,JPY,08/12/2009,USD,0.0113804484
Exchange,JPY,09/12/2009,USD,0.0113373543
Exchange,JPY,10/12/2009,USD,0.0112230926
Exchange,JPY,11/12/2009,USD,0.0112268726
Exchange,JPY,12/12/2009,USD,0.0112405018
Exchange,JPY,13/12/2009,USD,0.0112841345
Exchange,JPY,14/12/2009,USD,0.0111595933
Exchange,JPY,15/12/2009,USD,0.0111380900
Exchange,JPY,16/12/2009,USD,0.0111154338
Exchange,JPY,17/12/2009,USD,0.0110498459
Exchange,JPY,18/12/2009,USD,0.0110517998
Exchange,JPY,19/12/2009,USD,0.0110770185
Exchange,JPY,20/12/2009,USD,0.0109675580
Exchange,JPY,21/12/2009,USD,0.0108886203
Exchange,JPY,22/12/2009,USD,0.0109128608
Exchange,JPY,23/12/2009,USD,0.0109227543
Exchange,JPY,24/12/2009,USD,0.0109441520
Exchange,JPY,26/12/2009,USD,0.0109369702
Exchange,JPY,27/12/2009,USD,0.0109130990
Exchange,JPY,28/12/2009,USD,0.0108694471
Exchange,JPY,29/12/2009,USD,0.0108179448
Exchange,JPY,30/12/2009,USD,0.0107496829
Exchange,JPY,31/12/2009,USD,0.0107472568
Exchange,JPY,02/01/2010,USD,0.0107543071
Exchange,JPY,03/01/2010,USD,0.0108097591
Exchange,JPY,04/01/2010,USD,0.0109046497
Exchange,JPY,05/01/2010,USD,0.0108318891
Exchange,JPY,06/01/2010,USD,0.0107103076
Exchange,JPY,07/01/2010,USD,0.0107920269
Exchange,JPY,08/01/2010,USD,0.0107916775
Exchange,JPY,09/01/2010,USD,0.0108001858
Exchange,JPY,10/01/2010,USD,0.0108588244
Exchange,JPY,11/01/2010,USD,0.0109917891
Exchange,JPY,12/01/2010,USD,0.0109436729
Exchange,JPY,13/01/2010,USD,0.0109638303
Exchange,JPY,14/01/2010,USD,0.0110164917
Exchange,JPY,16/01/2010,USD,0.0110164917
Exchange,JPY,17/01/2010,USD,0.0110156422
Exchange,JPY,18/01/2010,USD,0.0109711678
Exchange,JPY,19/01/2010,USD,0.0109604656
Exchange,JPY,20/01/2010,USD,0.0110574212
Exchange,JPY,21/01/2010,USD,0.0111323863
Exchange,JPY,22/01/2010,USD,0.0111321385
Exchange,JPY,23/01/2010,USD,0.0110791048
Exchange,JPY,24/01/2010,USD,0.0110765277
Exchange,JPY,25/01/2010,USD,0.0111536188
Exchange,JPY,26/01/2010,USD,0.0111103704
Exchange,JPY,27/01/2010,USD,0.0111214912
Exchange,JPY,28/01/2010,USD,0.0110783684
Exchange,JPY,29/01/2010,USD,0.0110775093
Exchange,JPY,30/01/2010,USD,0.0111227282
Exchange,JPY,31/01/2010,USD,0.0110357005
Exchange,JPY,01/02/2010,USD,0.0110636603
Exchange,JPY,02/02/2010,USD,0.0109917891
Exchange,JPY,03/02/2010,USD,0.0112305291
Exchange,JPY,04/02/2010,USD,0.0112046073
Exchange,JPY,05/02/2010,USD,0.0112052351
Exchange,JPY,06/02/2010,USD,0.0111724354
Exchange,JPY,07/02/2010,USD,0.0112034776
Exchange,JPY,08/02/2010,USD,0.0111495150
Exchange,JPY,09/02/2010,USD,0.0111181526
Exchange,JPY,10/02/2010,USD,0.0111404476
Exchange,JPY,11/02/2010,USD,0.0111167930
Exchange,JPY,12/02/2010,USD,0.0111197598
Exchange,JPY,13/02/2010,USD,0.0110957004
Exchange,JPY,14/02/2010,USD,0.0111100001
Exchange,JPY,15/02/2010,USD,0.0110933617
Exchange,JPY,16/02/2010,USD,0.0109580635
Exchange,JPY,17/02/2010,USD,0.0108917038
Exchange,JPY,18/02/2010,USD,0.0109274092
Exchange,JPY,19/02/2010,USD,0.0109266928
Exchange,JPY,20/02/2010,USD,0.0109332634
Exchange,JPY,21/02/2010,USD,0.0109720104
Exchange,JPY,22/02/2010,USD,0.0110843854
Exchange,JPY,23/02/2010,USD,0.0110928695
Exchange,JPY,24/02/2010,USD,0.0112261164
Exchange,JPY,25/02/2010,USD,0.0112397437
Exchange,JPY,26/02/2010,USD,0.0112427765
Exchange,JPY,27/02/2010,USD,0.0112536574
Exchange,JPY,28/02/2010,USD,0.0112203222
Exchange,JPY,01/03/2010,USD,0.0112542907
Exchange,JPY,02/03/2010,USD,0.0113039055
Exchange,JPY,03/03/2010,USD,0.0112334307
Exchange,JPY,04/03/2010,USD,0.0110764050
Exchange,JPY,05/03/2010,USD,0.0110834026
Exchange,JPY,06/03/2010,USD,0.0110541210
Exchange,JPY,07/03/2010,USD,0.0110735840
Exchange,JPY,08/03/2010,USD,0.0111154338
Exchange,JPY,09/03/2010,USD,0.0110482588
Exchange,JPY,10/03/2010,USD,0.0110488691
Exchange,JPY,11/03/2010,USD,0.0110427686
Exchange,JPY,12/03/2010,USD,0.0110424028
Exchange,JPY,13/03/2010,USD,0.0110084875
Exchange,JPY,14/03/2010,USD,0.0110465502
Exchange,JPY,15/03/2010,USD,0.0110738292
Exchange,JPY,16/03/2010,USD,0.0110739519
Exchange,JPY,17/03/2010,USD,0.0110641499
Exchange,JPY,18/03/2010,USD,0.0110441102
Exchange,JPY,19/03/2010,USD,0.0110420370
Exchange,JPY,20/03/2010,USD,0.0110497238
Exchange,JPY,21/03/2010,USD,0.0110939771
Exchange,JPY,22/03/2010,USD,0.0110618245
Exchange,JPY,23/03/2010,USD,0.0108331799
Exchange,JPY,24/03/2010,USD,0.0107836477
Exchange,JPY,25/03/2010,USD,0.0108090580
Exchange,JPY,26/03/2010,USD,0.0108084738
Exchange,JPY,27/03/2010,USD,0.0108146690
Exchange,JPY,28/03/2010,USD,0.0108147860
Exchange,JPY,29/03/2010,USD,0.0107802764
Exchange,JPY,30/03/2010,USD,0.0106998791
Exchange,JPY,31/03/2010,USD,0.0106583674
Exchange,JPY,01/04/2010,USD,0.0105697072
Exchange,JPY,03/04/2010,USD,0.0105625621
Exchange,JPY,04/04/2010,USD,0.0105969248
Exchange,JPY,05/04/2010,USD,0.0106617765
Exchange,JPY,06/04/2010,USD,0.0107120285
Exchange,JPY,07/04/2010,USD,0.0107087019
Exchange,JPY,08/04/2010,USD,0.0107319167
Exchange,JPY,09/04/2010,USD,0.0107313409
Exchange,JPY,10/04/2010,USD,0.0107555795
Exchange,JPY,11/04/2010,USD,0.0107253558
Exchange,JPY,12/04/2010,USD,0.0107294986
Exchange,JPY,13/04/2010,USD,0.0107265063
Exchange,JPY,14/04/2010,USD,0.0107492207
Exchange,JPY,15/04/2010,USD,0.0108488110
Exchange,JPY,17/04/2010,USD,0.0108856571
Exchange,JPY,18/04/2010,USD,0.0108227451
Exchange,JPY,19/04/2010,USD,0.0107275419
Exchange,JPY,20/04/2010,USD,0.0107312257
Exchange,JPY,21/04/2010,USD,0.0106966744
Exchange,JPY,22/04/2010,USD,0.0106419207
Exchange,JPY,23/04/2010,USD,0.0106413544
Exchange,JPY,24/04/2010,USD,0.0106378452
Exchange,JPY,25/04/2010,USD,0.0106428267
Exchange,JPY,26/04/2010,USD,0.0107224808
Exchange,JPY,27/04/2010,USD,0.0106346776
Exchange,JPY,28/04/2010,USD,0.0106343383
Exchange,JPY,29/04/2010,USD,0.0106549604
Exchange,JPY,30/04/2010,USD,0.0106570043
Exchange,JPY,01/05/2010,USD,0.0106530308
Exchange,JPY,02/05/2010,USD,0.0105780928
Exchange,JPY,03/05/2010,USD,0.0105778690
Exchange,JPY,04/05/2010,USD,0.0106597307
Exchange,JPY,05/05/2010,USD,0.0110432564
Exchange,JPY,06/05/2010,USD,0.0109173881
Exchange,JPY,07/05/2010,USD,0.0109259765
Exchange,JPY,08/05/2010,USD,0.0108185300
Exchange,JPY,09/05/2010,USD,0.0107177690
Exchange,JPY,10/05/2010,USD,0.0107935411
Exchange,JPY,11/05/2010,USD,0.0107244356
Exchange,JPY,12/05/2010,USD,0.0107814387
Exchange,JPY,13/05/2010,USD,0.0108153708
Exchange,JPY,14/05/2010,USD,0.0108154878
Exchange,JPY,15/05/2010,USD,0.0108392859
Exchange,JPY,16/05/2010,USD,0.0108006524
Exchange,JPY,17/05/2010,USD,0.0108424591
Exchange,JPY,18/05/2010,USD,0.0109042930
Exchange,JPY,19/05/2010,USD,0.0111501366
Exchange,JPY,20/05/2010,USD,0.0111106173
Exchange,JPY,21/05/2010,USD,0.0111092596
Exchange,JPY,22/05/2010,USD,0.0110723579
Exchange,JPY,23/05/2010,USD,0.0110754236
Exchange,JPY,24/05/2010,USD,0.0110825428
Exchange,JPY,25/05/2010,USD,0.0111205018
Exchange,JPY,26/05/2010,USD,0.0109837002
Exchange,JPY,27/05/2010,USD,0.0109810467
Exchange,JPY,29/05/2010,USD,0.0109896148
Exchange,JPY,30/05/2010,USD,0.0109569829
Exchange,JPY,31/05/2010,USD,0.0109957776
Exchange,JPY,01/06/2010,USD,0.0108543455
Exchange,JPY,02/06/2010,USD,0.0107863229
Exchange,JPY,03/06/2010,USD,0.0108799721
Exchange,JPY,04/06/2010,USD,0.0108708650
Exchange,JPY,05/06/2010,USD,0.0108966885
Exchange,JPY,06/06/2010,USD,0.0109442718
Exchange,JPY,07/06/2010,USD,0.0109337415
Exchange,JPY,08/06/2010,USD,0.0109533824
Exchange,JPY,09/06/2010,USD,0.0109489451
Exchange,JPY,10/06/2010,USD,0.0109108366
Exchange,JPY,12/06/2010,USD,0.0108843537
Exchange,JPY,13/06/2010,USD,0.0109200109
Exchange,JPY,14/06/2010,USD,0.0109350567
Exchange,JPY,15/06/2010,USD,0.0109362526
Exchange,JPY,16/06/2010,USD,0.0109885280
Exchange,JPY,17/06/2010,USD,0.0110249937
Exchange,JPY,18/06/2010,USD,0.0110237783
Exchange,JPY,19/06/2010,USD,0.0110694163
Exchange,JPY,20/06/2010,USD,0.0109763460
Exchange,JPY,21/06/2010,USD,0.0110414274
Exchange,JPY,22/06/2010,USD,0.0111337497
Exchange,JPY,23/06/2010,USD,0.0111598424
Exchange,JPY,24/06/2010,USD,0.0112064908
Exchange,JPY,25/06/2010,USD,0.0112076212
Exchange,JPY,26/06/2010,USD,0.0111973306
Exchange,JPY,27/06/2010,USD,0.0111896876
Exchange,JPY,28/06/2010,USD,0.0112868091
Exchange,JPY,29/06/2010,USD,0.0113078680
Exchange,JPY,30/06/2010,USD,0.0114155251
Exchange,JPY,01/07/2010,USD,0.0113958815
Exchange,JPY,03/07/2010,USD,0.0114009486
Exchange,JPY,04/07/2010,USD,0.0113935444
Exchange,JPY,05/07/2010,USD,0.0114256987
Exchange,JPY,06/07/2010,USD,0.0114017285
Exchange,JPY,07/07/2010,USD,0.0113187472
Exchange,JPY,08/07/2010,USD,0.0112852806
Exchange,JPY,09/07/2010,USD,0.0112866817
Exchange,JPY,10/07/2010,USD,0.0112678596
Exchange,JPY,11/07/2010,USD,0.0112882106
Exchange,JPY,12/07/2010,USD,0.0112698914
Exchange,JPY,13/07/2010,USD,0.0113115774
Exchange,JPY,14/07/2010,USD,0.0114426950
Exchange,JPY,15/07/2010,USD,0.0115520129
Exchange,JPY,16/07/2010,USD,0.0115492112
Exchange,JPY,17/07/2010,USD,0.0115576205
Exchange,JPY,18/07/2010,USD,0.0115346906
Exchange,JPY,19/07/2010,USD,0.0114277878
Exchange,JPY,20/07/2010,USD,0.0114877827
Exchange,JPY,21/07/2010,USD,0.0115015240
Exchange,JPY,22/07/2010,USD,0.0114356288
Exchange,JPY,23/07/2010,USD,0.0114301390
Exchange,JPY,24/07/2010,USD,0.0114292245
Exchange,JPY,25/07/2010,USD,0.0115105264
Exchange,JPY,26/07/2010,USD,0.0113753996
Exchange,JPY,27/07/2010,USD,0.0114327525
Exchange,JPY,28/07/2010,USD,0.0115223303
Exchange,JPY,29/07/2010,USD,0.0115651058
Exchange,JPY,30/07/2010,USD,0.0115648383
Exchange,JPY,31/07/2010,USD,0.0115809100
Exchange,JPY,01/08/2010,USD,0.0115609609
Exchange,JPY,02/08/2010,USD,0.0116565061
Exchange,JPY,03/08/2010,USD,0.0115915150
Exchange,JPY,04/08/2010,USD,0.0116516167
Exchange,JPY,05/08/2010,USD,0.0116944019
Exchange,JPY,06/08/2010,USD,0.0116930345
Exchange,JPY,07/08/2010,USD,0.0117100132
Exchange,JPY,08/08/2010,USD,0.0116365667
Exchange,JPY,09/08/2010,USD,0.0117034350
Exchange,JPY,10/08/2010,USD,0.0117201692
Exchange,JPY,11/08/2010,USD,0.0116406305
Exchange,JPY,12/08/2010,USD,0.0116032164
Exchange,JPY,13/08/2010,USD,0.0116006589
Exchange,JPY,14/08/2010,USD,0.0116033510
Exchange,JPY,15/08/2010,USD,0.0117193451
Exchange,JPY,16/08/2010,USD,0.0116922142
Exchange,JPY,17/08/2010,USD,0.0117015177
Exchange,JPY,18/08/2010,USD,0.0117102875
Exchange,JPY,19/08/2010,USD,0.0116804691
Exchange,JPY,20/08/2010,USD,0.0116778774
Exchange,JPY,21/08/2010,USD,0.0116840174
Exchange,JPY,22/08/2010,USD,0.0117430158
Exchange,JPY,23/08/2010,USD,0.0119173887
Exchange,JPY,24/08/2010,USD,0.0118243842
Exchange,JPY,25/08/2010,USD,0.0118411860
Exchange,JPY,26/08/2010,USD,0.0117329579
Exchange,JPY,27/08/2010,USD,0.0117325449
Exchange,JPY,28/08/2010,USD,0.0117192078
Exchange,JPY,29/08/2010,USD,0.0118178165
Exchange,JPY,30/08/2010,USD,0.0118769077
Exchange,JPY,31/08/2010,USD,0.0118427286
Exchange,JPY,01/09/2010,USD,0.0118663376
Exchange,JPY,02/09/2010,USD,0.0118622555
Exchange,JPY,03/09/2010,USD,0.0118625369
Exchange,JPY,04/09/2010,USD,0.0118815646
Exchange,JPY,05/09/2010,USD,0.0118743692
Exchange,JPY,06/09/2010,USD,0.0119276232
Exchange,JPY,07/09/2010,USD,0.0119220773
Exchange,JPY,08/09/2010,USD,0.0119358805
Exchange,JPY,09/09/2010,USD,0.0118832589
Exchange,JPY,10/09/2010,USD,0.0118976800
Exchange,JPY,11/09/2010,USD,0.0118714089
Exchange,JPY,12/09/2010,USD,0.0119462895
Exchange,JPY,13/09/2010,USD,0.0120426793
Exchange,JPY,14/09/2010,USD,0.0116630317
Exchange,JPY,15/09/2010,USD,0.0116575932
Exchange,JPY,16/09/2010,USD,0.0116472740
Exchange,JPY,17/09/2010,USD,0.0116457819
Exchange,JPY,18/09/2010,USD,0.0116623516
Exchange,JPY,19/09/2010,USD,0.0116699732
Exchange,JPY,20/09/2010,USD,0.0117521242
Exchange,JPY,21/09/2010,USD,0.0118353000
Exchange,JPY,22/09/2010,USD,0.0118501665
Exchange,JPY,23/09/2010,USD,0.0118750742
Exchange,JPY,25/09/2010,USD,0.0118702816
Exchange,JPY,26/09/2010,USD,0.0118639443
Exchange,JPY,27/09/2010,USD,0.0119226459
Exchange,JPY,28/09/2010,USD,0.0119470031
Exchange,JPY,29/09/2010,USD,0.0119728934
Exchange,JPY,30/09/2010,USD,0.0120157647
Exchange,JPY,02/10/2010,USD,0.0120111463
Exchange,JPY,03/10/2010,USD,0.0119964491
Exchange,JPY,04/10/2010,USD,0.0120164866
Exchange,JPY,05/10/2010,USD,0.0120576355
Exchange,JPY,06/10/2010,USD,0.0121341552
Exchange,JPY,07/10/2010,USD,0.0122059883
Exchange,JPY,08/10/2010,USD,0.0122052434
Exchange,JPY,09/10/2010,USD,0.0122073293
Exchange,JPY,10/10/2010,USD,0.0121850173
Exchange,JPY,11/10/2010,USD,0.0122372060
Exchange,JPY,12/10/2010,USD,0.0122237434
Exchange,JPY,13/10/2010,USD,0.0122731010
Exchange,JPY,14/10/2010,USD,0.0122776216
Exchange,JPY,16/10/2010,USD,0.0122874275
Exchange,JPY,17/10/2010,USD,0.0123039065
Exchange,JPY,18/10/2010,USD,0.0122570049
Exchange,JPY,19/10/2010,USD,0.0123318247
Exchange,JPY,20/10/2010,USD,0.0122955859
Exchange,JPY,21/10/2010,USD,0.0122895416
Exchange,JPY,23/10/2010,USD,0.0123016361
Exchange,JPY,24/10/2010,USD,0.0123745530
Exchange,JPY,25/10/2010,USD,0.0122794307
Exchange,JPY,26/10/2010,USD,0.0122309198
Exchange,JPY,27/10/2010,USD,0.0123418698
Exchange,JPY,28/10/2010,USD,0.0124362641
Exchange,JPY,29/10/2010,USD,0.0124404414
Exchange,JPY,30/10/2010,USD,0.0124523697
Exchange,JPY,31/10/2010,USD,0.0124208173
Exchange,JPY,01/11/2010,USD,0.0124029469
Exchange,JPY,02/11/2010,USD,0.0123338020
Exchange,JPY,03/11/2010,USD,0.0123843610
Exchange,JPY,04/11/2010,USD,0.0123051177
Exchange,JPY,05/11/2010,USD,0.0123037551
Exchange,JPY,06/11/2010,USD,0.0123084498
Exchange,JPY,07/11/2010,USD,0.0123181533
Exchange,JPY,08/11/2010,USD,0.0122411007
Exchange,JPY,09/11/2010,USD,0.0121534741
Exchange,JPY,10/11/2010,USD,0.0121222407
Exchange,JPY,11/11/2010,USD,0.0121175401
Exchange,JPY,13/11/2010,USD,0.0121247393
Exchange,JPY,14/11/2010,USD,0.0120364464
Exchange,JPY,15/11/2010,USD,0.0120063874
Exchange,JPY,16/11/2010,USD,0.0120215426
Exchange,JPY,17/11/2010,USD,0.0119714600
Exchange,JPY,18/11/2010,USD,0.0119694540
Exchange,JPY,19/11/2010,USD,0.0119687377
Exchange,JPY,20/11/2010,USD,0.0119731801
Exchange,JPY,21/11/2010,USD,0.0119999040
Exchange,JPY,22/11/2010,USD,0.0120234216
Exchange,JPY,23/11/2010,USD,0.0119707435
Exchange,JPY,24/11/2010,USD,0.0119617225
Exchange,JPY,25/11/2010,USD,0.0118896168
Exchange,JPY,26/11/2010,USD,0.0119000869
Exchange,JPY,27/11/2010,USD,0.0118962646
Exchange,JPY,28/11/2010,USD,0.0118684501
Exchange,JPY,29/11/2010,USD,0.0119497156
Exchange,JPY,30/11/2010,USD,0.0118774720
Exchange,JPY,01/12/2010,USD,0.0119300422
Exchange,JPY,02/12/2010,USD,0.0121160720
Exchange,JPY,03/12/2010,USD,0.0121175401
Exchange,JPY,04/12/2010,USD,0.0120996527
Exchange,JPY,05/12/2010,USD,0.0120984816
Exchange,JPY,06/12/2010,USD,0.0119774823
Exchange,JPY,07/12/2010,USD,0.0119020698
Exchange,JPY,08/12/2010,USD,0.0119408688
Exchange,JPY,09/12/2010,USD,0.0119117104
Exchange,JPY,11/12/2010,USD,0.0119068881
Exchange,JPY,12/12/2010,USD,0.0119924208
Exchange,JPY,13/12/2010,USD,0.0119514294
Exchange,JPY,14/12/2010,USD,0.0118702816
Exchange,JPY,15/12/2010,USD,0.0119178147
Exchange,JPY,16/12/2010,USD,0.0119067464
Exchange,JPY,17/12/2010,USD,0.0119090151
Exchange,JPY,18/12/2010,USD,0.0119118523
Exchange,JPY,19/12/2010,USD,0.0119367353
Exchange,JPY,20/12/2010,USD,0.0119410114
Exchange,JPY,21/12/2010,USD,0.0119657301
Exchange,JPY,22/12/2010,USD,0.0120612713
Exchange,JPY,23/12/2010,USD,0.0120635993
Exchange,JPY,24/12/2010,USD,0.0120617077
Exchange,JPY,25/12/2010,USD,0.0120764196
Exchange,JPY,26/12/2010,USD,0.0120743782
Exchange,JPY,27/12/2010,USD,0.0121376900
Exchange,JPY,28/12/2010,USD,0.0122526496
Exchange,JPY,29/12/2010,USD,0.0122655742
Exchange,JPY,30/12/2010,USD,0.0123246814
Exchange,JPY,31/12/2010,USD,0.0123183050
Exchange,JPY,01/01/2011,USD,0.0123102680
Exchange,JPY,02/01/2011,USD,0.0122339124
Exchange,JPY,03/01/2011,USD,0.0121902161
Exchange,JPY,04/01/2011,USD,0.0120121563
Exchange,JPY,05/01/2011,USD,0.0120003360
Exchange,JPY,06/01/2011,USD,0.0120257351
Exchange,JPY,08/01/2011,USD,0.0120156203
Exchange,JPY,09/01/2011,USD,0.0120908750
Exchange,JPY,10/01/2011,USD,0.0120130221
Exchange,JPY,11/01/2011,USD,0.0120487734
Exchange,JPY,12/01/2011,USD,0.0120749614
Exchange,JPY,13/01/2011,USD,0.0120675299
Exchange,JPY,14/01/2011,USD,0.0120670930
Exchange,JPY,15/01/2011,USD,0.0120775864
Exchange,JPY,16/01/2011,USD,0.0120951160
Exchange,JPY,17/01/2011,USD,0.0121137236
Exchange,JPY,18/01/2011,USD,0.0121918510
Exchange,JPY,19/01/2011,USD,0.0120471767
Exchange,JPY,20/01/2011,USD,0.0121110829
Exchange,JPY,21/01/2011,USD,0.0121103495
Exchange,JPY,22/01/2011,USD,0.0121122564
Exchange,JPY,23/01/2011,USD,0.0121175401
Exchange,JPY,24/01/2011,USD,0.0121580547
Exchange,JPY,25/01/2011,USD,0.0121710767
Exchange,JPY,26/01/2011,USD,0.0120589441
Exchange,JPY,27/01/2011,USD,0.0121765601
Exchange,JPY,28/01/2011,USD,0.0121765601
Exchange,JPY,29/01/2011,USD,0.0121942297
Exchange,JPY,30/01/2011,USD,0.0121888789
Exchange,JPY,31/01/2011,USD,0.0122919586
Exchange,JPY,01/02/2011,USD,0.0122609122
Exchange,JPY,02/02/2011,USD,0.0122512986
Exchange,JPY,03/02/2011,USD,0.0121682627
Exchange,JPY,04/02/2011,USD,0.0121669303
Exchange,JPY,05/02/2011,USD,0.0121692993
Exchange,JPY,06/02/2011,USD,0.0121465358
Exchange,JPY,07/02/2011,USD,0.0121410793
Exchange,JPY,08/02/2011,USD,0.0121421113
Exchange,JPY,09/02/2011,USD,0.0120156203
Exchange,JPY,10/02/2011,USD,0.0119855215
Exchange,JPY,11/02/2011,USD,0.0119855215
Exchange,JPY,12/02/2011,USD,0.0119771954
Exchange,JPY,13/02/2011,USD,0.0120010561
Exchange,JPY,14/02/2011,USD,0.0119375903
Exchange,JPY,15/02/2011,USD,0.0119501440
Exchange,JPY,16/02/2011,USD,0.0120036491
Exchange,JPY,17/02/2011,USD,0.0120221207
Exchange,JPY,18/02/2011,USD,0.0120221207
Exchange,JPY,19/02/2011,USD,0.0120349978
Exchange,JPY,20/02/2011,USD,0.0120274707
Exchange,JPY,21/02/2011,USD,0.0120818181
Exchange,JPY,22/02/2011,USD,0.0121195962
Exchange,JPY,23/02/2011,USD,0.0122107577
Exchange,JPY,24/02/2011,USD,0.0122430490
Exchange,JPY,25/02/2011,USD,0.0122433488
Exchange,JPY,26/02/2011,USD,0.0122417001
Exchange,JPY,27/02/2011,USD,0.0122276296
Exchange,JPY,28/02/2011,USD,0.0122180681
Exchange,JPY,01/03/2011,USD,0.0122135913
Exchange,JPY,02/03/2011,USD,0.0121291512
Exchange,JPY,03/03/2011,USD,0.0121486017
Exchange,JPY,04/03/2011,USD,0.0121486017
Exchange,JPY,05/03/2011,USD,0.0121456506
Exchange,JPY,06/03/2011,USD,0.0121593852
Exchange,JPY,07/03/2011,USD,0.0120964328
Exchange,JPY,08/03/2011,USD,0.0120857606
Exchange,JPY,09/03/2011,USD,0.0120510966
Exchange,JPY,10/03/2011,USD,0.0122134421
Exchange,JPY,11/03/2011,USD,0.0122171725
Exchange,JPY,12/03/2011,USD,0.0122460476
Exchange,JPY,13/03/2011,USD,0.0122505482
Exchange,JPY,14/03/2011,USD,0.0123883500
Exchange,JPY,15/03/2011,USD,0.0125637611
Exchange,JPY,16/03/2011,USD,0.0126745925
Exchange,JPY,17/03/2011,USD,0.0124097193
Exchange,JPY,18/03/2011,USD,0.0124083334
Exchange,JPY,19/03/2011,USD,0.0123623147
Exchange,JPY,20/03/2011,USD,0.0123392809
Exchange,JPY,21/03/2011,USD,0.0123516261
Exchange,JPY,22/03/2011,USD,0.0123588007
Exchange,JPY,23/03/2011,USD,0.0123491856
Exchange,JPY,24/03/2011,USD,0.0122955859
Exchange,JPY,25/03/2011,USD,0.0122955859
Exchange,JPY,26/03/2011,USD,0.0122838050
Exchange,JPY,27/03/2011,USD,0.0122406512
Exchange,JPY,28/03/2011,USD,0.0121248863
Exchange,JPY,29/03/2011,USD,0.0120635993
Exchange,JPY,30/03/2011,USD,0.0120287728
Exchange,JPY,31/03/2011,USD,0.0118969722
Exchange,JPY,01/04/2011,USD,0.0118955570
Exchange,JPY,02/04/2011,USD,0.0118757793
Exchange,JPY,03/04/2011,USD,0.0118965476
Exchange,JPY,04/04/2011,USD,0.0117830042
Exchange,JPY,05/04/2011,USD,0.0116972745
Exchange,JPY,06/04/2011,USD,0.0117771758
Exchange,JPY,07/04/2011,USD,0.0117973220
Exchange,JPY,08/04/2011,USD,0.0117934263
Exchange,JPY,09/04/2011,USD,0.0117835596
Exchange,JPY,10/04/2011,USD,0.0118203310
Exchange,JPY,11/04/2011,USD,0.0119650143
Exchange,JPY,12/04/2011,USD,0.0119277655
Exchange,JPY,13/04/2011,USD,0.0119763348
Exchange,JPY,14/04/2011,USD,0.0120292069
Exchange,JPY,15/04/2011,USD,0.0120292069
Exchange,JPY,16/04/2011,USD,0.0120153316
Exchange,JPY,17/04/2011,USD,0.0120983353
Exchange,JPY,18/04/2011,USD,0.0121082966
Exchange,JPY,19/04/2011,USD,0.0121126965
Exchange,JPY,20/04/2011,USD,0.0122171725
Exchange,JPY,21/04/2011,USD,0.0122177695
Exchange,JPY,22/04/2011,USD,0.0122177695
Exchange,JPY,23/04/2011,USD,0.0122210544
Exchange,JPY,24/04/2011,USD,0.0122201584
Exchange,JPY,25/04/2011,USD,0.0122616639
Exchange,JPY,26/04/2011,USD,0.0121728545
Exchange,JPY,27/04/2011,USD,0.0122648220
Exchange,JPY,28/04/2011,USD,0.0123126932
Exchange,JPY,29/04/2011,USD,0.0123126932
Exchange,JPY,30/04/2011,USD,0.0123126932
Exchange,JPY,01/05/2011,USD,0.0123108742
Exchange,JPY,02/05/2011,USD,0.0123555940
Exchange,JPY,03/05/2011,USD,0.0124046393
Exchange,JPY,04/05/2011,USD,0.0124873566
Exchange,JPY,05/05/2011,USD,0.0124024855
Exchange,JPY,06/05/2011,USD,0.0124024855
Exchange,JPY,07/05/2011,USD,0.0124029469
Exchange,JPY,08/05/2011,USD,0.0124436923
Exchange,JPY,09/05/2011,USD,0.0123639960
Exchange,JPY,10/05/2011,USD,0.0123380629
Exchange,JPY,11/05/2011,USD,0.0123545255
Exchange,JPY,12/05/2011,USD,0.0123773099
Exchange,JPY,13/05/2011,USD,0.0123773099
Exchange,JPY,14/05/2011,USD,0.0123643018
Exchange,JPY,15/05/2011,USD,0.0123776163
Exchange,JPY,16/05/2011,USD,0.0122825980
Exchange,JPY,17/05/2011,USD,0.0122424495
Exchange,JPY,18/05/2011,USD,0.0122538508
Exchange,JPY,19/05/2011,USD,0.0122400519
Exchange,JPY,20/05/2011,USD,0.0122400519
Exchange,JPY,21/05/2011,USD,0.0122259851
Exchange,JPY,22/05/2011,USD,0.0121943784
Exchange,JPY,23/05/2011,USD,0.0122018181
Exchange,JPY,24/05/2011,USD,0.0121997340
Exchange,JPY,25/05/2011,USD,0.0123014848
Exchange,JPY,26/05/2011,USD,0.0123768503
Exchange,JPY,27/05/2011,USD,0.0123768503
Exchange,JPY,28/05/2011,USD,0.0123851279
Exchange,JPY,29/05/2011,USD,0.0123549834
Exchange,JPY,30/05/2011,USD,0.0122660256
Exchange,JPY,31/05/2011,USD,0.0123533045
Exchange,JPY,01/06/2011,USD,0.0123621619
Exchange,JPY,02/06/2011,USD,0.0124560923
Exchange,JPY,03/06/2011,USD,0.0124560923
Exchange,JPY,04/06/2011,USD,0.0124635441
Exchange,JPY,05/06/2011,USD,0.0124840828
Exchange,JPY,06/06/2011,USD,0.0124853297
Exchange,JPY,07/06/2011,USD,0.0125170545
Exchange,JPY,08/06/2011,USD,0.0124432278
Exchange,JPY,09/06/2011,USD,0.0124494242
Exchange,JPY,10/06/2011,USD,0.0124494242
Exchange,JPY,11/06/2011,USD,0.0124528349
Exchange,JPY,12/06/2011,USD,0.0124624568
Exchange,JPY,13/06/2011,USD,0.0124245210
Exchange,JPY,14/06/2011,USD,0.0123522364
Exchange,JPY,15/06/2011,USD,0.0124031008
Exchange,JPY,16/06/2011,USD,0.0124929727
Exchange,JPY,17/06/2011,USD,0.0124929727
Exchange,JPY,18/06/2011,USD,0.0124769177
Exchange,JPY,19/06/2011,USD,0.0124568681
Exchange,JPY,20/06/2011,USD,0.0124669625
Exchange,JPY,21/06/2011,USD,0.0124537654
Exchange,JPY,22/06/2011,USD,0.0124206630
Exchange,JPY,23/06/2011,USD,0.0124316261
Exchange,JPY,24/06/2011,USD,0.0124289993
Exchange,JPY,25/06/2011,USD,0.0124492692
Exchange,JPY,26/06/2011,USD,0.0123621619
Exchange,JPY,27/06/2011,USD,0.0123268083
Exchange,JPY,28/06/2011,USD,0.0123794551
Exchange,JPY,29/06/2011,USD,0.0124118757
Exchange,JPY,30/06/2011,USD,0.0123716442
Exchange,JPY,01/07/2011,USD,0.0123716442
Exchange,JPY,02/07/2011,USD,0.0123728688
Exchange,JPY,03/07/2011,USD,0.0123760845
Exchange,JPY,04/07/2011,USD,0.0123350191
Exchange,JPY,05/07/2011,USD,0.0123586480
Exchange,JPY,06/07/2011,USD,0.0123084498
Exchange,JPY,07/07/2011,USD,0.0124024855
Exchange,JPY,08/07/2011,USD,0.0124024855
Exchange,JPY,09/07/2011,USD,0.0124148034
Exchange,JPY,10/07/2011,USD,0.0124591961
Exchange,JPY,11/07/2011,USD,0.0126195704
Exchange,JPY,12/07/2011,USD,0.0126619142
Exchange,JPY,13/07/2011,USD,0.0126361546
Exchange,JPY,14/07/2011,USD,0.0126374321
Exchange,JPY,15/07/2011,USD,0.0126374321
Exchange,JPY,16/07/2011,USD,0.0126404672
Exchange,JPY,17/07/2011,USD,0.0126518219
Exchange,JPY,18/07/2011,USD,0.0126294519
Exchange,JPY,19/07/2011,USD,0.0126938993
Exchange,JPY,20/07/2011,USD,0.0127709028
Exchange,JPY,21/07/2011,USD,0.0127326899
Exchange,JPY,22/07/2011,USD,0.0127326899
Exchange,JPY,23/07/2011,USD,0.0127674787
Exchange,JPY,24/07/2011,USD,0.0127730234
Exchange,JPY,25/07/2011,USD,0.0128397725
Exchange,JPY,26/07/2011,USD,0.0128238010
Exchange,JPY,27/07/2011,USD,0.0128743209
Exchange,JPY,28/07/2011,USD,0.0130267700
Exchange,JPY,29/07/2011,USD,0.0130267700
Exchange,JPY,30/07/2011,USD,0.0129587394
Exchange,JPY,31/07/2011,USD,0.0129513547
Exchange,JPY,01/08/2011,USD,0.0129612588
Exchange,JPY,02/08/2011,USD,0.0129765643
Exchange,JPY,03/08/2011,USD,0.0126765205
Exchange,JPY,04/08/2011,USD,0.0127546140
Exchange,JPY,05/08/2011,USD,0.0127598219
Exchange,JPY,06/08/2011,USD,0.0128231432
Exchange,JPY,07/08/2011,USD,0.0128600823
Exchange,JPY,08/08/2011,USD,0.0129934253
Exchange,JPY,09/08/2011,USD,0.0130106687
Exchange,JPY,10/08/2011,USD,0.0130142245
Exchange,JPY,11/08/2011,USD,0.0130379796
Exchange,JPY,12/08/2011,USD,0.0130379796
Exchange,JPY,13/08/2011,USD,0.0130130391
Exchange,JPY,14/08/2011,USD,0.0130143939
Exchange,JPY,15/08/2011,USD,0.0130204943
Exchange,JPY,16/08/2011,USD,0.0130543190
Exchange,JPY,17/08/2011,USD,0.0130582397
Exchange,JPY,18/08/2011,USD,0.0130633573
Exchange,JPY,19/08/2011,USD,0.0130633573
Exchange,JPY,20/08/2011,USD,0.0130262609
Exchange,JPY,21/08/2011,USD,0.0130218507
Exchange,JPY,22/08/2011,USD,0.0130446126
Exchange,JPY,23/08/2011,USD,0.0129910621
Exchange,JPY,24/08/2011,USD,0.0129093890
Exchange,JPY,25/08/2011,USD,0.0130386596
Exchange,JPY,26/08/2011,USD,0.0130386596
Exchange,JPY,27/08/2011,USD,0.0130284672
Exchange,JPY,28/08/2011,USD,0.0130149021
Exchange,JPY,29/08/2011,USD,0.0130311836
Exchange,JPY,30/08/2011,USD,0.0130447827
Exchange,JPY,31/08/2011,USD,0.0129993370
Exchange,JPY,01/09/2011,USD,0.0130206638
Exchange,JPY,02/09/2011,USD,0.0130206638
Exchange,JPY,03/09/2011,USD,0.0130022104
Exchange,JPY,04/09/2011,USD,0.0130052541
Exchange,JPY,05/09/2011,USD,0.0128764760
Exchange,JPY,06/09/2011,USD,0.0129444811
Exchange,JPY,07/09/2011,USD,0.0129023934
Exchange,JPY,08/09/2011,USD,0.0128875944
Exchange,JPY,09/09/2011,USD,0.0128875944
Exchange,JPY,10/09/2011,USD,0.0129095557
Exchange,JPY,11/09/2011,USD,0.0129515225
Exchange,JPY,12/09/2011,USD,0.0129954516
Exchange,JPY,13/09/2011,USD,0.0130507413
Exchange,JPY,14/09/2011,USD,0.0130376397
Exchange,JPY,15/09/2011,USD,0.0130215115
Exchange,JPY,16/09/2011,USD,0.0130215115
Exchange,JPY,17/09/2011,USD,0.0129962961
Exchange,JPY,18/09/2011,USD,0.0130565348
Exchange,JPY,19/09/2011,USD,0.0130802736
Exchange,JPY,20/09/2011,USD,0.0130795893
Exchange,JPY,21/09/2011,USD,0.0131163023
Exchange,JPY,22/09/2011,USD,0.0130558529
Exchange,JPY,23/09/2011,USD,0.0130558529
Exchange,JPY,24/09/2011,USD,0.0130758267
Exchange,JPY,25/09/2011,USD,0.0130962047
Exchange,JPY,26/09/2011,USD,0.0130184602
Exchange,JPY,27/09/2011,USD,0.0130534670
Exchange,JPY,28/09/2011,USD,0.0130145633
Exchange,JPY,29/09/2011,USD,0.0129780800
Exchange,JPY,30/09/2011,USD,0.0129780800
Exchange,JPY,01/10/2011,USD,0.0129683184
Exchange,JPY,02/10/2011,USD,0.0130500600
Exchange,JPY,03/10/2011,USD,0.0130194771
Exchange,JPY,04/10/2011,USD,0.0130220202
Exchange,JPY,05/10/2011,USD,0.0130342410
Exchange,JPY,06/10/2011,USD,0.0130228682
Exchange,JPY,07/10/2011,USD,0.0130228682
Exchange,JPY,08/10/2011,USD,0.0130194771
Exchange,JPY,09/10/2011,USD,0.0130420606
Exchange,JPY,10/10/2011,USD,0.0130464846
Exchange,JPY,11/10/2011,USD,0.0129428057
Exchange,JPY,12/10/2011,USD,0.0130042394
Exchange,JPY,13/10/2011,USD,0.0129520257
Exchange,JPY,14/10/2011,USD,0.0129520257
Exchange,JPY,15/10/2011,USD,0.0129737023
Exchange,JPY,16/10/2011,USD,0.0130155796
Exchange,JPY,17/10/2011,USD,0.0130174434
Exchange,JPY,18/10/2011,USD,0.0130194771
Exchange,JPY,19/10/2011,USD,0.0130194771
Exchange,JPY,20/10/2011,USD,0.0131157862
Exchange,JPY,21/10/2011,USD,0.0131157862
Exchange,JPY,22/10/2011,USD,0.0131219819
Exchange,JPY,23/10/2011,USD,0.0131407771
Exchange,JPY,24/10/2011,USD,0.0131409498
Exchange,JPY,25/10/2011,USD,0.0131273219
Exchange,JPY,26/10/2011,USD,0.0131669037
Exchange,JPY,27/10/2011,USD,0.0131898280
Exchange,JPY,28/10/2011,USD,0.0131898280
Exchange,JPY,29/10/2011,USD,0.0132182465
Exchange,JPY,30/10/2011,USD,0.0127927951
Exchange,JPY,31/10/2011,USD,0.0127596591
Exchange,JPY,01/11/2011,USD,0.0128127923
Exchange,JPY,02/11/2011,USD,0.0128108226
Exchange,JPY,03/11/2011,USD,0.0127815128
Exchange,JPY,05/11/2011,USD,0.0127893593
Exchange,JPY,06/11/2011,USD,0.0128122998
Exchange,JPY,07/11/2011,USD,0.0128655422
Exchange,JPY,08/11/2011,USD,0.0128506625
Exchange,JPY,09/11/2011,USD,0.0128783001
Exchange,JPY,10/11/2011,USD,0.0129639473
Exchange,JPY,11/11/2011,USD,0.0129639473
Exchange,JPY,12/11/2011,USD,0.0129416332
Exchange,JPY,13/11/2011,USD,0.0129752173
Exchange,JPY,14/11/2011,USD,0.0129821236
Exchange,JPY,15/11/2011,USD,0.0129770695
Exchange,JPY,16/11/2011,USD,0.0129902184
Exchange,JPY,17/11/2011,USD,0.0130042394
Exchange,JPY,19/11/2011,USD,0.0130055924
Exchange,JPY,20/11/2011,USD,0.0130059307
Exchange,JPY,21/11/2011,USD,0.0129917373
Exchange,JPY,22/11/2011,USD,0.0129351046
Exchange,JPY,23/11/2011,USD,0.0129671413
Exchange,JPY,24/11/2011,USD,0.0128658733
Exchange,JPY,25/11/2011,USD,0.0128658733
Exchange,JPY,26/11/2011,USD,0.0128907509
Exchange,JPY,27/11/2011,USD,0.0128231432
Exchange,JPY,28/11/2011,USD,0.0128325227
Exchange,JPY,29/11/2011,USD,0.0128832775
Exchange,JPY,30/11/2011,USD,0.0128695160
Exchange,JPY,01/12/2011,USD,0.0128219923
Exchange,JPY,02/12/2011,USD,0.0128219923
Exchange,JPY,03/12/2011,USD,0.0128145984
Exchange,JPY,04/12/2011,USD,0.0128504973
Exchange,JPY,05/12/2011,USD,0.0128645492
Exchange,JPY,06/12/2011,USD,0.0128738237
Exchange,JPY,07/12/2011,USD,0.0128802906
Exchange,JPY,08/12/2011,USD,0.0128867640
Exchange,JPY,10/12/2011,USD,0.0128726636
Exchange,JPY,11/12/2011,USD,0.0128330168
Exchange,JPY,12/12/2011,USD,0.0128208416
Exchange,JPY,13/12/2011,USD,0.0128080332
Exchange,JPY,14/12/2011,USD,0.0128443902
Exchange,JPY,15/12/2011,USD,0.0128552880
Exchange,JPY,17/12/2011,USD,0.0128547923
Exchange,JPY,18/12/2011,USD,0.0128129565
Exchange,JPY,19/12/2011,USD,0.0128389482
Exchange,JPY,20/12/2011,USD,0.0128104944
Exchange,JPY,21/12/2011,USD,0.0127923041
Exchange,JPY,22/12/2011,USD,0.0128062289
Exchange,JPY,24/12/2011,USD,0.0128075411
Exchange,JPY,25/12/2011,USD,0.0128249522
Exchange,JPY,26/12/2011,USD,0.0128405968
Exchange,JPY,27/12/2011,USD,0.0128303823
Exchange,JPY,28/12/2011,USD,0.0128802906
Exchange,JPY,29/12/2011,USD,0.0130025485
Exchange,JPY,31/12/2011,USD,0.0129934253
Exchange,JPY,01/01/2012,USD,0.0130049159
Exchange,JPY,02/01/2012,USD,0.0130318629
Exchange,JPY,03/01/2012,USD,0.0130347506
Exchange,JPY,04/01/2012,USD,0.0129676457
Exchange,JPY,05/01/2012,USD,0.0129924124
Exchange,JPY,06/01/2012,USD,0.0129924124
Exchange,JPY,07/01/2012,USD,0.0130020413
Exchange,JPY,08/01/2012,USD,0.0130147327
Exchange,JPY,09/01/2012,USD,0.0130130391
Exchange,JPY,10/01/2012,USD,0.0130113459
Exchange,JPY,11/01/2012,USD,0.0130276186
Exchange,JPY,12/01/2012,USD,0.0129925812
Exchange,JPY,14/01/2012,USD,0.0129733657
Exchange,JPY,15/01/2012,USD,0.0130238858
Exchange,JPY,16/01/2012,USD,0.0130155796
Exchange,JPY,17/01/2012,USD,0.0130155796
Exchange,JPY,18/01/2012,USD,0.0129688229
Exchange,JPY,19/01/2012,USD,0.0129819551
Exchange,JPY,20/01/2012,USD,0.0129819551
Exchange,JPY,21/01/2012,USD,0.0129939318
Exchange,JPY,22/01/2012,USD,0.0129831349
Exchange,JPY,23/01/2012,USD,0.0128751497
Exchange,JPY,24/01/2012,USD,0.0128564449
Exchange,JPY,25/01/2012,USD,0.0129113891
Exchange,JPY,26/01/2012,USD,0.0130379796
Exchange,JPY,28/01/2012,USD,0.0130405300
Exchange,JPY,29/01/2012,USD,0.0130977485
Exchange,JPY,30/01/2012,USD,0.0131116589
Exchange,JPY,31/01/2012,USD,0.0131233596
Exchange,JPY,01/02/2012,USD,0.0131195718
Exchange,JPY,02/02/2012,USD,0.0130534670
Exchange,JPY,04/02/2012,USD,0.0130522744
Exchange,JPY,05/02/2012,USD,0.0130636986
Exchange,JPY,06/02/2012,USD,0.0130264306
Exchange,JPY,07/02/2012,USD,0.0129802700
Exchange,JPY,08/02/2012,USD,0.0128758128
Exchange,JPY,09/02/2012,USD,0.0128837755
Exchange,JPY,10/02/2012,USD,0.0128834435
Exchange,JPY,11/02/2012,USD,0.0128929115
Exchange,JPY,12/02/2012,USD,0.0128910832
Exchange,JPY,13/02/2012,USD,0.0127490853
Exchange,JPY,14/02/2012,USD,0.0127495729
Exchange,JPY,15/02/2012,USD,0.0126688119
Exchange,JPY,16/02/2012,USD,0.0125694462
Exchange,JPY,17/02/2012,USD,0.0125694462
Exchange,JPY,18/02/2012,USD,0.0125618672
Exchange,JPY,19/02/2012,USD,0.0125580811
Exchange,JPY,20/02/2012,USD,0.0125407575
Exchange,JPY,21/02/2012,USD,0.0124543858
Exchange,JPY,22/02/2012,USD,0.0125001563
Exchange,JPY,23/02/2012,USD,0.0123152709
Exchange,JPY,24/02/2012,USD,0.0123152709
Exchange,JPY,25/02/2012,USD,0.0123057234
Exchange,JPY,26/02/2012,USD,0.0124061783
Exchange,JPY,27/02/2012,USD,0.0124282270
Exchange,JPY,28/02/2012,USD,0.0123228589
Exchange,JPY,29/02/2012,USD,0.0123278721
Exchange,JPY,01/03/2012,USD,0.0122231457
Exchange,JPY,02/03/2012,USD,0.0122231457
Exchange,JPY,03/03/2012,USD,0.0122286762
Exchange,JPY,04/03/2012,USD,0.0122610625
Exchange,JPY,05/03/2012,USD,0.0123618563
Exchange,JPY,06/03/2012,USD,0.0123319768
Exchange,JPY,07/03/2012,USD,0.0122621150
Exchange,JPY,08/03/2012,USD,0.0121241513
Exchange,JPY,10/03/2012,USD,0.0121204775
Exchange,JPY,11/03/2012,USD,0.0121604203
Exchange,JPY,12/03/2012,USD,0.0120557458
Exchange,JPY,13/03/2012,USD,0.0119430080
Exchange,JPY,14/03/2012,USD,0.0119653006
Exchange,JPY,15/03/2012,USD,0.0119848033
Exchange,JPY,16/03/2012,USD,0.0119848033
Exchange,JPY,17/03/2012,USD,0.0119909828
Exchange,JPY,18/03/2012,USD,0.0119981763
Exchange,JPY,19/03/2012,USD,0.0119464322
Exchange,JPY,20/03/2012,USD,0.0119895451
Exchange,JPY,21/03/2012,USD,0.0121160720
Exchange,JPY,22/03/2012,USD,0.0121434383
Exchange,JPY,23/03/2012,USD,0.0121434383
Exchange,JPY,24/03/2012,USD,0.0121348915
Exchange,JPY,25/03/2012,USD,0.0120735035
Exchange,JPY,26/03/2012,USD,0.0120228434
Exchange,JPY,27/03/2012,USD,0.0120630172
Exchange,JPY,28/03/2012,USD,0.0121275331
Exchange,JPY,29/03/2012,USD,0.0120678212
Exchange,JPY,30/03/2012,USD,0.0120678212
Exchange,JPY,31/03/2012,USD,0.0120436945
Exchange,JPY,01/04/2012,USD,0.0121838296
Exchange,JPY,02/04/2012,USD,0.0120755446
Exchange,JPY,03/04/2012,USD,0.0121266507
Exchange,JPY,04/04/2012,USD,0.0121394581
Exchange,JPY,05/04/2012,USD,0.0122490476
Exchange,JPY,07/04/2012,USD,0.0122682828
Exchange,JPY,08/04/2012,USD,0.0122711432
Exchange,JPY,09/04/2012,USD,0.0123958747
Exchange,JPY,10/04/2012,USD,0.0123667483
Exchange,JPY,11/04/2012,USD,0.0123624675
Exchange,JPY,12/04/2012,USD,0.0123591062
Exchange,JPY,13/04/2012,USD,0.0123591062
Exchange,JPY,14/04/2012,USD,0.0123685838
Exchange,JPY,15/04/2012,USD,0.0124364188
Exchange,JPY,16/04/2012,USD,0.0123695018
Exchange,JPY,17/04/2012,USD,0.0123063291
Exchange,JPY,18/04/2012,USD,0.0122544514
Exchange,JPY,19/04/2012,USD,0.0122669284
Exchange,JPY,20/04/2012,USD,0.0122594091
Exchange,JPY,21/04/2012,USD,0.0122673798
Exchange,JPY,22/04/2012,USD,0.0123175463
Exchange,JPY,23/04/2012,USD,0.0122978540
Exchange,JPY,24/04/2012,USD,0.0122931675
Exchange,JPY,25/04/2012,USD,0.0123464411
Exchange,JPY,26/04/2012,USD,0.0124584200
Exchange,JPY,27/04/2012,USD,0.0124522146
Exchange,JPY,28/04/2012,USD,0.0124584200
Exchange,JPY,29/04/2012,USD,0.0125277176
Exchange,JPY,30/04/2012,USD,0.0124854856
Exchange,JPY,01/05/2012,USD,0.0124776961
Exchange,JPY,02/05/2012,USD,0.0124714715
Exchange,JPY,03/05/2012,USD,0.0125223838
Exchange,JPY,05/05/2012,USD,0.0125236384
Exchange,JPY,06/05/2012,USD,0.0125129822
Exchange,JPY,07/05/2012,USD,0.0125205023
Exchange,JPY,08/05/2012,USD,0.0125571350
Exchange,JPY,09/05/2012,USD,0.0125114167
Exchange,JPY,10/05/2012,USD,0.0125089126
Exchange,JPY,11/05/2012,USD,0.0125089126
Exchange,JPY,12/05/2012,USD,0.0125020316
Exchange,JPY,13/05/2012,USD,0.0125239521
Exchange,JPY,14/05/2012,USD,0.0124714715
Exchange,JPY,15/05/2012,USD,0.0124483394
Exchange,JPY,16/05/2012,USD,0.0126143173
Exchange,JPY,17/05/2012,USD,0.0126534228
Exchange,JPY,18/05/2012,USD,0.0126534228
Exchange,JPY,19/05/2012,USD,0.0126380709
Exchange,JPY,20/05/2012,USD,0.0126095454
Exchange,JPY,21/05/2012,USD,0.0125059403
Exchange,JPY,22/05/2012,USD,0.0125820982
Exchange,JPY,23/05/2012,USD,0.0125629719
Exchange,JPY,24/05/2012,USD,0.0125494133
Exchange,JPY,25/05/2012,USD,0.0125494133
Exchange,JPY,26/05/2012,USD,0.0125457921
Exchange,JPY,27/05/2012,USD,0.0125822565
Exchange,JPY,28/05/2012,USD,0.0125797240
Exchange,JPY,29/05/2012,USD,0.0126467017
Exchange,JPY,30/05/2012,USD,0.0127691090
Exchange,JPY,31/05/2012,USD,0.0128173906
Exchange,JPY,02/06/2012,USD,0.0128062289
Exchange,JPY,03/06/2012,USD,0.0127638935
Exchange,JPY,04/06/2012,USD,0.0126977677
Exchange,JPY,05/06/2012,USD,0.0126270598
Exchange,JPY,06/06/2012,USD,0.0125579234
Exchange,JPY,07/06/2012,USD,0.0125825731
Exchange,JPY,09/06/2012,USD,0.0125583965
Exchange,JPY,10/06/2012,USD,0.0125874830
Exchange,JPY,11/06/2012,USD,0.0125746621
Exchange,JPY,12/06/2012,USD,0.0125806736
Exchange,JPY,13/06/2012,USD,0.0126025533
Exchange,JPY,14/06/2012,USD,0.0127029293
Exchange,JPY,16/06/2012,USD,0.0126893891
Exchange,JPY,17/06/2012,USD,0.0126403074
Exchange,JPY,18/06/2012,USD,0.0126657632
Exchange,JPY,19/06/2012,USD,0.0125726068
Exchange,JPY,20/06/2012,USD,0.0124565578
Exchange,JPY,21/06/2012,USD,0.0124333263
Exchange,JPY,22/06/2012,USD,0.0124333263
Exchange,JPY,23/06/2012,USD,0.0124337901
Exchange,JPY,24/06/2012,USD,0.0125524063
Exchange,JPY,25/06/2012,USD,0.0125764016
Exchange,JPY,26/06/2012,USD,0.0125440610
Exchange,JPY,27/06/2012,USD,0.0125858988
Exchange,JPY,28/06/2012,USD,0.0125322706
Exchange,JPY,30/06/2012,USD,0.0125217566
Exchange,JPY,01/07/2012,USD,0.0125751364
Exchange,JPY,02/07/2012,USD,0.0125327418
Exchange,JPY,03/07/2012,USD,0.0125194051
Exchange,JPY,04/07/2012,USD,0.0125125125
Exchange,JPY,05/07/2012,USD,0.0125539821
Exchange,JPY,06/07/2012,USD,0.0125539821
Exchange,JPY,07/07/2012,USD,0.0125596584
Exchange,JPY,08/07/2012,USD,0.0125692882
Exchange,JPY,09/07/2012,USD,0.0125900186
Exchange,JPY,10/07/2012,USD,0.0125371413
Exchange,JPY,11/07/2012,USD,0.0126082735
Exchange,JPY,12/07/2012,USD,0.0126296114
Exchange,JPY,13/07/2012,USD,0.0126296114
Exchange,JPY,14/07/2012,USD,0.0126147946
Exchange,JPY,15/07/2012,USD,0.0126800568
Exchange,JPY,16/07/2012,USD,0.0126479814
Exchange,JPY,17/07/2012,USD,0.0126895502
Exchange,JPY,18/07/2012,USD,0.0127247509
Exchange,JPY,19/07/2012,USD,0.0127399896
Exchange,JPY,21/07/2012,USD,0.0127469726
Exchange,JPY,22/07/2012,USD,0.0127557528
Exchange,JPY,23/07/2012,USD,0.0127911588
Exchange,JPY,24/07/2012,USD,0.0127934498
Exchange,JPY,25/07/2012,USD,0.0127860887
Exchange,JPY,26/07/2012,USD,0.0127505483
Exchange,JPY,28/07/2012,USD,0.0127466476
Exchange,JPY,29/07/2012,USD,0.0127914860
Exchange,JPY,30/07/2012,USD,0.0128003277
Exchange,JPY,31/07/2012,USD,0.0127495729
Exchange,JPY,01/08/2012,USD,0.0127805327
Exchange,JPY,02/08/2012,USD,0.0127456728
Exchange,JPY,03/08/2012,USD,0.0127456728
Exchange,JPY,04/08/2012,USD,0.0127229701
Exchange,JPY,05/08/2012,USD,0.0127802060
Exchange,JPY,06/08/2012,USD,0.0127218370
Exchange,JPY,07/08/2012,USD,0.0127495729
Exchange,JPY,08/08/2012,USD,0.0127279901
Exchange,JPY,09/08/2012,USD,0.0127762872
Exchange,JPY,11/08/2012,USD,0.0127828199
Exchange,JPY,12/08/2012,USD,0.0127682938
Exchange,JPY,13/08/2012,USD,0.0127006706
Exchange,JPY,14/08/2012,USD,0.0126590291
Exchange,JPY,15/08/2012,USD,0.0126033474
Exchange,JPY,16/08/2012,USD,0.0125684983
Exchange,JPY,17/08/2012,USD,0.0125684983
Exchange,JPY,18/08/2012,USD,0.0125688143
Exchange,JPY,19/08/2012,USD,0.0125901771
Exchange,JPY,20/08/2012,USD,0.0126127262
Exchange,JPY,21/08/2012,USD,0.0127255606
Exchange,JPY,22/08/2012,USD,0.0127398272
Exchange,JPY,23/08/2012,USD,0.0127110026
Exchange,JPY,25/08/2012,USD,0.0127059960
Exchange,JPY,26/08/2012,USD,0.0126993803
Exchange,JPY,27/08/2012,USD,0.0127375554
Exchange,JPY,28/08/2012,USD,0.0127055117
Exchange,JPY,29/08/2012,USD,0.0127182774
Exchange,JPY,30/08/2012,USD,0.0127572174
Exchange,JPY,01/09/2012,USD,0.0127647081
Exchange,JPY,02/09/2012,USD,0.0127782463
Exchange,JPY,03/09/2012,USD,0.0127502231
Exchange,JPY,04/09/2012,USD,0.0127564037
Exchange,JPY,05/09/2012,USD,0.0126803784
Exchange,JPY,06/09/2012,USD,0.0127821663
Exchange,JPY,08/09/2012,USD,0.0127792261
Exchange,JPY,09/09/2012,USD,0.0127740024
Exchange,JPY,10/09/2012,USD,0.0128590901
Exchange,JPY,11/09/2012,USD,0.0128443902
Exchange,JPY,12/09/2012,USD,0.0129048910
Exchange,JPY,13/09/2012,USD,0.0127559156
Exchange,JPY,15/09/2012,USD,0.0127638935
Exchange,JPY,16/09/2012,USD,0.0127051888
Exchange,JPY,17/09/2012,USD,0.0126882621
Exchange,JPY,18/09/2012,USD,0.0127585195
Exchange,JPY,19/09/2012,USD,0.0127803694
Exchange,JPY,20/09/2012,USD,0.0127929588
Exchange,JPY,21/09/2012,USD,0.0127929588
Exchange,JPY,22/09/2012,USD,0.0127926314
Exchange,JPY,23/09/2012,USD,0.0128452152
Exchange,JPY,24/09/2012,USD,0.0128539661
Exchange,JPY,25/09/2012,USD,0.0128625635
Exchange,JPY,26/09/2012,USD,0.0128857677
Exchange,JPY,27/09/2012,USD,0.0128338403
Exchange,JPY,29/09/2012,USD,0.0128244588
Exchange,JPY,30/09/2012,USD,0.0128216635
Exchange,JPY,01/10/2012,USD,0.0127950867
Exchange,JPY,02/10/2012,USD,0.0127403142
Exchange,JPY,03/10/2012,USD,0.0127420999
Exchange,JPY,04/10/2012,USD,0.0127110026
Exchange,JPY,06/10/2012,USD,0.0127124569
Exchange,JPY,07/10/2012,USD,0.0127656858
Exchange,JPY,08/10/2012,USD,0.0127788995
Exchange,JPY,09/10/2012,USD,0.0127903407
Exchange,JPY,10/10/2012,USD,0.0127656858
Exchange,JPY,11/10/2012,USD,0.0127482726
Exchange,JPY,13/10/2012,USD,0.0127469726
Exchange,JPY,14/10/2012,USD,0.0127148815
Exchange,JPY,15/10/2012,USD,0.0126760385
Exchange,JPY,16/10/2012,USD,0.0126683304
Exchange,JPY,17/10/2012,USD,0.0126146355
Exchange,JPY,18/10/2012,USD,0.0126081146
Exchange,JPY,20/10/2012,USD,0.0126127262
Exchange,JPY,21/10/2012,USD,0.0125089126
Exchange,JPY,22/10/2012,USD,0.0125231679
Exchange,JPY,23/10/2012,USD,0.0125305432
Exchange,JPY,24/10/2012,USD,0.0124533001
Exchange,JPY,25/10/2012,USD,0.0125550854
Exchange,JPY,26/10/2012,USD,0.0125550854
Exchange,JPY,27/10/2012,USD,0.0125610782
Exchange,JPY,28/10/2012,USD,0.0125310143
Exchange,JPY,29/10/2012,USD,0.0125582388
Exchange,JPY,30/10/2012,USD,0.0125365126
Exchange,JPY,31/10/2012,USD,0.0124806550
Exchange,JPY,01/11/2012,USD,0.0124322443
Exchange,JPY,02/11/2012,USD,0.0124322443
Exchange,JPY,03/11/2012,USD,0.0124319352
Exchange,JPY,04/11/2012,USD,0.0124551614
Exchange,JPY,05/11/2012,USD,0.0124444666
Exchange,JPY,06/11/2012,USD,0.0125006250
Exchange,JPY,07/11/2012,USD,0.0125830481
Exchange,JPY,08/11/2012,USD,0.0125795658
Exchange,JPY,09/11/2012,USD,0.0125795658
Exchange,JPY,10/11/2012,USD,0.0125798823
Exchange,JPY,11/11/2012,USD,0.0125797240
Exchange,JPY,12/11/2012,USD,0.0125976316
Exchange,JPY,13/11/2012,USD,0.0124613698
Exchange,JPY,14/11/2012,USD,0.0123201262
Exchange,JPY,15/11/2012,USD,0.0122996691
Exchange,JPY,17/11/2012,USD,0.0122865217
Exchange,JPY,18/11/2012,USD,0.0122832015
Exchange,JPY,19/11/2012,USD,0.0122431989
Exchange,JPY,20/11/2012,USD,0.0121175401
Exchange,JPY,21/11/2012,USD,0.0121253274
Exchange,JPY,22/11/2012,USD,0.0121360696
Exchange,JPY,23/11/2012,USD,0.0121360696
Exchange,JPY,24/11/2012,USD,0.0121437332
Exchange,JPY,25/11/2012,USD,0.0121833843
Exchange,JPY,26/11/2012,USD,0.0121721137
Exchange,JPY,27/11/2012,USD,0.0121838296
Exchange,JPY,28/11/2012,USD,0.0121775981
Exchange,JPY,29/11/2012,USD,0.0121240043
Exchange,JPY,02/12/2012,USD,0.0121583504
Exchange,JPY,03/12/2012,USD,0.0122104595
Exchange,JPY,04/12/2012,USD,0.0121257685
Exchange,JPY,05/12/2012,USD,0.0121357751
Exchange,JPY,06/12/2012,USD,0.0121223876
Exchange,JPY,07/12/2012,USD,0.0121223876
Exchange,JPY,09/12/2012,USD,0.0121425536
Exchange,JPY,10/12/2012,USD,0.0121188618
Exchange,JPY,11/12/2012,USD,0.0120108578
Exchange,JPY,12/12/2012,USD,0.0119548585
Exchange,JPY,13/12/2012,USD,0.0119738969
Exchange,JPY,15/12/2012,USD,0.0118573326
Exchange,JPY,16/12/2012,USD,0.0119203719
Exchange,JPY,17/12/2012,USD,0.0118756383
Exchange,JPY,18/12/2012,USD,0.0118469376
Exchange,JPY,19/12/2012,USD,0.0118507282
Exchange,JPY,20/12/2012,USD,0.0118711270
Exchange,JPY,22/12/2012,USD,0.0118517114
Exchange,JPY,23/12/2012,USD,0.0117966262
Exchange,JPY,25/12/2012,USD,0.0116778774
Exchange,JPY,26/12/2012,USD,0.0116141321
Exchange,JPY,27/12/2012,USD,0.0116425278
Exchange,JPY,29/12/2012,USD,0.0116529744
Exchange,JPY,30/12/2012,USD,0.0115449445
Exchange,JPY,01/01/2013,USD,0.0114488523
Exchange,JPY,02/01/2013,USD,0.0114631574
Exchange,JPY,03/01/2013,USD,0.0113436561
Exchange,JPY,04/01/2013,USD,0.0113436561
Exchange,JPY,05/01/2013,USD,0.0113482904
Exchange,JPY,06/01/2013,USD,0.0113904298
Exchange,JPY,07/01/2013,USD,0.0114875188
Exchange,JPY,08/01/2013,USD,0.0113794124
Exchange,JPY,09/01/2013,USD,0.0112637982
Exchange,JPY,10/01/2013,USD,0.0112128993
Exchange,JPY,11/01/2013,USD,0.0112128993
Exchange,JPY,12/01/2013,USD,0.0111984591
Exchange,JPY,13/01/2013,USD,0.0111760564
Exchange,JPY,14/01/2013,USD,0.0112620222
Exchange,JPY,15/01/2013,USD,0.0113145211
Exchange,JPY,16/01/2013,USD,0.0111260695
Exchange,JPY,17/01/2013,USD,0.0111009969
Exchange,JPY,18/01/2013,USD,0.0111009969
Exchange,JPY,19/01/2013,USD,0.0110995183
Exchange,JPY,20/01/2013,USD,0.0111600915
Exchange,JPY,21/01/2013,USD,0.0112729404
Exchange,JPY,22/01/2013,USD,0.0112848985
Exchange,JPY,23/01/2013,USD,0.0110710095
Exchange,JPY,24/01/2013,USD,0.0110037633
Exchange,JPY,26/01/2013,USD,0.0109832176
Exchange,JPY,27/01/2013,USD,0.0110065489
Exchange,JPY,28/01/2013,USD,0.0110226847
Exchange,JPY,29/01/2013,USD,0.0109786356
Exchange,JPY,30/01/2013,USD,0.0109036985
Exchange,JPY,31/01/2013,USD,0.0107726117
Exchange,JPY,01/02/2013,USD,0.0107726117
Exchange,JPY,02/02/2013,USD,0.0107781850
Exchange,JPY,03/02/2013,USD,0.0108248539
Exchange,JPY,04/02/2013,USD,0.0106798812
Exchange,JPY,05/02/2013,USD,0.0106817065
Exchange,JPY,06/02/2013,USD,0.0106805656
Exchange,JPY,07/02/2013,USD,0.0107930752
Exchange,JPY,08/02/2013,USD,0.0107930752
Exchange,JPY,10/02/2013,USD,0.0106026549
Exchange,JPY,11/02/2013,USD,0.0106975898
Exchange,JPY,12/02/2013,USD,0.0107078992
Exchange,JPY,13/02/2013,USD,0.0107670442
Exchange,JPY,14/02/2013,USD,0.0106950728
Exchange,JPY,15/02/2013,USD,0.0106950728
Exchange,JPY,17/02/2013,USD,0.0106435064
Exchange,JPY,18/02/2013,USD,0.0106869576
Exchange,JPY,19/02/2013,USD,0.0106877572
Exchange,JPY,20/02/2013,USD,0.0107392929
Exchange,JPY,21/02/2013,USD,0.0107050335
Exchange,JPY,24/02/2013,USD,0.0108908734
Exchange,JPY,25/02/2013,USD,0.0108720469
Exchange,JPY,26/02/2013,USD,0.0108419889
Exchange,JPY,27/02/2013,USD,0.0108038029
Exchange,JPY,28/02/2013,USD,0.0106851306
Exchange,JPY,01/03/2013,USD,0.0106851306
Exchange,JPY,03/03/2013,USD,0.0106970177
Exchange,JPY,04/03/2013,USD,0.0107190327
Exchange,JPY,05/03/2013,USD,0.0106306076
Exchange,JPY,06/03/2013,USD,0.0105460758
Exchange,JPY,07/03/2013,USD,0.0104163412
Exchange,JPY,08/03/2013,USD,0.0104163412
Exchange,JPY,10/03/2013,USD,0.0103862652
Exchange,JPY,11/03/2013,USD,0.0104076684
Exchange,JPY,12/03/2013,USD,0.0104033374
Exchange,JPY,13/03/2013,USD,0.0104044198
Exchange,JPY,14/03/2013,USD,0.0104962633
Exchange,JPY,15/03/2013,USD,0.0104962633
Exchange,JPY,17/03/2013,USD,0.0105026572
Exchange,JPY,18/03/2013,USD,0.0105081754
Exchange,JPY,19/03/2013,USD,0.0104151478
Exchange,JPY,20/03/2013,USD,0.0105366306
Exchange,JPY,21/03/2013,USD,0.0105855951
Exchange,JPY,22/03/2013,USD,0.0105854831
Exchange,JPY,24/03/2013,USD,0.0106193187
Exchange,JPY,25/03/2013,USD,0.0105882851
Exchange,JPY,26/03/2013,USD,0.0105871641
Exchange,JPY,27/03/2013,USD,0.0106216874
Exchange,JPY,28/03/2013,USD,0.0106148098
Exchange,JPY,31/03/2013,USD,0.0107258160
Exchange,JPY,01/04/2013,USD,0.0107020548
Exchange,JPY,02/04/2013,USD,0.0107477188
Exchange,JPY,03/04/2013,USD,0.0103803355
Exchange,JPY,04/04/2013,USD,0.0102501025
Exchange,JPY,07/04/2013,USD,0.0100648174
Exchange,JPY,08/04/2013,USD,0.0100985620
Exchange,JPY,09/04/2013,USD,0.0100228521
Exchange,JPY,10/04/2013,USD,0.0100325053
Exchange,JPY,11/04/2013,USD,0.0101621885
Exchange,JPY,12/04/2013,USD,0.0101621885
Exchange,JPY,14/04/2013,USD,0.0103344219
Exchange,JPY,15/04/2013,USD,0.0102528349
Exchange,JPY,16/04/2013,USD,0.0101921215
Exchange,JPY,17/04/2013,USD,0.0101863076
Exchange,JPY,18/04/2013,USD,0.0100484334
Exchange,JPY,21/04/2013,USD,0.0100771913
Exchange,JPY,22/04/2013,USD,0.0100526760
Exchange,JPY,23/04/2013,USD,0.0100486354
Exchange,JPY,24/04/2013,USD,0.0100751607
Exchange,JPY,25/04/2013,USD,0.0101992942
Exchange,JPY,28/04/2013,USD,0.0102295511
Exchange,JPY,29/04/2013,USD,0.0102612515
Exchange,JPY,30/04/2013,USD,0.0102677838
Exchange,JPY,01/05/2013,USD,0.0102111669
Exchange,JPY,02/05/2013,USD,0.0101012142
Exchange,JPY,05/05/2013,USD,0.0100678574
Exchange,JPY,06/05/2013,USD,0.0101014182
Exchange,JPY,07/05/2013,USD,0.0101005000
Exchange,JPY,08/05/2013,USD,0.0099409508
Exchange,JPY,09/05/2013,USD,0.0098407762
Exchange,JPY,12/05/2013,USD,0.0098204816
Exchange,JPY,13/05/2013,USD,0.0097642900
Exchange,JPY,14/05/2013,USD,0.0097799511
Exchange,JPY,15/05/2013,USD,0.0097789947
Exchange,JPY,16/05/2013,USD,0.0096878572
Exchange,JPY,19/05/2013,USD,0.0097779429
Exchange,JPY,20/05/2013,USD,0.0097566687
Exchange,JPY,21/05/2013,USD,0.0096938677
Exchange,JPY,22/05/2013,USD,0.0098026722
Exchange,JPY,23/05/2013,USD,0.0098734227
Exchange,JPY,26/05/2013,USD,0.0099052072
Exchange,JPY,27/05/2013,USD,0.0097682960
Exchange,JPY,28/05/2013,USD,0.0098853302
Exchange,JPY,29/05/2013,USD,0.0099273319
Exchange,JPY,30/05/2013,USD,0.0099548052
Exchange,JPY,02/06/2013,USD,0.0100474238
Exchange,JPY,03/06/2013,USD,0.0099978005
Exchange,JPY,04/06/2013,USD,0.0100952996
Exchange,JPY,05/06/2013,USD,0.0103123614
Exchange,JPY,06/06/2013,USD,0.0102503126
Exchange,JPY,09/06/2013,USD,0.0101249418
Exchange,JPY,10/06/2013,USD,0.0104136294
Exchange,JPY,11/06/2013,USD,0.0104142801
Exchange,JPY,12/06/2013,USD,0.0104856975
Exchange,JPY,13/06/2013,USD,0.0106280091
Exchange,JPY,16/06/2013,USD,0.0105812268
Exchange,JPY,17/06/2013,USD,0.0104900973
Exchange,JPY,18/06/2013,USD,0.0103681739
Exchange,JPY,19/06/2013,USD,0.0102788656
Exchange,JPY,20/06/2013,USD,0.0102147133
Exchange,JPY,23/06/2013,USD,0.0102319585
Exchange,JPY,24/06/2013,USD,0.0102234854
Exchange,JPY,25/06/2013,USD,0.0102324820
Exchange,JPY,26/06/2013,USD,0.0101679749
Exchange,JPY,27/06/2013,USD,0.0100871530
Exchange,JPY,30/06/2013,USD,0.0100343174
Exchange,JPY,01/07/2013,USD,0.0099376907
Exchange,JPY,02/07/2013,USD,0.0100088078
Exchange,JPY,03/07/2013,USD,0.0099966012
Exchange,JPY,04/07/2013,USD,0.0098824971
Exchange,JPY,07/07/2013,USD,0.0099041280
Exchange,JPY,08/07/2013,USD,0.0098864052
Exchange,JPY,09/07/2013,USD,0.0100314989
Exchange,JPY,10/07/2013,USD,0.0101048887
Exchange,JPY,11/07/2013,USD,0.0100792227
Exchange,JPY,14/07/2013,USD,0.0100139193
Exchange,JPY,15/07/2013,USD,0.0100910210
Exchange,JPY,16/07/2013,USD,0.0100417738
Exchange,JPY,17/07/2013,USD,0.0099579773
Exchange,JPY,18/07/2013,USD,0.0099396662
Exchange,JPY,21/07/2013,USD,0.0100338140
Exchange,JPY,22/07/2013,USD,0.0100538888
Exchange,JPY,23/07/2013,USD,0.0099735700
Exchange,JPY,24/07/2013,USD,0.0100723193
Exchange,JPY,25/07/2013,USD,0.0101758385
Exchange,JPY,28/07/2013,USD,0.0102090820
Exchange,JPY,29/07/2013,USD,0.0102007508
Exchange,JPY,30/07/2013,USD,0.0102172181
Exchange,JPY,31/07/2013,USD,0.0100460107
Exchange,JPY,01/08/2013,USD,0.0101059099
Exchange,JPY,04/08/2013,USD,0.0101731470
Exchange,JPY,05/08/2013,USD,0.0102310163
Exchange,JPY,06/08/2013,USD,0.0103803355
Exchange,JPY,07/08/2013,USD,0.0103442569
Exchange,JPY,08/08/2013,USD,0.0103932818
Exchange,JPY,11/08/2013,USD,0.0103195979
Exchange,JPY,12/08/2013,USD,0.0101828846
Exchange,JPY,13/08/2013,USD,0.0101897328
Exchange,JPY,14/08/2013,USD,0.0102703147
Exchange,JPY,15/08/2013,USD,0.0102536759
Exchange,JPY,18/08/2013,USD,0.0102507329
Exchange,JPY,19/08/2013,USD,0.0102805564
Exchange,JPY,20/08/2013,USD,0.0102375102
Exchange,JPY,21/08/2013,USD,0.0101297623
Exchange,JPY,22/08/2013,USD,0.0101280181
Exchange,JPY,25/08/2013,USD,0.0101508415
Exchange,JPY,26/08/2013,USD,0.0103059847
Exchange,JPY,27/08/2013,USD,0.0102419140
Exchange,JPY,28/08/2013,USD,0.0101681817
Exchange,JPY,29/08/2013,USD,0.0101864113
Exchange,JPY,01/09/2013,USD,0.0100670465
Exchange,JPY,02/09/2013,USD,0.0100431857
Exchange,JPY,03/09/2013,USD,0.0100263694
Exchange,JPY,04/09/2013,USD,0.0099893114
Exchange,JPY,05/09/2013,USD,0.0100899010
Exchange,JPY,08/09/2013,USD,0.0100425805
Exchange,JPY,09/09/2013,USD,0.0099615484
Exchange,JPY,10/09/2013,USD,0.0100110121
Exchange,JPY,11/09/2013,USD,0.0100465154
Exchange,JPY,12/09/2013,USD,0.0100629943
Exchange,JPY,15/09/2013,USD,0.0100936693
Exchange,JPY,16/09/2013,USD,0.0100880688
Exchange,JPY,17/09/2013,USD,0.0102107499
Exchange,JPY,18/09/2013,USD,0.0100551020
Exchange,JPY,19/09/2013,USD,0.0100651213
Exchange,JPY,22/09/2013,USD,0.0101168496
Exchange,JPY,23/09/2013,USD,0.0101270950
Exchange,JPY,24/09/2013,USD,0.0101590914
Exchange,JPY,25/09/2013,USD,0.0101023367
Exchange,JPY,26/09/2013,USD,0.0101775991
Exchange,JPY,27/09/2013,USD,0.0101783242
Exchange,JPY,29/09/2013,USD,0.0101761491
Exchange,JPY,30/09/2013,USD,0.0102047064
Exchange,JPY,01/10/2013,USD,0.0102714751
Exchange,JPY,02/10/2013,USD,0.0102809792
Exchange,JPY,03/10/2013,USD,0.0102593565
Exchange,JPY,06/10/2013,USD,0.0103406200
Exchange,JPY,07/10/2013,USD,0.0103220479
Exchange,JPY,08/10/2013,USD,0.0102726358
Exchange,JPY,09/10/2013,USD,0.0101873453
Exchange,JPY,10/10/2013,USD,0.0101442513
Exchange,JPY,13/10/2013,USD,0.0101448687
Exchange,JPY,14/10/2013,USD,0.0101872415
Exchange,JPY,15/10/2013,USD,0.0101247368
Exchange,JPY,16/10/2013,USD,0.0102130441
Exchange,JPY,17/10/2013,USD,0.0102340528
Exchange,JPY,20/10/2013,USD,0.0101844402
Exchange,JPY,21/10/2013,USD,0.0101896290
Exchange,JPY,22/10/2013,USD,0.0102696818
Exchange,JPY,23/10/2013,USD,0.0102793939
Exchange,JPY,24/10/2013,USD,0.0102660972
Exchange,JPY,27/10/2013,USD,0.0102380343
Exchange,JPY,28/10/2013,USD,0.0101849589
Exchange,JPY,29/10/2013,USD,0.0101510476
Exchange,JPY,30/10/2013,USD,0.0101673547
Exchange,JPY,31/10/2013,USD,0.0101349982
Exchange,JPY,03/11/2013,USD,0.0101417821
Exchange,JPY,04/11/2013,USD,0.0101521812
Exchange,JPY,05/11/2013,USD,0.0101360255
Exchange,JPY,06/11/2013,USD,0.0101951349
Exchange,JPY,07/11/2013,USD,0.0100960131
Exchange,JPY,10/11/2013,USD,0.0100848133
Exchange,JPY,11/11/2013,USD,0.0100366337
Exchange,JPY,12/11/2013,USD,0.0100760744
Exchange,JPY,13/11/2013,USD,0.0099988001
Exchange,JPY,14/11/2013,USD,0.0099820323
Exchange,JPY,17/11/2013,USD,0.0100008001
Exchange,JPY,18/11/2013,USD,0.0099866179
Exchange,JPY,19/11/2013,USD,0.0099966012
Exchange,JPY,20/11/2013,USD,0.0098858188
Exchange,JPY,21/11/2013,USD,0.0098738127
Exchange,JPY,24/11/2013,USD,0.0098351627
Exchange,JPY,25/11/2013,USD,0.0098729353
Exchange,JPY,26/11/2013,USD,0.0097885670
Exchange,JPY,27/11/2013,USD,0.0097725918
Exchange,JPY,28/11/2013,USD,0.0097612401
Exchange,JPY,01/12/2013,USD,0.0097145855
Exchange,JPY,02/12/2013,USD,0.0097551458
Exchange,JPY,03/12/2013,USD,0.0097698230
Exchange,JPY,04/12/2013,USD,0.0098245338
Exchange,JPY,05/12/2013,USD,0.0097170398
Exchange,JPY,08/12/2013,USD,0.0096826980
Exchange,JPY,09/12/2013,USD,0.0097233701
Exchange,JPY,10/12/2013,USD,0.0097630508
Exchange,JPY,11/12/2013,USD,0.0096731444
Exchange,JPY,12/12/2013,USD,0.0096846672
Exchange,JPY,15/12/2013,USD,0.0097074184
Exchange,JPY,16/12/2013,USD,0.0097401332
Exchange,JPY,17/12/2013,USD,0.0095884632
Exchange,JPY,18/12/2013,USD,0.0095932464
Exchange,JPY,19/12/2013,USD,0.0096079939
Exchange,JPY,22/12/2013,USD,0.0096057788
Exchange,JPY,23/12/2013,USD,0.0095929703
Exchange,JPY,25/12/2013,USD,0.0095416205
Exchange,JPY,26/12/2013,USD,0.0095093191
Exchange,JPY,29/12/2013,USD,0.0095110376
Exchange,JPY,30/12/2013,USD,0.0095005558
Exchange,JPY,01/01/2014,USD,0.0095410743
Exchange,JPY,02/01/2014,USD,0.0095373435
Exchange,JPY,05/01/2014,USD,0.0095953635
Exchange,JPY,06/01/2014,USD,0.0095602294
Exchange,JPY,07/01/2014,USD,0.0095367977
Exchange,JPY,08/01/2014,USD,0.0095408923
Exchange,JPY,09/01/2014,USD,0.0095989556
Exchange,JPY,12/01/2014,USD,0.0097087379
Exchange,JPY,13/01/2014,USD,0.0095958239
Exchange,JPY,14/01/2014,USD,0.0095642526
Exchange,JPY,15/01/2014,USD,0.0095831337
Exchange,JPY,16/01/2014,USD,0.0095847870
Exchange,JPY,19/01/2014,USD,0.0095989556
Exchange,JPY,20/01/2014,USD,0.0095875439
Exchange,JPY,21/01/2014,USD,0.0095680961
Exchange,JPY,22/01/2014,USD,0.0096847610
Exchange,JPY,23/01/2014,USD,0.0097674373
Exchange,JPY,26/01/2014,USD,0.0097514359
Exchange,JPY,27/01/2014,USD,0.0097140193
Exchange,JPY,28/01/2014,USD,0.0097765090
Exchange,JPY,29/01/2014,USD,0.0097353920
Exchange,JPY,30/01/2014,USD,0.0098022879
Exchange,JPY,02/02/2014,USD,0.0099023627
Exchange,JPY,03/02/2014,USD,0.0098380654
Exchange,JPY,04/02/2014,USD,0.0098570724
Exchange,JPY,05/02/2014,USD,0.0097939356
Exchange,JPY,06/02/2014,USD,0.0097681052
Exchange,JPY,09/02/2014,USD,0.0097785166
Exchange,JPY,10/02/2014,USD,0.0097439295
Exchange,JPY,11/02/2014,USD,0.0097526722
Exchange,JPY,12/02/2014,USD,0.0097879921
Exchange,JPY,13/02/2014,USD,0.0098226038
Exchange,JPY,16/02/2014,USD,0.0098120020
Exchange,JPY,17/02/2014,USD,0.0097695366
Exchange,JPY,18/02/2014,USD,0.0097749800
Exchange,JPY,19/02/2014,USD,0.0097778473
Exchange,JPY,20/02/2014,USD,0.0097581920
Exchange,JPY,23/02/2014,USD,0.0097566687
Exchange,JPY,24/02/2014,USD,0.0097813860
Exchange,JPY,25/02/2014,USD,0.0097677235
Exchange,JPY,26/02/2014,USD,0.0097922093
Exchange,JPY,27/02/2014,USD,0.0098248234
Exchange,JPY,02/03/2014,USD,0.0098569753
Exchange,JPY,03/03/2014,USD,0.0097845443
Exchange,JPY,04/03/2014,USD,0.0097747889
Exchange,JPY,05/03/2014,USD,0.0097014853
Exchange,JPY,06/03/2014,USD,0.0096856991
Exchange,JPY,09/03/2014,USD,0.0096834481
Exchange,JPY,10/03/2014,USD,0.0097068530
Exchange,JPY,11/03/2014,USD,0.0097317918
Exchange,JPY,12/03/2014,USD,0.0098195173
Exchange,JPY,13/03/2014,USD,0.0098658248
Exchange,JPY,16/03/2014,USD,0.0098261750
Exchange,JPY,17/03/2014,USD,0.0098583357
Exchange,JPY,18/03/2014,USD,0.0097724963
Exchange,JPY,19/03/2014,USD,0.0097663880
Exchange,JPY,20/03/2014,USD,0.0097795685
Exchange,JPY,23/03/2014,USD,0.0097802381
Exchange,JPY,24/03/2014,USD,0.0097789947
Exchange,JPY,25/03/2014,USD,0.0097997903
Exchange,JPY,26/03/2014,USD,0.0097860764
Exchange,JPY,27/03/2014,USD,0.0097258289
Exchange,JPY,30/03/2014,USD,0.0096876695
Exchange,JPY,31/03/2014,USD,0.0096469226
Exchange,JPY,01/04/2014,USD,0.0096269555
Exchange,JPY,02/04/2014,USD,0.0096214906
Exchange,JPY,03/04/2014,USD,0.0096811044
Exchange,JPY,06/04/2014,USD,0.0096993210
Exchange,JPY,07/04/2014,USD,0.0098226038
Exchange,JPY,08/04/2014,USD,0.0098042099
Exchange,JPY,09/04/2014,USD,0.0098491116
Exchange,JPY,10/04/2014,USD,0.0098409699
Exchange,JPY,13/04/2014,USD,0.0098181675
Exchange,JPY,14/04/2014,USD,0.0098121946
Exchange,JPY,15/04/2014,USD,0.0097814817
Exchange,JPY,16/04/2014,USD,0.0097669603
Exchange,JPY,17/04/2014,USD,0.0097639087
Exchange,JPY,20/04/2014,USD,0.0097463987
Exchange,JPY,21/04/2014,USD,0.0097450690
Exchange,JPY,22/04/2014,USD,0.0097524820
Exchange,JPY,23/04/2014,USD,0.0097745978
Exchange,JPY,24/04/2014,USD,0.0097855018
Exchange,JPY,27/04/2014,USD,0.0097568591
Exchange,JPY,28/04/2014,USD,0.0097426954
Exchange,JPY,29/04/2014,USD,0.0097810033
Exchange,JPY,30/04/2014,USD,0.0097724963
Exchange,JPY,01/05/2014,USD,0.0097824386
Exchange,JPY,04/05/2014,USD,0.0097901003
Exchange,JPY,05/05/2014,USD,0.0098345823
Exchange,JPY,06/05/2014,USD,0.0098131575
Exchange,JPY,07/05/2014,USD,0.0098369041
Exchange,JPY,08/05/2014,USD,0.0098187459
Exchange,JPY,11/05/2014,USD,0.0097922093
Exchange,JPY,12/05/2014,USD,0.0097788035
Exchange,JPY,13/05/2014,USD,0.0098137353
Exchange,JPY,14/05/2014,USD,0.0098444576
Exchange,JPY,15/05/2014,USD,0.0098508580
Exchange,JPY,18/05/2014,USD,0.0098524109
Exchange,JPY,19/05/2014,USD,0.0098687457
Exchange,JPY,20/05/2014,USD,0.0098658248
Exchange,JPY,21/05/2014,USD,0.0098295555
Exchange,JPY,22/05/2014,USD,0.0098050751
Exchange,JPY,25/05/2014,USD,0.0098096920
Exchange,JPY,26/05/2014,USD,0.0098068059
Exchange,JPY,27/05/2014,USD,0.0098187459
Exchange,JPY,28/05/2014,USD,0.0098245338
Exchange,JPY,29/05/2014,USD,0.0098300386
Exchange,JPY,01/06/2014,USD,0.0097663880
Exchange,JPY,02/06/2014,USD,0.0097551458
Exchange,JPY,03/06/2014,USD,0.0097327390
Exchange,JPY,04/06/2014,USD,0.0097644807
Exchange,JPY,05/06/2014,USD,0.0097581920
Exchange,JPY,08/06/2014,USD,0.0097532430
Exchange,JPY,09/06/2014,USD,0.0097707776
Exchange,JPY,10/06/2014,USD,0.0097964302
Exchange,JPY,11/06/2014,USD,0.0098330351
Exchange,JPY,12/06/2014,USD,0.0098014232
Exchange,JPY,15/06/2014,USD,0.0098193244
Exchange,JPY,16/06/2014,USD,0.0097895252
Exchange,JPY,17/06/2014,USD,0.0098106544
Exchange,JPY,18/06/2014,USD,0.0098095957
Exchange,JPY,19/06/2014,USD,0.0097965262
Exchange,JPY,22/06/2014,USD,0.0098096920
Exchange,JPY,23/06/2014,USD,0.0098064212
Exchange,JPY,24/06/2014,USD,0.0098159509
Exchange,JPY,25/06/2014,USD,0.0098300386
Exchange,JPY,26/06/2014,USD,0.0098577526
Exchange,JPY,29/06/2014,USD,0.0098684535
Exchange,JPY,30/06/2014,USD,0.0098497907
Exchange,JPY,01/07/2014,USD,0.0098254026
Exchange,JPY,02/07/2014,USD,0.0097853103
Exchange,JPY,03/07/2014,USD,0.0097966221
Exchange,JPY,06/07/2014,USD,0.0098173964
Exchange,JPY,07/07/2014,USD,0.0098455237
Exchange,JPY,08/07/2014,USD,0.0098390334
Exchange,JPY,09/07/2014,USD,0.0098677719
Exchange,JPY,10/07/2014,USD,0.0098693301
Exchange,JPY,13/07/2014,USD,0.0098485296
Exchange,JPY,14/07/2014,USD,0.0098345823
Exchange,JPY,15/07/2014,USD,0.0098347758
Exchange,JPY,16/07/2014,USD,0.0098836692
Exchange,JPY,17/07/2014,USD,0.0098689405
Exchange,JPY,20/07/2014,USD,0.0098623220
Exchange,JPY,21/07/2014,USD,0.0098559066
Exchange,JPY,22/07/2014,USD,0.0098542556
Exchange,JPY,23/07/2014,USD,0.0098218320
Exchange,JPY,24/07/2014,USD,0.0098200958
Exchange,JPY,27/07/2014,USD,0.0098173000
Exchange,JPY,28/07/2014,USD,0.0097924970
Exchange,JPY,29/07/2014,USD,0.0097283835
Exchange,JPY,30/07/2014,USD,0.0097280996
Exchange,JPY,31/07/2014,USD,0.0097456388
Exchange,JPY,03/08/2014,USD,0.0097486791
Exchange,JPY,04/08/2014,USD,0.0097469687
Exchange,JPY,05/08/2014,USD,0.0097946071
Exchange,JPY,06/08/2014,USD,0.0097947030
Exchange,JPY,07/08/2014,USD,0.0098016153
Exchange,JPY,10/08/2014,USD,0.0097853103
Exchange,JPY,11/08/2014,USD,0.0097791860
Exchange,JPY,12/08/2014,USD,0.0097640994
Exchange,JPY,13/08/2014,USD,0.0097606684
Exchange,JPY,14/08/2014,USD,0.0097697275
Exchange,JPY,17/08/2014,USD,0.0097494394
Exchange,JPY,18/08/2014,USD,0.0097168510
Exchange,JPY,19/08/2014,USD,0.0096376253
Exchange,JPY,20/08/2014,USD,0.0096294584
Exchange,JPY,21/08/2014,USD,0.0096203798
Exchange,JPY,24/08/2014,USD,0.0096102099
Exchange,JPY,25/08/2014,USD,0.0096094711
Exchange,JPY,26/08/2014,USD,0.0096264921
Exchange,JPY,27/08/2014,USD,0.0096407844
Exchange,JPY,28/08/2014,USD,0.0096079939
Exchange,JPY,31/08/2014,USD,0.0095831337
Exchange,JPY,01/09/2014,USD,0.0095154722
Exchange,JPY,02/09/2014,USD,0.0095423489
Exchange,JPY,03/09/2014,USD,0.0095001948
Exchange,JPY,04/09/2014,USD,0.0095161966
Exchange,JPY,07/09/2014,USD,0.0094314709
Exchange,JPY,08/09/2014,USD,0.0094158412
Exchange,JPY,09/09/2014,USD,0.0093580386
Exchange,JPY,10/09/2014,USD,0.0093370682
Exchange,JPY,11/09/2014,USD,0.0093151502
Exchange,JPY,14/09/2014,USD,0.0093295766
Exchange,JPY,15/09/2014,USD,0.0093344535
Exchange,JPY,16/09/2014,USD,0.0092275609
Exchange,JPY,17/09/2014,USD,0.0092010710
Exchange,JPY,18/09/2014,USD,0.0091711147
Exchange,JPY,21/09/2014,USD,0.0091880519
Exchange,JPY,22/09/2014,USD,0.0091840858
Exchange,JPY,23/09/2014,USD,0.0091706100
Exchange,JPY,24/09/2014,USD,0.0091952332
Exchange,JPY,25/09/2014,USD,0.0091501354
Exchange,JPY,28/09/2014,USD,0.0091335879
Exchange,JPY,29/09/2014,USD,0.0091197607
Exchange,JPY,30/09/2014,USD,0.0091837484
Exchange,JPY,01/10/2014,USD,0.0092233905
Exchange,JPY,02/10/2014,USD,0.0091104552
Exchange,JPY,05/10/2014,USD,0.0091928663
Exchange,JPY,06/10/2014,USD,0.0092569450
Exchange,JPY,07/10/2014,USD,0.0092526625
Exchange,JPY,08/10/2014,USD,0.0092730830
Exchange,JPY,09/10/2014,USD,0.0092892774
Exchange,JPY,12/10/2014,USD,0.0093597027
Exchange,JPY,13/10/2014,USD,0.0093410802
Exchange,JPY,14/10/2014,USD,0.0094401964
Exchange,JPY,15/10/2014,USD,0.0094053912
Exchange,JPY,16/10/2014,USD,0.0093555872
Exchange,JPY,19/10/2014,USD,0.0093504259
Exchange,JPY,20/10/2014,USD,0.0093459691
Exchange,JPY,21/10/2014,USD,0.0093341921
Exchange,JPY,22/10/2014,USD,0.0092363395
Exchange,JPY,23/10/2014,USD,0.0092455621
Exchange,JPY,26/10/2014,USD,0.0092743731
Exchange,JPY,27/10/2014,USD,0.0092447074
Exchange,JPY,28/10/2014,USD,0.0091836641
Exchange,JPY,29/10/2014,USD,0.0091559999
Exchange,JPY,30/10/2014,USD,0.0089025791
Exchange,JPY,02/11/2014,USD,0.0087679304
Exchange,JPY,03/11/2014,USD,0.0088029719
Exchange,JPY,04/11/2014,USD,0.0087228827
Exchange,JPY,05/11/2014,USD,0.0086799528
Exchange,JPY,06/11/2014,USD,0.0087263081
Exchange,JPY,09/11/2014,USD,0.0087066301
Exchange,JPY,10/11/2014,USD,0.0086375925
Exchange,JPY,11/11/2014,USD,0.0086608581
Exchange,JPY,12/11/2014,USD,0.0086381148
Exchange,JPY,13/11/2014,USD,0.0086003010
Exchange,JPY,16/11/2014,USD,0.0085743438
Exchange,JPY,17/11/2014,USD,0.0085577606
Exchange,JPY,18/11/2014,USD,0.0084769469
Exchange,JPY,19/11/2014,USD,0.0084581617
Exchange,JPY,20/11/2014,USD,0.0084842109
Exchange,JPY,23/11/2014,USD,0.0084548721
Exchange,JPY,24/11/2014,USD,0.0084765877
Exchange,JPY,25/11/2014,USD,0.0084930739
Exchange,JPY,26/11/2014,USD,0.0084950219
Exchange,JPY,27/11/2014,USD,0.0084304948
Exchange,JPY,30/11/2014,USD,0.0084458033
Exchange,JPY,01/12/2014,USD,0.0083881358
Exchange,JPY,02/12/2014,USD,0.0083478029
Exchange,JPY,03/12/2014,USD,0.0083483604
Exchange,JPY,04/12/2014,USD,0.0082323498
Exchange,JPY,07/12/2014,USD,0.0082856906
Exchange,JPY,08/12/2014,USD,0.0083546377
Exchange,JPY,09/12/2014,USD,0.0084874513
Exchange,JPY,10/12/2014,USD,0.0084282921
Exchange,JPY,11/12/2014,USD,0.0084166583
Exchange,JPY,14/12/2014,USD,0.0084882438
Exchange,JPY,15/12/2014,USD,0.0085901797
Exchange,JPY,16/12/2014,USD,0.0084289315
Exchange,JPY,17/12/2014,USD,0.0084146044
Exchange,JPY,18/12/2014,USD,0.0083672206
Exchange,JPY,21/12/2014,USD,0.0083306953
Exchange,JPY,22/12/2014,USD,0.0082856906
Exchange,JPY,23/12/2014,USD,0.0083015109
Exchange,JPY,25/12/2014,USD,0.0083068897
Exchange,JPY,28/12/2014,USD,0.0082868579
Exchange,JPY,29/12/2014,USD,0.0083701620
Exchange,JPY,30/12/2014,USD,0.0083413967
Exchange,JPY,01/01/2015,USD,0.0082991684
Exchange,JPY,04/01/2015,USD,0.0083586880
Exchange,JPY,05/01/2015,USD,0.0084470874
Exchange,JPY,06/01/2015,USD,0.0083855333
Exchange,JPY,07/01/2015,USD,0.0083569417
Exchange,JPY,08/01/2015,USD,0.0084357575
Exchange,JPY,11/01/2015,USD,0.0084496569
Exchange,JPY,12/01/2015,USD,0.0084801099
Exchange,JPY,13/01/2015,USD,0.0085228241
Exchange,JPY,14/01/2015,USD,0.0086085931
Exchange,JPY,15/01/2015,USD,0.0085016663
Exchange,JPY,18/01/2015,USD,0.0085064394
Exchange,JPY,19/01/2015,USD,0.0084165166
Exchange,JPY,20/01/2015,USD,0.0084778812
Exchange,JPY,21/01/2015,USD,0.0084386761
Exchange,JPY,22/01/2015,USD,0.0084889643
Exchange,JPY,25/01/2015,USD,0.0084419531
Exchange,JPY,26/01/2015,USD,0.0084843548
Exchange,JPY,27/01/2015,USD,0.0085080316
Exchange,JPY,28/01/2015,USD,0.0084537285
Exchange,JPY,29/01/2015,USD,0.0085081040
Exchange,JPY,01/02/2015,USD,0.0085035460
Exchange,JPY,02/02/2015,USD,0.0085057158
Exchange,JPY,03/02/2015,USD,0.0085279119
Exchange,JPY,04/02/2015,USD,0.0085084659
Exchange,JPY,05/02/2015,USD,0.0083939094
Exchange,JPY,08/02/2015,USD,0.0084293578
Exchange,JPY,09/02/2015,USD,0.0083735964
Exchange,JPY,10/02/2015,USD,0.0083013730
Exchange,JPY,11/02/2015,USD,0.0083956712
Exchange,JPY,12/02/2015,USD,0.0084175793
Exchange,JPY,15/02/2015,USD,0.0084402431
Exchange,JPY,16/02/2015,USD,0.0083863068
Exchange,JPY,17/02/2015,USD,0.0084185005
Exchange,JPY,18/02/2015,USD,0.0084073884
Exchange,JPY,19/02/2015,USD,0.0084026552
Exchange,JPY,22/02/2015,USD,0.0084165874
Exchange,JPY,23/02/2015,USD,0.0084047739
Exchange,JPY,24/02/2015,USD,0.0084132593
Exchange,JPY,25/02/2015,USD,0.0083739470
Exchange,JPY,26/02/2015,USD,0.0083607846
Exchange,JPY,01/03/2015,USD,0.0083241767
Exchange,JPY,02/03/2015,USD,0.0083515676
Exchange,JPY,03/03/2015,USD,0.0083550565
Exchange,JPY,04/03/2015,USD,0.0083240382
Exchange,JPY,05/03/2015,USD,0.0082762959
Exchange,JPY,08/03/2015,USD,0.0082542303
Exchange,JPY,09/03/2015,USD,0.0082545028
Exchange,JPY,10/03/2015,USD,0.0082336377
Exchange,JPY,11/03/2015,USD,0.0082451106
Exchange,JPY,12/03/2015,USD,0.0082383181
Exchange,JPY,15/03/2015,USD,0.0082413054
Exchange,JPY,16/03/2015,USD,0.0082389968
Exchange,JPY,17/03/2015,USD,0.0083251469
Exchange,JPY,18/03/2015,USD,0.0082800649
Exchange,JPY,19/03/2015,USD,0.0083284751
Exchange,JPY,22/03/2015,USD,0.0083524047
Exchange,JPY,23/03/2015,USD,0.0083505215
Exchange,JPY,24/03/2015,USD,0.0083690412
Exchange,JPY,25/03/2015,USD,0.0083898248
Exchange,JPY,26/03/2015,USD,0.0083944731
Exchange,JPY,29/03/2015,USD,0.0083283363
Exchange,JPY,30/03/2015,USD,0.0083234839
Exchange,JPY,31/03/2015,USD,0.0083506610
Exchange,JPY,01/04/2015,USD,0.0083525442
Exchange,JPY,02/04/2015,USD,0.0084039263
Exchange,JPY,05/04/2015,USD,0.0083656806
Exchange,JPY,06/04/2015,USD,0.0083149020
Exchange,JPY,07/04/2015,USD,0.0083241767
Exchange,JPY,08/04/2015,USD,0.0082933869
Exchange,JPY,09/04/2015,USD,0.0083196060
Exchange,JPY,12/04/2015,USD,0.0083243153
Exchange,JPY,13/04/2015,USD,0.0083754198
Exchange,JPY,14/04/2015,USD,0.0083937685
Exchange,JPY,15/04/2015,USD,0.0084031495
Exchange,JPY,16/04/2015,USD,0.0084090852
Exchange,JPY,19/04/2015,USD,0.0083901064
Exchange,JPY,20/04/2015,USD,0.0083563132
Exchange,JPY,21/04/2015,USD,0.0083395880
Exchange,JPY,22/04/2015,USD,0.0083623227
Exchange,JPY,23/04/2015,USD,0.0084057630
Exchange,JPY,26/04/2015,USD,0.0084005376
Exchange,JPY,27/04/2015,USD,0.0084121269
Exchange,JPY,28/04/2015,USD,0.0084020904
Exchange,JPY,29/04/2015,USD,0.0083768932
Exchange,JPY,30/04/2015,USD,0.0083187755
Exchange,JPY,03/05/2015,USD,0.0083248697
Exchange,JPY,04/05/2015,USD,0.0083429277
Exchange,JPY,05/05/2015,USD,0.0083708627
Exchange,JPY,06/05/2015,USD,0.0083512886
Exchange,JPY,07/05/2015,USD,0.0083476635
Exchange,JPY,10/05/2015,USD,0.0083272267
Exchange,JPY,11/05/2015,USD,0.0083424405
Exchange,JPY,12/05/2015,USD,0.0083927822
Exchange,JPY,13/05/2015,USD,0.0083913737
Exchange,JPY,14/05/2015,USD,0.0083787883
Exchange,JPY,17/05/2015,USD,0.0083344446
Exchange,JPY,18/05/2015,USD,0.0082858966
Exchange,JPY,19/05/2015,USD,0.0082396757
Exchange,JPY,20/05/2015,USD,0.0082626874
Exchange,JPY,21/05/2015,USD,0.0082281501
Exchange,JPY,24/05/2015,USD,0.0082263903
Exchange,JPY,25/05/2015,USD,0.0081220913
Exchange,JPY,26/05/2015,USD,0.0080862970
Exchange,JPY,27/05/2015,USD,0.0080675089
Exchange,JPY,28/05/2015,USD,0.0080550320
Exchange,JPY,31/05/2015,USD,0.0080137195
Exchange,JPY,01/06/2015,USD,0.0080571088
Exchange,JPY,02/06/2015,USD,0.0080497150
Exchange,JPY,03/06/2015,USD,0.0080406535
Exchange,JPY,04/06/2015,USD,0.0079618468
Exchange,JPY,07/06/2015,USD,0.0080326447
Exchange,JPY,08/06/2015,USD,0.0080419468
Exchange,JPY,09/06/2015,USD,0.0081516866
Exchange,JPY,10/06/2015,USD,0.0081022832
Exchange,JPY,11/06/2015,USD,0.0081032680
Exchange,JPY,14/06/2015,USD,0.0081041218
Exchange,JPY,15/06/2015,USD,0.0081066840
Exchange,JPY,16/06/2015,USD,0.0081009705
Exchange,JPY,17/06/2015,USD,0.0081331230
Exchange,JPY,18/06/2015,USD,0.0081493615
Exchange,JPY,21/06/2015,USD,0.0081053698
Exchange,JPY,22/06/2015,USD,0.0080684202
Exchange,JPY,23/06/2015,USD,0.0080743486
Exchange,JPY,24/06/2015,USD,0.0080893059
Exchange,JPY,25/06/2015,USD,0.0080745442
Exchange,JPY,28/06/2015,USD,0.0081600679
Exchange,JPY,29/06/2015,USD,0.0081633319
Exchange,JPY,30/06/2015,USD,0.0081187942
Exchange,JPY,01/07/2015,USD,0.0081259853
Exchange,JPY,02/07/2015,USD,0.0081452460
Exchange,JPY,05/07/2015,USD,0.0081584036
Exchange,JPY,06/07/2015,USD,0.0081604674
Exchange,JPY,07/07/2015,USD,0.0082850041
Exchange,JPY,08/07/2015,USD,0.0082414413
Exchange,JPY,09/07/2015,USD,0.0081434551
Exchange,JPY,12/07/2015,USD,0.0081017581
Exchange,JPY,13/07/2015,USD,0.0081047129
Exchange,JPY,14/07/2015,USD,0.0080796329
Exchange,JPY,15/07/2015,USD,0.0080550320
Exchange,JPY,16/07/2015,USD,0.0080603559
Exchange,JPY,19/07/2015,USD,0.0080462175
Exchange,JPY,20/07/2015,USD,0.0080716765
Exchange,JPY,21/07/2015,USD,0.0080662074
Exchange,JPY,22/07/2015,USD,0.0080704388
Exchange,JPY,23/07/2015,USD,0.0080775444
Exchange,JPY,26/07/2015,USD,0.0081138536
Exchange,JPY,27/07/2015,USD,0.0080935616
Exchange,JPY,28/07/2015,USD,0.0080683551
Exchange,JPY,29/07/2015,USD,0.0080550969
Exchange,JPY,30/07/2015,USD,0.0080736967
Exchange,JPY,02/08/2015,USD,0.0080624355
Exchange,JPY,03/08/2015,USD,0.0080398778
Exchange,JPY,04/08/2015,USD,0.0080084569
Exchange,JPY,05/08/2015,USD,0.0080166747
Exchange,JPY,06/08/2015,USD,0.0080501038
Exchange,JPY,09/08/2015,USD,0.0080239434
Exchange,JPY,10/08/2015,USD,0.0079920719
Exchange,JPY,11/08/2015,USD,0.0080508816
Exchange,JPY,12/08/2015,USD,0.0080365179
Exchange,JPY,13/08/2015,USD,0.0080429170
Exchange,JPY,16/08/2015,USD,0.0080393607
Exchange,JPY,17/08/2015,USD,0.0080379391
Exchange,JPY,18/08/2015,USD,0.0080774792
Exchange,JPY,19/08/2015,USD,0.0081034650
Exchange,JPY,20/08/2015,USD,0.0081946391
Exchange,JPY,23/08/2015,USD,0.0084438778
Exchange,JPY,24/08/2015,USD,0.0084128346
Exchange,JPY,25/08/2015,USD,0.0083401445
Exchange,JPY,26/08/2015,USD,0.0082622777
Exchange,JPY,27/08/2015,USD,0.0082149018
Exchange,JPY,28/08/2015,USD,0.0082159142
Exchange,JPY,30/08/2015,USD,0.0082491916
Exchange,JPY,31/08/2015,USD,0.0083766125
Exchange,JPY,01/09/2015,USD,0.0083104105
Exchange,JPY,02/09/2015,USD,0.0083292381
Exchange,JPY,03/09/2015,USD,0.0084020904
Exchange,JPY,06/09/2015,USD,0.0083837757
Exchange,JPY,07/09/2015,USD,0.0083462004
Exchange,JPY,08/09/2015,USD,0.0082982731
Exchange,JPY,09/09/2015,USD,0.0082898118
Exchange,JPY,10/09/2015,USD,0.0082925616
Exchange,JPY,13/09/2015,USD,0.0083170458
Exchange,JPY,14/09/2015,USD,0.0083041305
Exchange,JPY,15/09/2015,USD,0.0082941435
Exchange,JPY,16/09/2015,USD,0.0083329861
Exchange,JPY,17/09/2015,USD,0.0083343057
Exchange,JPY,20/09/2015,USD,0.0082946251
Exchange,JPY,21/09/2015,USD,0.0083220985
Exchange,JPY,22/09/2015,USD,0.0083143489
Exchange,JPY,23/09/2015,USD,0.0083291687
Exchange,JPY,24/09/2015,USD,0.0082918740
Exchange,JPY,27/09/2015,USD,0.0083386145
Exchange,JPY,28/09/2015,USD,0.0083514978
Exchange,JPY,29/09/2015,USD,0.0083418142
Exchange,JPY,30/09/2015,USD,0.0083386145
Exchange,JPY,01/10/2015,USD,0.0083400053
Exchange,JPY,04/10/2015,USD,0.0083014420
Exchange,JPY,05/10/2015,USD,0.0083171841
Exchange,JPY,06/10/2015,USD,0.0083325001
Exchange,JPY,07/10/2015,USD,0.0083379192
Exchange,JPY,08/10/2015,USD,0.0083178759
Exchange,JPY,11/10/2015,USD,0.0083305565
Exchange,JPY,12/10/2015,USD,0.0083512886
Exchange,JPY,13/10/2015,USD,0.0084153125
Exchange,JPY,14/10/2015,USD,0.0084105704
Exchange,JPY,15/10/2015,USD,0.0083717036
Exchange,JPY,18/10/2015,USD,0.0083682008
Exchange,JPY,19/10/2015,USD,0.0083441808
Exchange,JPY,20/10/2015,USD,0.0083380582
Exchange,JPY,21/10/2015,USD,0.0082855533
Exchange,JPY,22/10/2015,USD,0.0082326887
Exchange,JPY,25/10/2015,USD,0.0082579111
Exchange,JPY,26/10/2015,USD,0.0083017865
Exchange,JPY,27/10/2015,USD,0.0082583203
Exchange,JPY,28/10/2015,USD,0.0082562748
Exchange,JPY,29/10/2015,USD,0.0082910490
Exchange,JPY,01/11/2015,USD,0.0082812306
Exchange,JPY,02/11/2015,USD,0.0082594116
Exchange,JPY,03/11/2015,USD,0.0082270671
Exchange,JPY,04/11/2015,USD,0.0082135524
Exchange,JPY,05/11/2015,USD,0.0081196512
Exchange,JPY,08/11/2015,USD,0.0081185965
Exchange,JPY,09/11/2015,USD,0.0081191238
Exchange,JPY,10/11/2015,USD,0.0081394781
Exchange,JPY,11/11/2015,USD,0.0081555425
Exchange,JPY,12/11/2015,USD,0.0081562077
Exchange,JPY,15/11/2015,USD,0.0081185305
Exchange,JPY,16/11/2015,USD,0.0081009705
Exchange,JPY,17/11/2015,USD,0.0080879974
Exchange,JPY,18/11/2015,USD,0.0081390144
Exchange,JPY,19/11/2015,USD,0.0081437867
Exchange,JPY,22/11/2015,USD,0.0081406708
Exchange,JPY,23/11/2015,USD,0.0081608670
Exchange,JPY,24/11/2015,USD,0.0081494279
Exchange,JPY,25/11/2015,USD,0.0081574053
Exchange,JPY,26/11/2015,USD,0.0081447816
Exchange,JPY,29/11/2015,USD,0.0081224871
Exchange,JPY,30/11/2015,USD,0.0081380208
Exchange,JPY,01/12/2015,USD,0.0081138536
Exchange,JPY,02/12/2015,USD,0.0081560081
Exchange,JPY,03/12/2015,USD,0.0081222892
Exchange,JPY,06/12/2015,USD,0.0081056983
Exchange,JPY,07/12/2015,USD,0.0081346446
Exchange,JPY,08/12/2015,USD,0.0082345191
Exchange,JPY,09/12/2015,USD,0.0082259842
Exchange,JPY,10/12/2015,USD,0.0082656924
Exchange,JPY,13/12/2015,USD,0.0082618682
Exchange,JPY,14/12/2015,USD,0.0082185476
Exchange,JPY,15/12/2015,USD,0.0081827704
Exchange,JPY,16/12/2015,USD,0.0081592689
Exchange,JPY,17/12/2015,USD,0.0082533447
Exchange,JPY,20/12/2015,USD,0.0082519144
Exchange,JPY,21/12/2015,USD,0.0082596845
Exchange,JPY,22/12/2015,USD,0.0082700673
Exchange,JPY,23/12/2015,USD,0.0083137268
Exchange,JPY,27/12/2015,USD,0.0083061308
Exchange,JPY,28/12/2015,USD,0.0083015109
Exchange,JPY,29/12/2015,USD,0.0082964143
Exchange,JPY,30/12/2015,USD,0.0083188447
Exchange,JPY,03/01/2016,USD,0.0083720541
Exchange,JPY,04/01/2016,USD,0.0083989149
Exchange,JPY,05/01/2016,USD,0.0084405993
Exchange,JPY,06/01/2016,USD,0.0084983428
Exchange,JPY,07/01/2016,USD,0.0085296576
Exchange,JPY,10/01/2016,USD,0.0084917757
Exchange,JPY,11/01/2016,USD,0.0085002933
Exchange,JPY,12/01/2016,USD,0.0084986317
Exchange,JPY,13/01/2016,USD,0.0084699106
Exchange,JPY,14/01/2016,USD,0.0085460590
Exchange,JPY,17/01/2016,USD,0.0085219525
Exchange,JPY,18/01/2016,USD,0.0085009436
Exchange,JPY,19/01/2016,USD,0.0085508820
Exchange,JPY,20/01/2016,USD,0.0084964655
Exchange,JPY,21/01/2016,USD,0.0084192802
Exchange,JPY,24/01/2016,USD,0.0084533712
Exchange,JPY,25/01/2016,USD,0.0084443056
Exchange,JPY,26/01/2016,USD,0.0084260195
Exchange,JPY,27/01/2016,USD,0.0084162332
Exchange,JPY,28/01/2016,USD,0.0082553206
Exchange,JPY,31/01/2016,USD,0.0082650093
Exchange,JPY,01/02/2016,USD,0.0083359731
Exchange,JPY,02/02/2016,USD,0.0084831313
Exchange,JPY,03/02/2016,USD,0.0085633301
Exchange,JPY,04/02/2016,USD,0.0085567354
Exchange,JPY,07/02/2016,USD,0.0086320751
Exchange,JPY,08/02/2016,USD,0.0086862861
Exchange,JPY,09/02/2016,USD,0.0088228547
Exchange,JPY,10/02/2016,USD,0.0088944232
Exchange,JPY,11/02/2016,USD,0.0088319717
Exchange,JPY,14/02/2016,USD,0.0087261558
Exchange,JPY,15/02/2016,USD,0.0087654711
Exchange,JPY,16/02/2016,USD,0.0087650101
Exchange,JPY,17/02/2016,USD,0.0088297882
Exchange,JPY,18/02/2016,USD,0.0088828880
Exchange,JPY,21/02/2016,USD,0.0088556703
Exchange,JPY,22/02/2016,USD,0.0089201292
Exchange,JPY,23/02/2016,USD,0.0089147218
Exchange,JPY,24/02/2016,USD,0.0088504974
Exchange,JPY,25/02/2016,USD,0.0087732381
Exchange,JPY,28/02/2016,USD,0.0088731145
Exchange,JPY,29/02/2016,USD,0.0087716990
Exchange,JPY,01/03/2016,USD,0.0088129021
Exchange,JPY,02/03/2016,USD,0.0087955389
Exchange,JPY,03/03/2016,USD,0.0087894316
Exchange,JPY,06/03/2016,USD,0.0088139896
Exchange,JPY,07/03/2016,USD,0.0088787868
Exchange,JPY,08/03/2016,USD,0.0088230104
Exchange,JPY,09/03/2016,USD,0.0088328299
Exchange,JPY,10/03/2016,USD,0.0087841043
Exchange,JPY,13/03/2016,USD,0.0087859565
Exchange,JPY,14/03/2016,USD,0.0088357956
Exchange,JPY,15/03/2016,USD,0.0088835193
Exchange,JPY,16/03/2016,USD,0.0089766607
Exchange,JPY,17/03/2016,USD,0.0089642684
Exchange,JPY,20/03/2016,USD,0.0089325592
Exchange,JPY,21/03/2016,USD,0.0088998060
Exchange,JPY,22/03/2016,USD,0.0088983013
Exchange,JPY,23/03/2016,USD,0.0088577098
Exchange,JPY,24/03/2016,USD,0.0088423584
Exchange,JPY,27/03/2016,USD,0.0088149219
Exchange,JPY,28/03/2016,USD,0.0088707531
Exchange,JPY,29/03/2016,USD,0.0088936322
Exchange,JPY,30/03/2016,USD,0.0088827302
Exchange,JPY,31/03/2016,USD,0.0089503880
Exchange,JPY,03/04/2016,USD,0.0089823049
Exchange,JPY,04/04/2016,USD,0.0090619110
Exchange,JPY,05/04/2016,USD,0.0091085465
Exchange,JPY,06/04/2016,USD,0.0092414609
Exchange,JPY,07/04/2016,USD,0.0092525768
Exchange,JPY,10/04/2016,USD,0.0092635479
Exchange,JPY,11/04/2016,USD,0.0092130235
Exchange,JPY,12/04/2016,USD,0.0091457838
Exchange,JPY,13/04/2016,USD,0.0091414363
Exchange,JPY,14/04/2016,USD,0.0091955714
Exchange,JPY,17/04/2016,USD,0.0091890650
Exchange,JPY,18/04/2016,USD,0.0091558323
Exchange,JPY,19/04/2016,USD,0.0091036542
Exchange,JPY,20/04/2016,USD,0.0091355070
Exchange,JPY,21/04/2016,USD,0.0089462242
Exchange,JPY,24/04/2016,USD,0.0089929675
Exchange,JPY,25/04/2016,USD,0.0089840802
Exchange,JPY,26/04/2016,USD,0.0089722309
Exchange,JPY,27/04/2016,USD,0.0092506082
Exchange,JPY,28/04/2016,USD,0.0094037991
Exchange,JPY,01/05/2016,USD,0.0093975247
Exchange,JPY,02/05/2016,USD,0.0093805990
Exchange,JPY,03/05/2016,USD,0.0093448337
Exchange,JPY,04/05/2016,USD,0.0093233139
Exchange,JPY,05/05/2016,USD,0.0093351506
Exchange,JPY,08/05/2016,USD,0.0092312237
Exchange,JPY,09/05/2016,USD,0.0091519777
Exchange,JPY,10/05/2016,USD,0.0092226249
Exchange,JPY,11/05/2016,USD,0.0091731337
Exchange,JPY,12/05/2016,USD,0.0092042892
Exchange,JPY,15/05/2016,USD,0.0091721241
Exchange,JPY,16/05/2016,USD,0.0091623756
Exchange,JPY,17/05/2016,USD,0.0090747396
Exchange,JPY,18/05/2016,USD,0.0090943815
Exchange,JPY,19/05/2016,USD,0.0090814149
Exchange,JPY,22/05/2016,USD,0.0091547426
Exchange,JPY,23/05/2016,USD,0.0090916530
Exchange,JPY,24/05/2016,USD,0.0090739161
Exchange,JPY,25/05/2016,USD,0.0091101232
Exchange,JPY,26/05/2016,USD,0.0090675807
Exchange,JPY,29/05/2016,USD,0.0089997660
Exchange,JPY,30/05/2016,USD,0.0090306500
Exchange,JPY,31/05/2016,USD,0.0091292519
Exchange,JPY,01/06/2016,USD,0.0091848450
Exchange,JPY,02/06/2016,USD,0.0093873796
Exchange,JPY,05/06/2016,USD,0.0092979145
Exchange,JPY,06/06/2016,USD,0.0093129814
Exchange,JPY,07/06/2016,USD,0.0093467553
Exchange,JPY,08/06/2016,USD,0.0093358478
Exchange,JPY,09/06/2016,USD,0.0093495517
Exchange,JPY,12/06/2016,USD,0.0094113218
Exchange,JPY,13/06/2016,USD,0.0094239160
Exchange,JPY,14/06/2016,USD,0.0094336063
Exchange,JPY,15/06/2016,USD,0.0095918661
Exchange,JPY,16/06/2016,USD,0.0096032882
Exchange,JPY,19/06/2016,USD,0.0096211203
Exchange,JPY,20/06/2016,USD,0.0095454459
Exchange,JPY,21/06/2016,USD,0.0095768929
Exchange,JPY,22/06/2016,USD,0.0094186791
Exchange,JPY,23/06/2016,USD,0.0097847358
Exchange,JPY,26/06/2016,USD,0.0098036332
Exchange,JPY,27/06/2016,USD,0.0097319812
Exchange,JPY,28/06/2016,USD,0.0097258289
Exchange,JPY,29/06/2016,USD,0.0096908615
Exchange,JPY,30/06/2016,USD,0.0097540992
Exchange,JPY,03/07/2016,USD,0.0097512457
Exchange,JPY,04/07/2016,USD,0.0098293623
Exchange,JPY,05/07/2016,USD,0.0098704991
Exchange,JPY,06/07/2016,USD,0.0099229975
Exchange,JPY,07/07/2016,USD,0.0099442130
Exchange,JPY,10/07/2016,USD,0.0097270587
Exchange,JPY,11/07/2016,USD,0.0095521019
Exchange,JPY,12/07/2016,USD,0.0095710266
Exchange,JPY,13/07/2016,USD,0.0094924393
Exchange,JPY,14/07/2016,USD,0.0095367068
Exchange,JPY,17/07/2016,USD,0.0094199212
Exchange,JPY,18/07/2016,USD,0.0094228504
Exchange,JPY,19/07/2016,USD,0.0093566376
Exchange,JPY,20/07/2016,USD,0.0094507239
Exchange,JPY,21/07/2016,USD,0.0094237384
Exchange,JPY,24/07/2016,USD,0.0094509026
Exchange,JPY,25/07/2016,USD,0.0095574883
Exchange,JPY,26/07/2016,USD,0.0094883862
Exchange,JPY,27/07/2016,USD,0.0095001045
Exchange,JPY,28/07/2016,USD,0.0097973900
Exchange,JPY,31/07/2016,USD,0.0097662926
Exchange,JPY,01/08/2016,USD,0.0099117851
Exchange,JPY,02/08/2016,USD,0.0098775188
Exchange,JPY,03/08/2016,USD,0.0098791777
Exchange,JPY,04/08/2016,USD,0.0098212532
Exchange,JPY,07/08/2016,USD,0.0097607637
Exchange,JPY,08/08/2016,USD,0.0098152765
Exchange,JPY,09/08/2016,USD,0.0098732278
Exchange,JPY,10/08/2016,USD,0.0098073830
Exchange,JPY,11/08/2016,USD,0.0098713760
Exchange,JPY,14/08/2016,USD,0.0098762506
Exchange,JPY,15/08/2016,USD,0.0099692946
Exchange,JPY,16/08/2016,USD,0.0099731722
Exchange,JPY,17/08/2016,USD,0.0100118139
Exchange,JPY,18/08/2016,USD,0.0099780483
Exchange,JPY,21/08/2016,USD,0.0099677046
Exchange,JPY,22/08/2016,USD,0.0099757589
Exchange,JPY,23/08/2016,USD,0.0099552016
Exchange,JPY,24/08/2016,USD,0.0099470815
Exchange,JPY,25/08/2016,USD,0.0098206745
Exchange,JPY,28/08/2016,USD,0.0098117132
Exchange,JPY,29/08/2016,USD,0.0097120381
Exchange,JPY,30/08/2016,USD,0.0096691226
Exchange,JPY,31/08/2016,USD,0.0096870126
Exchange,JPY,01/09/2016,USD,0.0096207500
Exchange,JPY,04/09/2016,USD,0.0096679074
Exchange,JPY,05/09/2016,USD,0.0098019996
Exchange,JPY,06/09/2016,USD,0.0098287826
Exchange,JPY,07/09/2016,USD,0.0097574303
Exchange,JPY,08/09/2016,USD,0.0097375724
Exchange,JPY,11/09/2016,USD,0.0098191316
Exchange,JPY,12/09/2016,USD,0.0097510556
Exchange,JPY,13/09/2016,USD,0.0097629554
Exchange,JPY,14/09/2016,USD,0.0097954706
Exchange,JPY,15/09/2016,USD,0.0097791860
Exchange,JPY,18/09/2016,USD,0.0098116170
Exchange,JPY,19/09/2016,USD,0.0098312950
Exchange,JPY,20/09/2016,USD,0.0099676053
Exchange,JPY,21/09/2016,USD,0.0099241793
Exchange,JPY,22/09/2016,USD,0.0099009901
Exchange,JPY,25/09/2016,USD,0.0099665125
Exchange,JPY,26/09/2016,USD,0.0099571841
Exchange,JPY,27/09/2016,USD,0.0099314728
Exchange,JPY,28/09/2016,USD,0.0098969725
Exchange,JPY,29/09/2016,USD,0.0098665062
Exchange,JPY,02/10/2016,USD,0.0098376783
Exchange,JPY,03/10/2016,USD,0.0097177952
Exchange,JPY,04/10/2016,USD,0.0096622092
Exchange,JPY,05/10/2016,USD,0.0096195469
Exchange,JPY,06/10/2016,USD,0.0097174175
Exchange,JPY,09/10/2016,USD,0.0096512986
Exchange,JPY,10/10/2016,USD,0.0096607157
Exchange,JPY,11/10/2016,USD,0.0095963764
Exchange,JPY,12/10/2016,USD,0.0096434805
Exchange,JPY,13/10/2016,USD,0.0096000614
Exchange,JPY,16/10/2016,USD,0.0096261214
Exchange,JPY,17/10/2016,USD,0.0096281604
Exchange,JPY,18/10/2016,USD,0.0096666924
Exchange,JPY,19/10/2016,USD,0.0096196395
Exchange,JPY,20/10/2016,USD,0.0096309423
Exchange,JPY,23/10/2016,USD,0.0095985871
Exchange,JPY,24/10/2016,USD,0.0095947191
Exchange,JPY,25/10/2016,USD,0.0095713930
Exchange,JPY,26/10/2016,USD,0.0094981194
Exchange,JPY,27/10/2016,USD,0.0095489095
Exchange,JPY,30/10/2016,USD,0.0095398000
Exchange,JPY,31/10/2016,USD,0.0096013519
Exchange,JPY,01/11/2016,USD,0.0096799799
Exchange,JPY,02/11/2016,USD,0.0097108120
Exchange,JPY,03/11/2016,USD,0.0096968757
Exchange,JPY,06/11/2016,USD,0.0095715762
Exchange,JPY,07/11/2016,USD,0.0095078725
Exchange,JPY,08/11/2016,USD,0.0094644987
Exchange,JPY,09/11/2016,USD,0.0093618933
Exchange,JPY,10/11/2016,USD,0.0093735647
Exchange,JPY,13/11/2016,USD,0.0092231353
Exchange,JPY,14/11/2016,USD,0.0091578446
Exchange,JPY,15/11/2016,USD,0.0091679196
Exchange,JPY,16/11/2016,USD,0.0090796009
Exchange,JPY,17/11/2016,USD,0.0090162382
Exchange,JPY,20/11/2016,USD,0.0090228278
Exchange,JPY,21/11/2016,USD,0.0089966892
Exchange,JPY,22/11/2016,USD,0.0088868350
Exchange,JPY,23/11/2016,USD,0.0088239447
Exchange,JPY,24/11/2016,USD,0.0088297882
Exchange,JPY,27/11/2016,USD,0.0089347939
Exchange,JPY,28/11/2016,USD,0.0088975888
Exchange,JPY,29/11/2016,USD,0.0087365239
Exchange,JPY,30/11/2016,USD,0.0087645492
Exchange,JPY,01/12/2016,USD,0.0088094084
Exchange,JPY,04/12/2016,USD,0.0087833327
Exchange,JPY,05/12/2016,USD,0.0087705450
Exchange,JPY,06/12/2016,USD,0.0087904360
Exchange,JPY,07/12/2016,USD,0.0087696220
Exchange,JPY,08/12/2016,USD,0.0086715227
Exchange,JPY,11/12/2016,USD,0.0086938378
Exchange,JPY,12/12/2016,USD,0.0086814599
Exchange,JPY,13/12/2016,USD,0.0085438685
Exchange,JPY,14/12/2016,USD,0.0084616686
Exchange,JPY,15/12/2016,USD,0.0084808291
Exchange,JPY,18/12/2016,USD,0.0085399284
Exchange,JPY,19/12/2016,USD,0.0084843548
Exchange,JPY,20/12/2016,USD,0.0085065117
Exchange,JPY,21/12/2016,USD,0.0085077420
Exchange,JPY,22/12/2016,USD,0.0085227515
Exchange,JPY,26/12/2016,USD,0.0085164367
Exchange,JPY,27/12/2016,USD,0.0085279846
Exchange,JPY,28/12/2016,USD,0.0085810393
Exchange,JPY,29/12/2016,USD,0.0085457669
Exchange,JPY,02/01/2017,USD,0.0084927133
Exchange,JPY,03/01/2017,USD,0.0085290029
Exchange,JPY,04/01/2017,USD,0.0086682154
Exchange,JPY,05/01/2017,USD,0.0085483237
Exchange,JPY,08/01/2017,USD,0.0086169754
Exchange,JPY,09/01/2017,USD,0.0086372195
Exchange,JPY,10/01/2017,USD,0.0086644601
Exchange,JPY,11/01/2017,USD,0.0087169519
Exchange,JPY,12/01/2017,USD,0.0087337770
Exchange,JPY,15/01/2017,USD,0.0087566441
Exchange,JPY,16/01/2017,USD,0.0088804426
Exchange,JPY,17/01/2017,USD,0.0087238720
Exchange,JPY,18/01/2017,USD,0.0087062511
Exchange,JPY,19/01/2017,USD,0.0087271458
Exchange,JPY,22/01/2017,USD,0.0088731145
Exchange,JPY,23/01/2017,USD,0.0087887364
Exchange,JPY,24/01/2017,USD,0.0088276836
Exchange,JPY,25/01/2017,USD,0.0087308031
Exchange,JPY,26/01/2017,USD,0.0086885502
Exchange,JPY,29/01/2017,USD,0.0087888908
Exchange,JPY,30/01/2017,USD,0.0088650910
Exchange,JPY,31/01/2017,USD,0.0088301780
Exchange,JPY,01/02/2017,USD,0.0088647767
Exchange,JPY,02/02/2017,USD,0.0088813102
Exchange,JPY,05/02/2017,USD,0.0089489463
Exchange,JPY,06/02/2017,USD,0.0088969555
Exchange,JPY,07/02/2017,USD,0.0089339956
Exchange,JPY,08/02/2017,USD,0.0088301780
Exchange,JPY,09/02/2017,USD,0.0088318157
Exchange,JPY,12/02/2017,USD,0.0087921363
Exchange,JPY,13/02/2017,USD,0.0087516628
Exchange,JPY,14/02/2017,USD,0.0087600960
Exchange,JPY,15/02/2017,USD,0.0088303340
Exchange,JPY,16/02/2017,USD,0.0088645409
Exchange,JPY,19/02/2017,USD,0.0088414985
Exchange,JPY,20/02/2017,USD,0.0087963900
Exchange,JPY,21/02/2017,USD,0.0088250349
Exchange,JPY,22/02/2017,USD,0.0088791021
Exchange,JPY,23/02/2017,USD,0.0089186176
Exchange,JPY,26/02/2017,USD,0.0088739019
Exchange,JPY,27/02/2017,USD,0.0088661128
Exchange,JPY,28/02/2017,USD,0.0087930640
Exchange,JPY,01/03/2017,USD,0.0087408003
Exchange,JPY,02/03/2017,USD,0.0087715451
Exchange,JPY,05/03/2017,USD,0.0087799396
Exchange,JPY,06/03/2017,USD,0.0087734690
Exchange,JPY,07/03/2017,USD,0.0087422522
Exchange,JPY,08/03/2017,USD,0.0086985265
Exchange,JPY,09/03/2017,USD,0.0087139894
Exchange,JPY,12/03/2017,USD,0.0087045838
Exchange,JPY,13/03/2017,USD,0.0087155084
Exchange,JPY,14/03/2017,USD,0.0088197421
Exchange,JPY,15/03/2017,USD,0.0088256580
Exchange,JPY,16/03/2017,USD,0.0088724059
Exchange,JPY,19/03/2017,USD,0.0088843085
Exchange,JPY,20/03/2017,USD,0.0089507084
Exchange,JPY,21/03/2017,USD,0.0089964464
Exchange,JPY,22/03/2017,USD,0.0090146940
Exchange,JPY,23/03/2017,USD,0.0089830311
Exchange,JPY,26/03/2017,USD,0.0090359541
Exchange,JPY,27/03/2017,USD,0.0089976606
Exchange,JPY,28/03/2017,USD,0.0090051149
Exchange,JPY,29/03/2017,USD,0.0089349535
Exchange,JPY,30/03/2017,USD,0.0089776278
Exchange,JPY,02/04/2017,USD,0.0090169699
Exchange,JPY,03/04/2017,USD,0.0090301607
Exchange,JPY,04/04/2017,USD,0.0090335869
Exchange,JPY,05/04/2017,USD,0.0090251893
Exchange,JPY,06/04/2017,USD,0.0090033312
Exchange,JPY,09/04/2017,USD,0.0090146940
Exchange,JPY,10/04/2017,USD,0.0091235881
Exchange,JPY,11/04/2017,USD,0.0091727130
Exchange,JPY,12/04/2017,USD,0.0091657348
Exchange,JPY,13/04/2017,USD,0.0092042045
Exchange,JPY,16/04/2017,USD,0.0091824835
Exchange,JPY,17/04/2017,USD,0.0092227100
Exchange,JPY,18/04/2017,USD,0.0091866169
Exchange,JPY,19/04/2017,USD,0.0091479591
Exchange,JPY,20/04/2017,USD,0.0091686761
Exchange,JPY,23/04/2017,USD,0.0091100402
Exchange,JPY,24/04/2017,USD,0.0090018724
Exchange,JPY,25/04/2017,USD,0.0090038176
Exchange,JPY,26/04/2017,USD,0.0089876330
Exchange,JPY,27/04/2017,USD,0.0089678860
Exchange,JPY,30/04/2017,USD,0.0089418245
Exchange,JPY,01/05/2017,USD,0.0089292092
Exchange,JPY,02/05/2017,USD,0.0088681571
Exchange,JPY,03/05/2017,USD,0.0088923668
Exchange,JPY,04/05/2017,USD,0.0088742169
Exchange,JPY,07/05/2017,USD,0.0088303340
Exchange,JPY,08/05/2017,USD,0.0087713912
Exchange,JPY,09/05/2017,USD,0.0087506672
Exchange,JPY,10/05/2017,USD,0.0087822528
Exchange,JPY,11/05/2017,USD,0.0088231661
Exchange,JPY,14/05/2017,USD,0.0087875007
Exchange,JPY,15/05/2017,USD,0.0088404042
Exchange,JPY,16/05/2017,USD,0.0090226649
Exchange,JPY,17/05/2017,USD,0.0089700579
Exchange,JPY,18/05/2017,USD,0.0089906228
Exchange,JPY,21/05/2017,USD,0.0089853718
Exchange,JPY,22/05/2017,USD,0.0089459841
Exchange,JPY,23/05/2017,USD,0.0089694947
Exchange,JPY,24/05/2017,USD,0.0089419844
Exchange,JPY,25/05/2017,USD,0.0089844031
Exchange,JPY,28/05/2017,USD,0.0089881177
Exchange,JPY,29/05/2017,USD,0.0090206302
Exchange,JPY,30/05/2017,USD,0.0090270631
Exchange,JPY,31/05/2017,USD,0.0089790787
Exchange,JPY,01/06/2017,USD,0.0090583813
Exchange,JPY,04/06/2017,USD,0.0090519036
Exchange,JPY,05/06/2017,USD,0.0091394312
Exchange,JPY,06/06/2017,USD,0.0091056437
Exchange,JPY,07/06/2017,USD,0.0090912397
Exchange,JPY,08/06/2017,USD,0.0090666763
Exchange,JPY,11/06/2017,USD,0.0090957877
Exchange,JPY,12/06/2017,USD,0.0090854578
Exchange,JPY,13/06/2017,USD,0.0091270855
Exchange,JPY,14/06/2017,USD,0.0090133939
Exchange,JPY,15/06/2017,USD,0.0090179457
Exchange,JPY,18/06/2017,USD,0.0089657151
Exchange,JPY,19/06/2017,USD,0.0089716675
Exchange,JPY,20/06/2017,USD,0.0089787563
Exchange,JPY,21/06/2017,USD,0.0089832731
Exchange,JPY,22/06/2017,USD,0.0089848067
Exchange,JPY,25/06/2017,USD,0.0089394264
Exchange,JPY,26/06/2017,USD,0.0089014696
Exchange,JPY,27/06/2017,USD,0.0089047195
Exchange,JPY,28/06/2017,USD,0.0089155166
Exchange,JPY,29/06/2017,USD,0.0088958474
Exchange,JPY,02/07/2017,USD,0.0088191199
Exchange,JPY,03/07/2017,USD,0.0088270602
Exchange,JPY,04/07/2017,USD,0.0088293984
Exchange,JPY,05/07/2017,USD,0.0088334541
Exchange,JPY,06/07/2017,USD,0.0087774735
Exchange,JPY,09/07/2017,USD,0.0087693913
Exchange,JPY,10/07/2017,USD,0.0087770113
Exchange,JPY,11/07/2017,USD,0.0088359517
Exchange,JPY,12/07/2017,USD,0.0088276836
Exchange,JPY,13/07/2017,USD,0.0088876249
Exchange,JPY,16/07/2017,USD,0.0088792598
Exchange,JPY,17/07/2017,USD,0.0089228353
Exchange,JPY,18/07/2017,USD,0.0089320007
Exchange,JPY,19/07/2017,USD,0.0089353527
Exchange,JPY,20/07/2017,USD,0.0089980654
Exchange,JPY,23/07/2017,USD,0.0090005760
Exchange,JPY,24/07/2017,USD,0.0089375089
Exchange,JPY,25/07/2017,USD,0.0089944235
Exchange,JPY,26/07/2017,USD,0.0089884409
Exchange,JPY,27/07/2017,USD,0.0090348111
Exchange,JPY,30/07/2017,USD,0.0090698012
Exchange,JPY,31/07/2017,USD,0.0090597764
Exchange,JPY,01/08/2017,USD,0.0090301607
Exchange,JPY,02/08/2017,USD,0.0090868613
Exchange,JPY,03/08/2017,USD,0.0090342398
Exchange,JPY,06/08/2017,USD,0.0090299161
Exchange,JPY,07/08/2017,USD,0.0090641287
Exchange,JPY,08/08/2017,USD,0.0090854578
Exchange,JPY,09/08/2017,USD,0.0091571737
Exchange,JPY,10/08/2017,USD,0.0091593544
Exchange,JPY,13/08/2017,USD,0.0091214244
Exchange,JPY,14/08/2017,USD,0.0090353826
Exchange,JPY,15/08/2017,USD,0.0090750690
Exchange,JPY,16/08/2017,USD,0.0091265857
Exchange,JPY,17/08/2017,USD,0.0091565029
Exchange,JPY,20/08/2017,USD,0.0091761640
Exchange,JPY,21/08/2017,USD,0.0091265857
Exchange,JPY,22/08/2017,USD,0.0091707782
Exchange,JPY,23/08/2017,USD,0.0091277520
Exchange,JPY,24/08/2017,USD,0.0091450310
Exchange,JPY,27/08/2017,USD,0.0091529830
Exchange,JPY,28/08/2017,USD,0.0091111192
Exchange,JPY,29/08/2017,USD,0.0090706239
Exchange,JPY,30/08/2017,USD,0.0090930584
Exchange,JPY,31/08/2017,USD,0.0090698012
Exchange,JPY,03/09/2017,USD,0.0091141086
Exchange,JPY,04/09/2017,USD,0.0091900784
Exchange,JPY,05/09/2017,USD,0.0091558323
Exchange,JPY,06/09/2017,USD,0.0092204990
Exchange,JPY,07/09/2017,USD,0.0092725671
Exchange,JPY,10/09/2017,USD,0.0091411021
Exchange,JPY,11/09/2017,USD,0.0090770460
Exchange,JPY,12/09/2017,USD,0.0090507566
Exchange,JPY,13/09/2017,USD,0.0090707062
Exchange,JPY,14/09/2017,USD,0.0090220951
Exchange,JPY,17/09/2017,USD,0.0089631436
Exchange,JPY,18/09/2017,USD,0.0089607341
Exchange,JPY,19/09/2017,USD,0.0089129737
Exchange,JPY,20/09/2017,USD,0.0088904694
Exchange,JPY,21/09/2017,USD,0.0089292092
Exchange,JPY,24/09/2017,USD,0.0089503880
Exchange,JPY,25/09/2017,USD,0.0089098766
Exchange,JPY,26/09/2017,USD,0.0088635195
Exchange,JPY,27/09/2017,USD,0.0089015489
Exchange,JPY,28/09/2017,USD,0.0088887309
Exchange,JPY,01/10/2017,USD,0.0088681571
Exchange,JPY,02/10/2017,USD,0.0088616344
Exchange,JPY,03/10/2017,USD,0.0088685503
Exchange,JPY,04/10/2017,USD,0.0088637552
Exchange,JPY,05/10/2017,USD,0.0088770528
Exchange,JPY,06/10/2017,USD,0.0088770528
Exchange,JPY,08/10/2017,USD,0.0088745319
Exchange,JPY,09/10/2017,USD,0.0088929994
Exchange,JPY,10/10/2017,USD,0.0088893630
Exchange,JPY,11/10/2017,USD,0.0089058298
Exchange,JPY,12/10/2017,USD,0.0089414247
Exchange,JPY,15/10/2017,USD,0.0089129737
Exchange,JPY,16/10/2017,USD,0.0089126560
Exchange,JPY,17/10/2017,USD,0.0088548861
Exchange,JPY,18/10/2017,USD,0.0088859664
Exchange,JPY,19/10/2017,USD,0.0088096413
Exchange,JPY,20/10/2017,USD,0.0088096413
Exchange,JPY,22/10/2017,USD,0.0088159322
Exchange,JPY,23/10/2017,USD,0.0087787064
Exchange,JPY,24/10/2017,USD,0.0087916725
Exchange,JPY,25/10/2017,USD,0.0087730842
Exchange,JPY,26/10/2017,USD,0.0087963126
Exchange,JPY,29/10/2017,USD,0.0088357956
Exchange,JPY,30/10/2017,USD,0.0087998733
Exchange,JPY,31/10/2017,USD,0.0087581779
Exchange,JPY,01/11/2017,USD,0.0087657784
Exchange,JPY,02/11/2017,USD,0.0087665469
Exchange,JPY,05/11/2017,USD,0.0087946107
Exchange,JPY,06/11/2017,USD,0.0087722376
Exchange,JPY,07/11/2017,USD,0.0087816358
Exchange,JPY,08/11/2017,USD,0.0088132128
Exchange,JPY,09/11/2017,USD,0.0088087876
Exchange,JPY,12/11/2017,USD,0.0088008026
Exchange,JPY,13/11/2017,USD,0.0088139896
Exchange,JPY,14/11/2017,USD,0.0088593577
Exchange,JPY,15/11/2017,USD,0.0088458000
Exchange,JPY,16/11/2017,USD,0.0089193335
Exchange,JPY,19/11/2017,USD,0.0088792598
Exchange,JPY,20/11/2017,USD,0.0088929994
Exchange,JPY,21/11/2017,USD,0.0089914312
Exchange,JPY,22/11/2017,USD,0.0089913503
Exchange,JPY,23/11/2017,USD,0.0089665994
Exchange,JPY,26/11/2017,USD,0.0090002520
Exchange,JPY,27/11/2017,USD,0.0089702189
Exchange,JPY,28/11/2017,USD,0.0089343149
Exchange,JPY,29/11/2017,USD,0.0088862822
Exchange,JPY,30/11/2017,USD,0.0089090034
Exchange,JPY,03/12/2017,USD,0.0088960057
Exchange,JPY,04/12/2017,USD,0.0088808369
Exchange,JPY,05/12/2017,USD,0.0089055125
Exchange,JPY,06/12/2017,USD,0.0088429840
Exchange,JPY,07/12/2017,USD,0.0088119702
Exchange,JPY,10/12/2017,USD,0.0088057625
Exchange,JPY,11/12/2017,USD,0.0088070809
Exchange,JPY,12/12/2017,USD,0.0088856506
Exchange,JPY,13/12/2017,USD,0.0088969555
Exchange,JPY,14/12/2017,USD,0.0088792598
Exchange,JPY,17/12/2017,USD,0.0088854137
Exchange,JPY,18/12/2017,USD,0.0088584944
Exchange,JPY,19/12/2017,USD,0.0088186532
Exchange,JPY,20/12/2017,USD,0.0088239447
Exchange,JPY,21/12/2017,USD,0.0088265928
Exchange,JPY,25/12/2017,USD,0.0088312698
Exchange,JPY,26/12/2017,USD,0.0088225434
Exchange,JPY,27/12/2017,USD,0.0088603782
Exchange,JPY,28/12/2017,USD,0.0088734294
Exchange,JPY,01/01/2018,USD,0.0089054332
Exchange,JPY,02/01/2018,USD,0.0088881778
Exchange,JPY,03/01/2018,USD,0.0088691796
Exchange,JPY,04/01/2018,USD,0.0088450958
Exchange,JPY,07/01/2018,USD,0.0088423584
Exchange,JPY,08/01/2018,USD,0.0088772104
Exchange,JPY,09/01/2018,USD,0.0089739218
Exchange,JPY,10/01/2018,USD,0.0089876330
Exchange,JPY,11/01/2018,USD,0.0090052771
Exchange,JPY,14/01/2018,USD,0.0090467445
Exchange,JPY,15/01/2018,USD,0.0090533787
Exchange,JPY,16/01/2018,USD,0.0089853718
Exchange,JPY,17/01/2018,USD,0.0090002520
Exchange,JPY,18/01/2018,USD,0.0090238048
Exchange,JPY,21/01/2018,USD,0.0090141251
Exchange,JPY,22/01/2018,USD,0.0090658544
Exchange,JPY,23/01/2018,USD,0.0091558323
Exchange,JPY,24/01/2018,USD,0.0091400159
Exchange,JPY,25/01/2018,USD,0.0092071705
Exchange,JPY,28/01/2018,USD,0.0091778483
Exchange,JPY,29/01/2018,USD,0.0091928663
Exchange,JPY,30/01/2018,USD,0.0091591867
Exchange,JPY,31/01/2018,USD,0.0091404336
Exchange,JPY,01/02/2018,USD,0.0090772108
Exchange,JPY,04/02/2018,USD,0.0091638030
Exchange,JPY,05/02/2018,USD,0.0091272521
Exchange,JPY,06/02/2018,USD,0.0091457001
Exchange,JPY,07/02/2018,USD,0.0091959097
Exchange,JPY,08/02/2018,USD,0.0091910075
Exchange,JPY,11/02/2018,USD,0.0092033574
Exchange,JPY,12/02/2018,USD,0.0092750612
Exchange,JPY,13/02/2018,USD,0.0093450084
Exchange,JPY,14/02/2018,USD,0.0094231168
Exchange,JPY,15/02/2018,USD,0.0094078687
Exchange,JPY,18/02/2018,USD,0.0093813911
Exchange,JPY,19/02/2018,USD,0.0093170595
Exchange,JPY,20/02/2018,USD,0.0092786757
Exchange,JPY,21/02/2018,USD,0.0093674182
Exchange,JPY,22/02/2018,USD,0.0093566376
Exchange,JPY,25/02/2018,USD,0.0093512129
Exchange,JPY,26/02/2018,USD,0.0093172332
Exchange,JPY,27/02/2018,USD,0.0093746192
Exchange,JPY,28/02/2018,USD,0.0094125620
Exchange,JPY,01/03/2018,USD,0.0094568908
Exchange,JPY,04/03/2018,USD,0.0094160185
Exchange,JPY,05/03/2018,USD,0.0094234720
Exchange,JPY,06/03/2018,USD,0.0094278253
Exchange,JPY,07/03/2018,USD,0.0094141570
Exchange,JPY,08/03/2018,USD,0.0093618933
Exchange,JPY,11/03/2018,USD,0.0093972598
Exchange,JPY,12/03/2018,USD,0.0093826234
Exchange,JPY,13/03/2018,USD,0.0094050373
Exchange,JPY,14/03/2018,USD,0.0094043298
Exchange,JPY,15/03/2018,USD,0.0094343183
Exchange,JPY,18/03/2018,USD,0.0094255149
Exchange,JPY,19/03/2018,USD,0.0093864985
Exchange,JPY,20/03/2018,USD,0.0094294255
Exchange,JPY,21/03/2018,USD,0.0094981194
Exchange,JPY,22/03/2018,USD,0.0095476331
Exchange,JPY,25/03/2018,USD,0.0094874860
Exchange,JPY,26/03/2018,USD,0.0094937911
Exchange,JPY,27/03/2018,USD,0.0093589144
Exchange,JPY,28/03/2018,USD,0.0093953174
Exchange,JPY,29/03/2018,USD,0.0094087539
Exchange,JPY,01/04/2018,USD,0.0094430490
Exchange,JPY,02/04/2018,USD,0.0093801591
Exchange,JPY,03/04/2018,USD,0.0093653128
Exchange,JPY,04/04/2018,USD,0.0093122876
Exchange,JPY,05/04/2018,USD,0.0093521748
Exchange,JPY,08/04/2018,USD,0.0093650496
Exchange,JPY,09/04/2018,USD,0.0093281842
Exchange,JPY,10/04/2018,USD,0.0093638219
Exchange,JPY,11/04/2018,USD,0.0093166255
Exchange,JPY,12/04/2018,USD,0.0093147163
Exchange,JPY,15/04/2018,USD,0.0093357606
Exchange,JPY,16/04/2018,USD,0.0093450957
Exchange,JPY,17/04/2018,USD,0.0093255745
Exchange,JPY,18/04/2018,USD,0.0093138488
Exchange,JPY,19/04/2018,USD,0.0092892774
Exchange,JPY,22/04/2018,USD,0.0091990396
Exchange,JPY,23/04/2018,USD,0.0091898250
Exchange,JPY,24/04/2018,USD,0.0091385959
Exchange,JPY,25/04/2018,USD,0.0091489634
Exchange,JPY,26/04/2018,USD,0.0091703577
Exchange,JPY,29/04/2018,USD,0.0091456165
Exchange,JPY,30/04/2018,USD,0.0091021627
Exchange,JPY,01/05/2018,USD,0.0091049804
Exchange,JPY,02/05/2018,USD,0.0091580123
Exchange,JPY,03/05/2018,USD,0.0091659028
Exchange,JPY,06/05/2018,USD,0.0091664910
Exchange,JPY,07/05/2018,USD,0.0091635511
Exchange,JPY,08/05/2018,USD,0.0091122815
Exchange,JPY,09/05/2018,USD,0.0091411021
Exchange,JPY,10/05/2018,USD,0.0091418542
Exchange,JPY,13/05/2018,USD,0.0091199270
Exchange,JPY,14/05/2018,USD,0.0090619110
Exchange,JPY,15/05/2018,USD,0.0090581351
Exchange,JPY,16/05/2018,USD,0.0090277151
Exchange,JPY,17/05/2018,USD,0.0090286932
Exchange,JPY,20/05/2018,USD,0.0090045473
Exchange,JPY,21/05/2018,USD,0.0090170512
Exchange,JPY,22/05/2018,USD,0.0090843023
Exchange,JPY,23/05/2018,USD,0.0091530667
Exchange,JPY,24/05/2018,USD,0.0091411021
Exchange,JPY,27/05/2018,USD,0.0091392641
Exchange,JPY,28/05/2018,USD,0.0091937960
Exchange,JPY,29/05/2018,USD,0.0091821462
Exchange,JPY,30/05/2018,USD,0.0091899939
Exchange,JPY,31/05/2018,USD,0.0091308357
Exchange,JPY,03/06/2018,USD,0.0091059753
Exchange,JPY,04/06/2018,USD,0.0091075511
Exchange,JPY,05/06/2018,USD,0.0090757279
Exchange,JPY,06/06/2018,USD,0.0091158534
Exchange,JPY,07/06/2018,USD,0.0091290853
Exchange,JPY,10/06/2018,USD,0.0090881000
Exchange,JPY,11/06/2018,USD,0.0090601047
Exchange,JPY,12/06/2018,USD,0.0090625680
Exchange,JPY,13/06/2018,USD,0.0090391395
Exchange,JPY,14/06/2018,USD,0.0090366890
Exchange,JPY,17/06/2018,USD,0.0090456807
Exchange,JPY,18/06/2018,USD,0.0090865310
Exchange,JPY,19/06/2018,USD,0.0090615825
Exchange,JPY,20/06/2018,USD,0.0090933891
Exchange,JPY,21/06/2018,USD,0.0090925623
Exchange,JPY,24/06/2018,USD,0.0091104552
Exchange,JPY,25/06/2018,USD,0.0090875219
Exchange,JPY,26/06/2018,USD,0.0090691431
Exchange,JPY,27/06/2018,USD,0.0090503471
Exchange,JPY,28/06/2018,USD,0.0090311394
Exchange,JPY,01/07/2018,USD,0.0090176204
Exchange,JPY,02/07/2018,USD,0.0090424907
Exchange,JPY,03/07/2018,USD,0.0090502652
Exchange,JPY,04/07/2018,USD,0.0090379140
Exchange,JPY,05/07/2018,USD,0.0090523953
Exchange,JPY,08/07/2018,USD,0.0090215254
Exchange,JPY,09/07/2018,USD,0.0090093337
Exchange,JPY,10/07/2018,USD,0.0089276946
Exchange,JPY,11/07/2018,USD,0.0088867561
Exchange,JPY,12/07/2018,USD,0.0088996476
Exchange,JPY,15/07/2018,USD,0.0089057504
Exchange,JPY,16/07/2018,USD,0.0088591222
Exchange,JPY,17/07/2018,USD,0.0088622627
Exchange,JPY,18/07/2018,USD,0.0088914180
Exchange,JPY,19/07/2018,USD,0.0089739218
Exchange,JPY,22/07/2018,USD,0.0089810948
Exchange,JPY,23/07/2018,USD,0.0089927249
Exchange,JPY,24/07/2018,USD,0.0090112821
Exchange,JPY,25/07/2018,USD,0.0089898145
Exchange,JPY,26/07/2018,USD,0.0090064937
Exchange,JPY,29/07/2018,USD,0.0090031691
Exchange,JPY,30/07/2018,USD,0.0089386274
Exchange,JPY,31/07/2018,USD,0.0089510289
Exchange,JPY,01/08/2018,USD,0.0089559190
Exchange,JPY,02/08/2018,USD,0.0089885217
Exchange,JPY,05/08/2018,USD,0.0089766607
Exchange,JPY,06/08/2018,USD,0.0089783532
Exchange,JPY,07/08/2018,USD,0.0090129065
Exchange,JPY,08/08/2018,USD,0.0090021965
Exchange,JPY,09/08/2018,USD,0.0090205488
Exchange,JPY,12/08/2018,USD,0.0090315472
Exchange,JPY,13/08/2018,USD,0.0089967702
Exchange,JPY,14/08/2018,USD,0.0090299977
Exchange,JPY,15/08/2018,USD,0.0090173765
Exchange,JPY,16/08/2018,USD,0.0090493643
Exchange,JPY,19/08/2018,USD,0.0090852927
Exchange,JPY,20/08/2018,USD,0.0090665119
Exchange,JPY,21/08/2018,USD,0.0090455170
Exchange,JPY,22/08/2018,USD,0.0089855333
Exchange,JPY,23/08/2018,USD,0.0089892489
Exchange,JPY,26/08/2018,USD,0.0090026828
Exchange,JPY,27/08/2018,USD,0.0089932910
Exchange,JPY,28/08/2018,USD,0.0089541547
Exchange,JPY,29/08/2018,USD,0.0090090902
Exchange,JPY,30/08/2018,USD,0.0090024397
Exchange,JPY,02/09/2018,USD,0.0090034934
Exchange,JPY,03/09/2018,USD,0.0089730360
Exchange,JPY,04/09/2018,USD,0.0089662778
Exchange,JPY,05/09/2018,USD,0.0090304869
Exchange,JPY,06/09/2018,USD,0.0090092525
Exchange,JPY,09/09/2018,USD,0.0089983893
Exchange,JPY,10/09/2018,USD,0.0089604129
Exchange,JPY,11/09/2018,USD,0.0089879561
Exchange,JPY,12/09/2018,USD,0.0089347939
Exchange,JPY,13/09/2018,USD,0.0089239501
Exchange,JPY,16/09/2018,USD,0.0089405454
Exchange,JPY,17/09/2018,USD,0.0088993308
Exchange,JPY,18/09/2018,USD,0.0089064643
Exchange,JPY,19/09/2018,USD,0.0088898371
Exchange,JPY,20/09/2018,USD,0.0088829669
Exchange,JPY,23/09/2018,USD,0.0088654840
Exchange,JPY,24/09/2018,USD,0.0088517509
Exchange,JPY,25/09/2018,USD,0.0088707531
Exchange,JPY,26/09/2018,USD,0.0088189643
Exchange,JPY,27/09/2018,USD,0.0087956163
Exchange,JPY,30/09/2018,USD,0.0087758559
Exchange,JPY,01/10/2018,USD,0.0087966221
Exchange,JPY,02/10/2018,USD,0.0087309556
Exchange,JPY,03/10/2018,USD,0.0087770883
Exchange,JPY,04/10/2018,USD,0.0087932960
Exchange,JPY,07/10/2018,USD,0.0088315037
Exchange,JPY,08/10/2018,USD,0.0088531615
Exchange,JPY,09/10/2018,USD,0.0089075750
Exchange,JPY,10/10/2018,USD,0.0089158345
Exchange,JPY,11/10/2018,USD,0.0089119411
Exchange,JPY,14/10/2018,USD,0.0089470247
Exchange,JPY,15/10/2018,USD,0.0089082892
Exchange,JPY,16/10/2018,USD,0.0088768164
Exchange,JPY,17/10/2018,USD,0.0089136888
Exchange,JPY,18/10/2018,USD,0.0088857295
Exchange,JPY,21/10/2018,USD,0.0088633624
Exchange,JPY,22/10/2018,USD,0.0088931576
Exchange,JPY,23/10/2018,USD,0.0089082098
Exchange,JPY,24/10/2018,USD,0.0088958474
Exchange,JPY,25/10/2018,USD,0.0089373492
Exchange,JPY,28/10/2018,USD,0.0088981430
Exchange,JPY,29/10/2018,USD,0.0088431404
Exchange,JPY,30/10/2018,USD,0.0088539453
Exchange,JPY,31/10/2018,USD,0.0088724847
Exchange,JPY,01/11/2018,USD,0.0088335321
Exchange,JPY,04/11/2018,USD,0.0088345466
Exchange,JPY,05/11/2018,USD,0.0088152327
Exchange,JPY,06/11/2018,USD,0.0088094861
Exchange,JPY,07/11/2018,USD,0.0087667006
Exchange,JPY,08/11/2018,USD,0.0087865741
Exchange,JPY,11/11/2018,USD,0.0087836413
Exchange,JPY,12/11/2018,USD,0.0087867285
Exchange,JPY,13/11/2018,USD,0.0088004928
Exchange,JPY,14/11/2018,USD,0.0088001830
Exchange,JPY,15/11/2018,USD,0.0088631267
Exchange,JPY,18/11/2018,USD,0.0088841507
Exchange,JPY,19/11/2018,USD,0.0088688650
Exchange,JPY,20/11/2018,USD,0.0088447047
Exchange,JPY,21/11/2018,USD,0.0088534750
Exchange,JPY,22/11/2018,USD,0.0088530831
Exchange,JPY,25/11/2018,USD,0.0088034369
Exchange,JPY,26/11/2018,USD,0.0087886591
Exchange,JPY,27/11/2018,USD,0.0087963126
Exchange,JPY,28/11/2018,USD,0.0088123585
Exchange,JPY,29/11/2018,USD,0.0088107279
Exchange,JPY,02/12/2018,USD,0.0087993313
Exchange,JPY,03/12/2018,USD,0.0088668204
Exchange,JPY,04/12/2018,USD,0.0088347027
Exchange,JPY,05/12/2018,USD,0.0088754771
Exchange,JPY,06/12/2018,USD,0.0088726421
Exchange,JPY,07/12/2018,USD,0.0088722485
Exchange,JPY,09/12/2018,USD,0.0088223877
Exchange,JPY,10/12/2018,USD,0.0088196643
Exchange,JPY,11/12/2018,USD,0.0088275278
Exchange,JPY,12/12/2018,USD,0.0088023520
Exchange,JPY,13/12/2018,USD,0.0088191199
Exchange,JPY,16/12/2018,USD,0.0088625769
Exchange,JPY,17/12/2018,USD,0.0088870720
Exchange,JPY,18/12/2018,USD,0.0088903113
Exchange,JPY,19/12/2018,USD,0.0089856948
Exchange,JPY,20/12/2018,USD,0.0089911078
Exchange,JPY,23/12/2018,USD,0.0090535427
Exchange,JPY,25/12/2018,USD,0.0089793206
Exchange,JPY,26/12/2018,USD,0.0090106325
Exchange,JPY,27/12/2018,USD,0.0090674985
Exchange,JPY,30/12/2018,USD,0.0091249202
Exchange,JPY,01/01/2019,USD,0.0091838328
Exchange,JPY,02/01/2019,USD,0.0092883283
Exchange,JPY,03/01/2019,USD,0.0092152309
Exchange,JPY,06/01/2019,USD,0.0091982781
Exchange,JPY,07/01/2019,USD,0.0091969245
Exchange,JPY,08/01/2019,USD,0.0092455621
Exchange,JPY,09/01/2019,USD,0.0092228801
Exchange,JPY,10/01/2019,USD,0.0092154008
Exchange,JPY,13/01/2019,USD,0.0092455621
Exchange,JPY,14/01/2019,USD,0.0091996320
Exchange,JPY,15/01/2019,USD,0.0091668271
Exchange,JPY,16/01/2019,USD,0.0091526479
Exchange,JPY,17/01/2019,USD,0.0091096252
Exchange,JPY,20/01/2019,USD,0.0091182639
Exchange,JPY,21/01/2019,USD,0.0091429407
Exchange,JPY,22/01/2019,USD,0.0091229223
Exchange,JPY,23/01/2019,USD,0.0091207588
Exchange,JPY,24/01/2019,USD,0.0091282519
Exchange,JPY,27/01/2019,USD,0.0091452819
Exchange,JPY,28/01/2019,USD,0.0091419377
Exchange,JPY,29/01/2019,USD,0.0091709464
Exchange,JPY,30/01/2019,USD,0.0091854356
Exchange,JPY,31/01/2019,USD,0.0091322533
Exchange,JPY,03/02/2019,USD,0.0090991811
Exchange,JPY,04/02/2019,USD,0.0090938853
Exchange,JPY,05/02/2019,USD,0.0090926450
Exchange,JPY,06/02/2019,USD,0.0091059753
Exchange,JPY,07/02/2019,USD,0.0091112852
Exchange,JPY,10/02/2019,USD,0.0090596122
Exchange,JPY,11/02/2019,USD,0.0090512482
Exchange,JPY,12/02/2019,USD,0.0090086844
Exchange,JPY,13/02/2019,USD,0.0090509205
Exchange,JPY,14/02/2019,USD,0.0090533787
Exchange,JPY,17/02/2019,USD,0.0090404470
Exchange,JPY,18/02/2019,USD,0.0090411008
Exchange,JPY,19/02/2019,USD,0.0090208743
Exchange,JPY,20/02/2019,USD,0.0090328525
Exchange,JPY,21/02/2019,USD,0.0090348928
Exchange,JPY,24/02/2019,USD,0.0090044662
Exchange,JPY,25/02/2019,USD,0.0090428177
Exchange,JPY,26/02/2019,USD,0.0090094960
Exchange,JPY,27/02/2019,USD,0.0089779502
Exchange,JPY,28/02/2019,USD,0.0089363109
Exchange,JPY,03/03/2019,USD,0.0089490263
Exchange,JPY,04/03/2019,USD,0.0089375089
Exchange,JPY,05/03/2019,USD,0.0089469446
Exchange,JPY,06/03/2019,USD,0.0089618583
Exchange,JPY,07/03/2019,USD,0.0089953134
Exchange,JPY,10/03/2019,USD,0.0089916737
Exchange,JPY,11/03/2019,USD,0.0089810948
Exchange,JPY,12/03/2019,USD,0.0089962036
Exchange,JPY,13/03/2019,USD,0.0089531125
Exchange,JPY,14/03/2019,USD,0.0089702993
Exchange,JPY,15/03/2019,USD,0.0089702189
Exchange,JPY,17/03/2019,USD,0.0089745661
Exchange,JPY,18/03/2019,USD,0.0089763384
Exchange,JPY,19/03/2019,USD,0.0090331789
Exchange,JPY,20/03/2019,USD,0.0090239677
Exchange,JPY,21/03/2019,USD,0.0090961187
Exchange,JPY,22/03/2019,USD,0.0090971944
Exchange,JPY,24/03/2019,USD,0.0090936372
Exchange,JPY,25/03/2019,USD,0.0090388127
Exchange,JPY,26/03/2019,USD,0.0090486273
Exchange,JPY,27/03/2019,USD,0.0090375056
Exchange,JPY,28/03/2019,USD,0.0090211998
Exchange,JPY,31/03/2019,USD,0.0089806915
Exchange,JPY,01/04/2019,USD,0.0089829504
Exchange,JPY,02/04/2019,USD,0.0089694143
Exchange,JPY,03/04/2019,USD,0.0089567211
Exchange,JPY,04/04/2019,USD,0.0089509488
Exchange,JPY,07/04/2019,USD,0.0089694947
Exchange,JPY,08/04/2019,USD,0.0089970939
Exchange,JPY,09/04/2019,USD,0.0090080352
Exchange,JPY,10/04/2019,USD,0.0089554377
Exchange,JPY,11/04/2019,USD,0.0089269773
Exchange,JPY,14/04/2019,USD,0.0089255431
Exchange,JPY,15/04/2019,USD,0.0089272961
Exchange,JPY,16/04/2019,USD,0.0089230742
Exchange,JPY,17/04/2019,USD,0.0089301661
Exchange,JPY,18/04/2019,USD,0.0089344746
Exchange,JPY,21/04/2019,USD,0.0089335168
Exchange,JPY,22/04/2019,USD,0.0089395863
Exchange,JPY,23/04/2019,USD,0.0089129737
Exchange,JPY,24/04/2019,USD,0.0089588074
Exchange,JPY,25/04/2019,USD,0.0089616174
Exchange,JPY,26/04/2019,USD,0.0089612962
Exchange,JPY,28/04/2019,USD,0.0089569618
Exchange,JPY,29/04/2019,USD,0.0089743245
Exchange,JPY,30/04/2019,USD,0.0089778696
Exchange,JPY,01/05/2019,USD,0.0089678056
Exchange,JPY,02/05/2019,USD,0.0090012242
Exchange,JPY,05/05/2019,USD,0.0090248635
Exchange,JPY,06/05/2019,USD,0.0090706239
Exchange,JPY,07/05/2019,USD,0.0090827346
Exchange,JPY,08/05/2019,USD,0.0091096252
Exchange,JPY,09/05/2019,USD,0.0090947950
Exchange,JPY,12/05/2019,USD,0.0091487123
Exchange,JPY,13/05/2019,USD,0.0091232552
Exchange,JPY,14/05/2019,USD,0.0091245871
Exchange,JPY,15/05/2019,USD,0.0091034885
Exchange,JPY,16/05/2019,USD,0.0090852102
Exchange,JPY,17/05/2019,USD,0.0090847975
Exchange,JPY,19/05/2019,USD,0.0090857880
Exchange,JPY,20/05/2019,USD,0.0090504290
Exchange,JPY,21/05/2019,USD,0.0090615825
Exchange,JPY,22/05/2019,USD,0.0091240043
Exchange,JPY,23/05/2019,USD,0.0091489634
Exchange,JPY,26/05/2019,USD,0.0091315862
Exchange,JPY,27/05/2019,USD,0.0091437767
Exchange,JPY,28/05/2019,USD,0.0091248369
Exchange,JPY,29/05/2019,USD,0.0091220901
Exchange,JPY,30/05/2019,USD,0.0092332693
Exchange,JPY,02/06/2019,USD,0.0092530049
Exchange,JPY,03/06/2019,USD,0.0092466735
Exchange,JPY,04/06/2019,USD,0.0092199889
Exchange,JPY,05/06/2019,USD,0.0092256029
Exchange,JPY,06/06/2019,USD,0.0092425713
Exchange,JPY,07/06/2019,USD,0.0092466735
Exchange,JPY,09/06/2019,USD,0.0092207541
Exchange,JPY,10/06/2019,USD,0.0092149762
Exchange,JPY,11/06/2019,USD,0.0092160802
Exchange,JPY,12/06/2019,USD,0.0092252625
Exchange,JPY,13/06/2019,USD,0.0092117505
Exchange,JPY,16/06/2019,USD,0.0092133631
Exchange,JPY,17/06/2019,USD,0.0092216044
Exchange,JPY,18/06/2019,USD,0.0092505227
Exchange,JPY,19/06/2019,USD,0.0093194908
Exchange,JPY,20/06/2019,USD,0.0093177540
Exchange,JPY,23/06/2019,USD,0.0093199251
Exchange,JPY,24/06/2019,USD,0.0093309695
Exchange,JPY,25/06/2019,USD,0.0092773845
Exchange,JPY,26/06/2019,USD,0.0092776427
Exchange,JPY,27/06/2019,USD,0.0092676688
Exchange,JPY,28/06/2019,USD,0.0092668100
Exchange,JPY,30/06/2019,USD,0.0092215193
Exchange,JPY,01/07/2019,USD,0.0092674970
Exchange,JPY,02/07/2019,USD,0.0092742870
Exchange,JPY,03/07/2019,USD,0.0092745451
Exchange,JPY,04/07/2019,USD,0.0092187990
Exchange,JPY,05/07/2019,USD,0.0092191389
Exchange,JPY,07/07/2019,USD,0.0091976013
Exchange,JPY,08/07/2019,USD,0.0091864482
Exchange,JPY,09/07/2019,USD,0.0092194789
Exchange,JPY,10/07/2019,USD,0.0092170146
Exchange,JPY,11/07/2019,USD,0.0092673253
Exchange,JPY,12/07/2019,USD,0.0092676688
Exchange,JPY,14/07/2019,USD,0.0092670676
Exchange,JPY,15/07/2019,USD,0.0092387288
Exchange,JPY,16/07/2019,USD,0.0092635479
Exchange,JPY,17/07/2019,USD,0.0093200119
Exchange,JPY,18/07/2019,USD,0.0092828101
Exchange,JPY,21/07/2019,USD,0.0092702462
Exchange,JPY,22/07/2019,USD,0.0092397531
Exchange,JPY,23/07/2019,USD,0.0092431693
Exchange,JPY,24/07/2019,USD,0.0092050517
Exchange,JPY,25/07/2019,USD,0.0092014097
Exchange,JPY,28/07/2019,USD,0.0091926973
Exchange,JPY,29/07/2019,USD,0.0092075944
Exchange,JPY,30/07/2019,USD,0.0091942187
Exchange,JPY,31/07/2019,USD,0.0093153237
Exchange,JPY,01/08/2019,USD,0.0093813911
Exchange,JPY,02/08/2019,USD,0.0093819192
Exchange,JPY,04/08/2019,USD,0.0094381471
Exchange,JPY,05/08/2019,USD,0.0093930229
Exchange,JPY,06/08/2019,USD,0.0094100820
Exchange,JPY,07/08/2019,USD,0.0094276475
Exchange,JPY,08/08/2019,USD,0.0094619017
Exchange,JPY,09/08/2019,USD,0.0094625284
Exchange,JPY,11/08/2019,USD,0.0094963154
Exchange,JPY,12/08/2019,USD,0.0093682080
Exchange,JPY,13/08/2019,USD,0.0094418007
Exchange,JPY,14/08/2019,USD,0.0094241825
Exchange,JPY,15/08/2019,USD,0.0094011469
Exchange,JPY,16/08/2019,USD,0.0094016773
Exchange,JPY,18/08/2019,USD,0.0093780479
Exchange,JPY,19/08/2019,USD,0.0094133594
Exchange,JPY,20/08/2019,USD,0.0093793673
Exchange,JPY,21/08/2019,USD,0.0093949643
Exchange,JPY,22/08/2019,USD,0.0094871260
Exchange,JPY,23/08/2019,USD,0.0094878461
Exchange,JPY,25/08/2019,USD,0.0094224065
Exchange,JPY,26/08/2019,USD,0.0094555495
Exchange,JPY,27/08/2019,USD,0.0094231168
Exchange,JPY,28/08/2019,USD,0.0093882609
Exchange,JPY,29/08/2019,USD,0.0094087539
Exchange,JPY,30/08/2019,USD,0.0094093736
Exchange,JPY,01/09/2019,USD,0.0094141570
Exchange,JPY,02/09/2019,USD,0.0094387707
Exchange,JPY,03/09/2019,USD,0.0093977896
Exchange,JPY,04/09/2019,USD,0.0093504259
Exchange,JPY,05/09/2019,USD,0.0093529621
Exchange,JPY,08/09/2019,USD,0.0093247049
Exchange,JPY,09/09/2019,USD,0.0092986926
Exchange,JPY,10/09/2019,USD,0.0092738570
Exchange,JPY,11/09/2019,USD,0.0092496670
Exchange,JPY,12/09/2019,USD,0.0092510361
Exchange,JPY,13/09/2019,USD,0.0092506082
Exchange,JPY,15/09/2019,USD,0.0092467590
Exchange,JPY,16/09/2019,USD,0.0092491537
Exchange,JPY,17/09/2019,USD,0.0092210091
Exchange,JPY,18/09/2019,USD,0.0092551459
Exchange,JPY,19/09/2019,USD,0.0092967043
Exchange,JPY,20/09/2019,USD,0.0092976551
Exchange,JPY,22/09/2019,USD,0.0092983468
Exchange,JPY,23/09/2019,USD,0.0093387249
Exchange,JPY,24/09/2019,USD,0.0092790201
Exchange,JPY,25/09/2019,USD,0.0092729970
Exchange,JPY,26/09/2019,USD,0.0092648353
Exchange,JPY,29/09/2019,USD,0.0092529193
Exchange,JPY,30/09/2019,USD,0.0092805702
Exchange,JPY,01/10/2019,USD,0.0093299248
Exchange,JPY,02/10/2019,USD,0.0093531370
Exchange,JPY,03/10/2019,USD,0.0093526122
Exchange,JPY,06/10/2019,USD,0.0093236616
Exchange,JPY,07/10/2019,USD,0.0093382016
Exchange,JPY,08/10/2019,USD,0.0093037969
Exchange,JPY,09/10/2019,USD,0.0092632905
Exchange,JPY,10/10/2019,USD,0.0092224548
Exchange,JPY,11/10/2019,USD,0.0092228801
Exchange,JPY,13/10/2019,USD,0.0092253476
Exchange,JPY,14/10/2019,USD,0.0091859418
Exchange,JPY,15/10/2019,USD,0.0091942187
Exchange,JPY,16/10/2019,USD,0.0092035268
Exchange,JPY,17/10/2019,USD,0.0092231353
Exchange,JPY,20/10/2019,USD,0.0092073401
Exchange,JPY,21/10/2019,USD,0.0092177793
Exchange,JPY,22/10/2019,USD,0.0092003091
Exchange,JPY,23/10/2019,USD,0.0092058144
Exchange,JPY,24/10/2019,USD,0.0092023411
Exchange,JPY,27/10/2019,USD,0.0091771745
Exchange,JPY,28/10/2019,USD,0.0091837484
Exchange,JPY,29/10/2019,USD,0.0091876298
Exchange,JPY,30/10/2019,USD,0.0092568593
Exchange,JPY,31/10/2019,USD,0.0092434256
Exchange,JPY,03/11/2019,USD,0.0092099689
Exchange,JPY,04/11/2019,USD,0.0091608648
Exchange,JPY,05/11/2019,USD,0.0091761640
Exchange,JPY,06/11/2019,USD,0.0091504703
Exchange,JPY,07/11/2019,USD,0.0091534019
Exchange,JPY,10/11/2019,USD,0.0091701055
Exchange,JPY,11/11/2019,USD,0.0091719558
Exchange,JPY,12/11/2019,USD,0.0091897406
Exchange,JPY,13/11/2019,USD,0.0092246668
Exchange,JPY,14/11/2019,USD,0.0091930354
Exchange,JPY,17/11/2019,USD,0.0092014097
Exchange,JPY,18/11/2019,USD,0.0092131933
Exchange,JPY,19/11/2019,USD,0.0092074249
Exchange,JPY,20/11/2019,USD,0.0092070858
Exchange,JPY,21/11/2019,USD,0.0092037809
Exchange,JPY,24/11/2019,USD,0.0091807132
Exchange,JPY,25/11/2019,USD,0.0091690965
Exchange,JPY,26/11/2019,USD,0.0091293353
Exchange,JPY,27/11/2019,USD,0.0091312526
Exchange,JPY,28/11/2019,USD,0.0091324201
Exchange,JPY,01/12/2019,USD,0.0091761640
Exchange,JPY,02/12/2019,USD,0.0092051365
Exchange,JPY,03/12/2019,USD,0.0091854356
Exchange,JPY,04/12/2019,USD,0.0091947259
Exchange,JPY,05/12/2019,USD,0.0092092903
Exchange,JPY,08/12/2019,USD,0.0092120899
Exchange,JPY,09/12/2019,USD,0.0091968400
Exchange,JPY,10/12/2019,USD,0.0092116657
Exchange,JPY,11/12/2019,USD,0.0091485449
Exchange,JPY,12/12/2019,USD,0.0091451147
Exchange,JPY,15/12/2019,USD,0.0091279187
Exchange,JPY,16/12/2019,USD,0.0091330873
Exchange,JPY,17/12/2019,USD,0.0091265025
Exchange,JPY,18/12/2019,USD,0.0091441948
Exchange,JPY,19/12/2019,USD,0.0091371764
Exchange,JPY,22/12/2019,USD,0.0091414363
Exchange,JPY,23/12/2019,USD,0.0091409349
Exchange,JPY,25/12/2019,USD,0.0091208420
Exchange,JPY,26/12/2019,USD,0.0091363416
Exchange,JPY,29/12/2019,USD,0.0091844232
Exchange,JPY,30/12/2019,USD,0.0092057296
Exchange,JPY,01/01/2020,USD,0.0092114111
Exchange,JPY,02/01/2020,USD,0.0092498381
Exchange,JPY,05/01/2020,USD,0.0092274757
Exchange,JPY,06/01/2020,USD,0.0092199889
Exchange,JPY,07/01/2020,USD,0.0091630473
Exchange,JPY,08/01/2020,USD,0.0091304189
Exchange,JPY,09/01/2020,USD,0.0091348394
Exchange,JPY,12/01/2020,USD,0.0090955395
Exchange,JPY,13/01/2020,USD,0.0090912397
Exchange,JPY,14/01/2020,USD,0.0090991811
Exchange,JPY,15/01/2020,USD,0.0090768812
Exchange,JPY,16/01/2020,USD,0.0090780348
Exchange,JPY,19/01/2020,USD,0.0090757279
Exchange,JPY,20/01/2020,USD,0.0091016656
Exchange,JPY,21/01/2020,USD,0.0091043173
Exchange,JPY,22/01/2020,USD,0.0091329205
Exchange,JPY,23/01/2020,USD,0.0091508890
Exchange,JPY,26/01/2020,USD,0.0091830738
Exchange,JPY,27/01/2020,USD,0.0091618720
Exchange,JPY,28/01/2020,USD,0.0091726289
Exchange,JPY,29/01/2020,USD,0.0091776799
Exchange,JPY,30/01/2020,USD,0.0092286679
Exchange,JPY,02/02/2020,USD,0.0092010710
Exchange,JPY,03/02/2020,USD,0.0091303355
Exchange,JPY,04/02/2020,USD,0.0091049804
Exchange,JPY,05/02/2020,USD,0.0090912397
Exchange,JPY,06/02/2020,USD,0.0091117003
Exchange,JPY,09/02/2020,USD,0.0091095422
Exchange,JPY,10/02/2020,USD,0.0091083806
Exchange,JPY,11/02/2020,USD,0.0090830646
Exchange,JPY,12/02/2020,USD,0.0091053120
Exchange,JPY,13/02/2020,USD,0.0091090444
Exchange,JPY,16/02/2020,USD,0.0091008373
Exchange,JPY,17/02/2020,USD,0.0091014999
Exchange,JPY,18/02/2020,USD,0.0089795625
Exchange,JPY,19/02/2020,USD,0.0089198109
Exchange,JPY,20/02/2020,USD,0.0089646702
Exchange,JPY,23/02/2020,USD,0.0090317919
Exchange,JPY,24/02/2020,USD,0.0090740808
Exchange,JPY,25/02/2020,USD,0.0090564124
Exchange,JPY,26/02/2020,USD,0.0091250034
Exchange,JPY,27/02/2020,USD,0.0092537755
Exchange,JPY,01/03/2020,USD,0.0092309681
Exchange,JPY,02/03/2020,USD,0.0093360221
Exchange,JPY,03/03/2020,USD,0.0092992114
Exchange,JPY,04/03/2020,USD,0.0094190340
Exchange,JPY,05/03/2020,USD,0.0094910879
Exchange,JPY,08/03/2020,USD,0.0097685823
Exchange,JPY,09/03/2020,USD,0.0094662905
Exchange,JPY,10/03/2020,USD,0.0095663570
Exchange,JPY,11/03/2020,USD,0.0095571229
Exchange,JPY,12/03/2020,USD,0.0092689573
Exchange,JPY,15/03/2020,USD,0.0094472419
Exchange,JPY,16/03/2020,USD,0.0092864307
Exchange,JPY,17/03/2020,USD,0.0092523200
Exchange,JPY,18/03/2020,USD,0.0090328525
Exchange,JPY,19/03/2020,USD,0.0090258410
Exchange,JPY,22/03/2020,USD,0.0089894105
Exchange,JPY,23/03/2020,USD,0.0089911078
Exchange,JPY,24/03/2020,USD,0.0089921588
Exchange,JPY,25/03/2020,USD,0.0091218404
Exchange,JPY,26/03/2020,USD,0.0092580591
Exchange,JPY,29/03/2020,USD,0.0092783314
Exchange,JPY,30/03/2020,USD,0.0092973958
Exchange,JPY,31/03/2020,USD,0.0093307954
Exchange,JPY,01/04/2020,USD,0.0092692151
Exchange,JPY,02/04/2020,USD,0.0092142120
Exchange,JPY,05/04/2020,USD,0.0091554970
Exchange,JPY,06/04/2020,USD,0.0091940496
Exchange,JPY,07/04/2020,USD,0.0091886428
Exchange,JPY,08/04/2020,USD,0.0092170146
Exchange,JPY,09/04/2020,USD,0.0092195639
Exchange,JPY,12/04/2020,USD,0.0092791923
Exchange,JPY,13/04/2020,USD,0.0093267921
Exchange,JPY,14/04/2020,USD,0.0093076937
Exchange,JPY,15/04/2020,USD,0.0092669817
Exchange,JPY,16/04/2020,USD,0.0092981738
Exchange,JPY,19/04/2020,USD,0.0092914352
Exchange,JPY,20/04/2020,USD,0.0092793645
Exchange,JPY,21/04/2020,USD,0.0092810870
Exchange,JPY,22/04/2020,USD,0.0092925576
Exchange,JPY,23/04/2020,USD,0.0093020660
Exchange,JPY,26/04/2020,USD,0.0093232270
Exchange,JPY,27/04/2020,USD,0.0093573380
Exchange,JPY,28/04/2020,USD,0.0093714564
Exchange,JPY,29/04/2020,USD,0.0093284452
Exchange,JPY,30/04/2020,USD,0.0093531370
Exchange,JPY,03/05/2020,USD,0.0093698758
Exchange,JPY,04/05/2020,USD,0.0093852651
Exchange,JPY,05/05/2020,USD,0.0094248930
Exchange,JPY,06/05/2020,USD,0.0094101705
Exchange,JPY,07/05/2020,USD,0.0093773443
Exchange,JPY,10/05/2020,USD,0.0092888460
Exchange,JPY,11/05/2020,USD,0.0093328854
Exchange,JPY,12/05/2020,USD,0.0093424765
Exchange,JPY,13/05/2020,USD,0.0093252266
Exchange,JPY,14/05/2020,USD,0.0093393354
Exchange,JPY,17/05/2020,USD,0.0093184487
Exchange,JPY,18/05/2020,USD,0.0092851373
Exchange,JPY,19/05/2020,USD,0.0092984332
Exchange,JPY,20/05/2020,USD,0.0092929894
Exchange,JPY,21/05/2020,USD,0.0092906582
Exchange,JPY,24/05/2020,USD,0.0092836719
Exchange,JPY,25/05/2020,USD,0.0092969636
Exchange,JPY,26/05/2020,USD,0.0092831548
Exchange,JPY,27/05/2020,USD,0.0092903130
Exchange,JPY,28/05/2020,USD,0.0092746311
Exchange,JPY,31/05/2020,USD,0.0092943713
Exchange,JPY,01/06/2020,USD,0.0092013250
Exchange,JPY,02/06/2020,USD,0.0091823992
Exchange,JPY,03/06/2020,USD,0.0091611166
Exchange,JPY,04/06/2020,USD,0.0091249202
Exchange,JPY,07/06/2020,USD,0.0092225399
Exchange,JPY,08/06/2020,USD,0.0092803118
Exchange,JPY,09/06/2020,USD,0.0093351506
Exchange,JPY,10/06/2020,USD,0.0093576007
Exchange,JPY,11/06/2020,USD,0.0093116806
Exchange,JPY,14/06/2020,USD,0.0093175804
Exchange,JPY,15/06/2020,USD,0.0093175804
Exchange,JPY,16/06/2020,USD,0.0093451830
Exchange,JPY,17/06/2020,USD,0.0093481533
Exchange,JPY,18/06/2020,USD,0.0093553246
Exchange,JPY,21/06/2020,USD,0.0093540119
Exchange,JPY,22/06/2020,USD,0.0093873796
Exchange,JPY,23/06/2020,USD,0.0093421274
Exchange,JPY,24/06/2020,USD,0.0093287933
Exchange,JPY,25/06/2020,USD,0.0093267052
Exchange,JPY,28/06/2020,USD,0.0092960994
Exchange,JPY,29/06/2020,USD,0.0092650070
Exchange,JPY,30/06/2020,USD,0.0093055284
Exchange,JPY,01/07/2020,USD,0.0093021525
Exchange,JPY,02/07/2020,USD,0.0093021525
Exchange,JPY,05/07/2020,USD,0.0093120274
Exchange,JPY,06/07/2020,USD,0.0093005952
Exchange,JPY,07/07/2020,USD,0.0093231400
Exchange,JPY,08/07/2020,USD,0.0093278361
Exchange,JPY,09/07/2020,USD,0.0093525247
Exchange,JPY,12/07/2020,USD,0.0093202725
Exchange,JPY,13/07/2020,USD,0.0093249657
Exchange,JPY,14/07/2020,USD,0.0093517376
Exchange,JPY,15/07/2020,USD,0.0093219233
Exchange,JPY,16/07/2020,USD,0.0093425638
Exchange,JPY,19/07/2020,USD,0.0093220971
Exchange,JPY,20/07/2020,USD,0.0093630329
Exchange,JPY,21/07/2020,USD,0.0093320144
Exchange,JPY,22/07/2020,USD,0.0093575131
Exchange,JPY,23/07/2020,USD,0.0094215187
Exchange,JPY,26/07/2020,USD,0.0094895567
Exchange,JPY,27/07/2020,USD,0.0095151100
Exchange,JPY,28/07/2020,USD,0.0095310713
Exchange,JPY,29/07/2020,USD,0.0095485448
Exchange,JPY,30/07/2020,USD,0.0094432273
Exchange,JPY,02/08/2020,USD,0.0094382362
Exchange,JPY,03/08/2020,USD,0.0094591271
Exchange,JPY,04/08/2020,USD,0.0094700557
Exchange,JPY,05/08/2020,USD,0.0094741829
Exchange,JPY,06/08/2020,USD,0.0094405528
Exchange,JPY,09/08/2020,USD,0.0094375236
Exchange,JPY,10/08/2020,USD,0.0093903767
Exchange,JPY,11/08/2020,USD,0.0093550620
Exchange,JPY,12/08/2020,USD,0.0093519125
Exchange,JPY,13/08/2020,USD,0.0093813031
Exchange,JPY,16/08/2020,USD,0.0094334283
Exchange,JPY,17/08/2020,USD,0.0094867660
Exchange,JPY,18/08/2020,USD,0.0094234720
Exchange,JPY,19/08/2020,USD,0.0094514385
Exchange,JPY,20/08/2020,USD,0.0094510812
Exchange,JPY,23/08/2020,USD,0.0094362768
Exchange,JPY,24/08/2020,USD,0.0093994680
Exchange,JPY,25/08/2020,USD,0.0094348523
Exchange,JPY,26/08/2020,USD,0.0093843844
Exchange,JPY,27/08/2020,USD,0.0094905474
Exchange,JPY,30/08/2020,USD,0.0094421573
Exchange,JPY,31/08/2020,USD,0.0094377017
Exchange,JPY,01/09/2020,USD,0.0094177921
Exchange,JPY,02/09/2020,USD,0.0094166392
Exchange,JPY,03/09/2020,USD,0.0094125620
Exchange,JPY,06/09/2020,USD,0.0094098163
Exchange,JPY,07/09/2020,USD,0.0094311151
Exchange,JPY,08/09/2020,USD,0.0094179695
Exchange,JPY,09/09/2020,USD,0.0094220514
Exchange,JPY,10/09/2020,USD,0.0094190340
Exchange,JPY,13/09/2020,USD,0.0094578746
Exchange,JPY,14/09/2020,USD,0.0094834372
Exchange,JPY,15/09/2020,USD,0.0095280745
Exchange,JPY,16/09/2020,USD,0.0095470862
Exchange,JPY,17/09/2020,USD,0.0095627893
Exchange,JPY,20/09/2020,USD,0.0095562096
Exchange,JPY,21/09/2020,USD,0.0095297997
Exchange,JPY,22/09/2020,USD,0.0094881161
Exchange,JPY,23/09/2020,USD,0.0094869460
Exchange,JPY,24/09/2020,USD,0.0094711320
Exchange,JPY,27/09/2020,USD,0.0094771459
Exchange,JPY,28/09/2020,USD,0.0094637821
Exchange,JPY,29/09/2020,USD,0.0094743624
Exchange,JPY,30/09/2020,USD,0.0094760682
Exchange,JPY,01/10/2020,USD,0.0094948728
Exchange,JPY,04/10/2020,USD,0.0094569802
Exchange,JPY,05/10/2020,USD,0.0094670075
Exchange,JPY,06/10/2020,USD,0.0094369892
Exchange,JPY,07/10/2020,USD,0.0094311151
Exchange,JPY,08/10/2020,USD,0.0094677245
Exchange,JPY,11/10/2020,USD,0.0094927997
Exchange,JPY,12/10/2020,USD,0.0094802905
Exchange,JPY,13/10/2020,USD,0.0095086862
Exchange,JPY,14/10/2020,USD,0.0094835271
Exchange,JPY,15/10/2020,USD,0.0094871260
Exchange,JPY,18/10/2020,USD,0.0094839768
Exchange,JPY,19/10/2020,USD,0.0094784933
Exchange,JPY,20/10/2020,USD,0.0095610521
Exchange,JPY,21/10/2020,USD,0.0095378893
Exchange,JPY,22/10/2020,USD,0.0095502774
Exchange,JPY,25/10/2020,USD,0.0095388901
Exchange,JPY,26/10/2020,USD,0.0095770763
Exchange,JPY,27/10/2020,USD,0.0095864409
Exchange,JPY,28/10/2020,USD,0.0095600467
Exchange,JPY,29/10/2020,USD,0.0095584018
Exchange,JPY,01/11/2020,USD,0.0095515545
Exchange,JPY,02/11/2020,USD,0.0095665401
Exchange,JPY,03/11/2020,USD,0.0095682792
Exchange,JPY,04/11/2020,USD,0.0096614624
Exchange,JPY,05/11/2020,USD,0.0096739866
Exchange,JPY,08/11/2020,USD,0.0094901871
Exchange,JPY,09/11/2020,USD,0.0094964958
Exchange,JPY,10/11/2020,USD,0.0094847864
Exchange,JPY,11/11/2020,USD,0.0095116708
Exchange,JPY,12/11/2020,USD,0.0095565749
Exchange,JPY,15/11/2020,USD,0.0095617835
Exchange,JPY,16/11/2020,USD,0.0095972053
Exchange,JPY,17/11/2020,USD,0.0096318699
Exchange,JPY,18/11/2020,USD,0.0096386471
Exchange,JPY,19/11/2020,USD,0.0096285313
Exchange,JPY,22/11/2020,USD,0.0095679130
Exchange,JPY,23/11/2020,USD,0.0095742338
Exchange,JPY,24/11/2020,USD,0.0095732256
Exchange,JPY,25/11/2020,USD,0.0095900264
Exchange,JPY,26/11/2020,USD,0.0096054098
Exchange,JPY,29/11/2020,USD,0.0095880954
Exchange,JPY,30/11/2020,USD,0.0095841440
Exchange,JPY,01/12/2020,USD,0.0095773515
Exchange,JPY,02/12/2020,USD,0.0096300148
Exchange,JPY,03/12/2020,USD,0.0095980343
Exchange,JPY,06/12/2020,USD,0.0096102099
Exchange,JPY,07/12/2020,USD,0.0095996007
Exchange,JPY,08/12/2020,USD,0.0095946270
Exchange,JPY,09/12/2020,USD,0.0095930623
Exchange,JPY,10/12/2020,USD,0.0096102099
Exchange,JPY,13/12/2020,USD,0.0096091017
Exchange,JPY,14/12/2020,USD,0.0096456199
Exchange,JPY,15/12/2020,USD,0.0096655712
Exchange,JPY,16/12/2020,USD,0.0096997915
Exchange,JPY,17/12/2020,USD,0.0096797925
Exchange,JPY,20/12/2020,USD,0.0096765141
Exchange,JPY,21/12/2020,USD,0.0096479464
Exchange,JPY,22/12/2020,USD,0.0096540006
Exchange,JPY,23/12/2020,USD,0.0096455269
Exchange,JPY,24/12/2020,USD,0.0096441315
Exchange,JPY,27/12/2020,USD,0.0096329833
Exchange,JPY,28/12/2020,USD,0.0096522301
Exchange,JPY,29/12/2020,USD,0.0096933039
Exchange,JPY,30/12/2020,USD,0.0096788556
Exchange,JPY,03/01/2021,USD,0.0096968757
Exchange,JPY,04/01/2021,USD,0.0097334021
Exchange,JPY,05/01/2021,USD,0.0097042155
Exchange,JPY,06/01/2021,USD,0.0096327977
Exchange,JPY,07/01/2021,USD,0.0096214906
Exchange,JPY,10/01/2021,USD,0.0095908542
Exchange,JPY,11/01/2021,USD,0.0096383684
Exchange,JPY,12/01/2021,USD,0.0096261214
Exchange,JPY,13/01/2021,USD,0.0096337257
Exchange,JPY,14/01/2021,USD,0.0096268628
Exchange,JPY,17/01/2021,USD,0.0096440385
Exchange,JPY,18/01/2021,USD,0.0096244538
Exchange,JPY,19/01/2021,USD,0.0096579166
Exchange,JPY,20/01/2021,USD,0.0096608090
Exchange,JPY,21/01/2021,USD,0.0096360465
Exchange,JPY,24/01/2021,USD,0.0096396692
Exchange,JPY,25/01/2021,USD,0.0096508329
Exchange,JPY,26/01/2021,USD,0.0096052252
Exchange,JPY,27/01/2021,USD,0.0095940747
Exchange,JPY,28/01/2021,USD,0.0095498214
Exchange,JPY,31/01/2021,USD,0.0095307079
Exchange,JPY,01/02/2021,USD,0.0095262591
Exchange,JPY,02/02/2021,USD,0.0095210892
Exchange,JPY,03/02/2021,USD,0.0094712217
Exchange,JPY,04/02/2021,USD,0.0094876660
Exchange,JPY,07/02/2021,USD,0.0095036256
Exchange,JPY,08/02/2021,USD,0.0095600467
Exchange,JPY,09/02/2021,USD,0.0095620578
Exchange,JPY,10/02/2021,USD,0.0095468128
Exchange,JPY,11/02/2021,USD,0.0095305263
Exchange,JPY,14/02/2021,USD,0.0094887463
Exchange,JPY,15/02/2021,USD,0.0094297811
Exchange,JPY,16/02/2021,USD,0.0094451004
Exchange,JPY,17/02/2021,USD,0.0094593955
Exchange,JPY,18/02/2021,USD,0.0094850563
Exchange,JPY,21/02/2021,USD,0.0095164682
Exchange,JPY,22/02/2021,USD,0.0095010974
Exchange,JPY,23/02/2021,USD,0.0094442083
Exchange,JPY,24/02/2021,USD,0.0094149547
Exchange,JPY,25/02/2021,USD,0.0093836799
Exchange,JPY,28/02/2021,USD,0.0093666286
Exchange,JPY,01/03/2021,USD,0.0093732132
Exchange,JPY,02/03/2021,USD,0.0093445717
Exchange,JPY,03/03/2021,USD,0.0092608027
Exchange,JPY,04/03/2021,USD,0.0092302864
Exchange,JPY,07/03/2021,USD,0.0091828208
Exchange,JPY,08/03/2021,USD,0.0092176093
Exchange,JPY,09/03/2021,USD,0.0092267095
Exchange,JPY,10/03/2021,USD,0.0092156556
Exchange,JPY,11/03/2021,USD,0.0091722923
Exchange,JPY,14/03/2021,USD,0.0091634671
Exchange,JPY,15/03/2021,USD,0.0091743119
Exchange,JPY,16/03/2021,USD,0.0091877142
Exchange,JPY,17/03/2021,USD,0.0091839171
Exchange,JPY,18/03/2021,USD,0.0091840858
Exchange,JPY,21/03/2021,USD,0.0091873765
Exchange,JPY,22/03/2021,USD,0.0092094600
Exchange,JPY,23/03/2021,USD,0.0091964171
Exchange,JPY,24/03/2021,USD,0.0091586833
Exchange,JPY,25/03/2021,USD,0.0091172663
Exchange,JPY,28/03/2021,USD,0.0091078829
Exchange,JPY,29/03/2021,USD,0.0090612541
Exchange,JPY,30/03/2021,USD,0.0090336685
Exchange,JPY,31/03/2021,USD,0.0090402018
Exchange,JPY,01/04/2021,USD,0.0090354642
Exchange,JPY,04/04/2021,USD,0.0090763045
Exchange,JPY,05/04/2021,USD,0.0091114513
Exchange,JPY,06/04/2021,USD,0.0091029084
Exchange,JPY,07/04/2021,USD,0.0091523966
Exchange,JPY,08/04/2021,USD,0.0091180976
Exchange,JPY,11/04/2021,USD,0.0091429407
Exchange,JPY,12/04/2021,USD,0.0091691806
Exchange,JPY,13/04/2021,USD,0.0091813032
Exchange,JPY,14/04/2021,USD,0.0091942187
Exchange,JPY,15/04/2021,USD,0.0091910075
Exchange,JPY,18/04/2021,USD,0.0092450493
Exchange,JPY,19/04/2021,USD,0.0092495815
Exchange,JPY,20/04/2021,USD,0.0092525768
Exchange,JPY,21/04/2021,USD,0.0092609743
Exchange,JPY,22/04/2021,USD,0.0092707619
Exchange,JPY,25/04/2021,USD,0.0092524056
Exchange,JPY,26/04/2021,USD,0.0091994628
Exchange,JPY,27/04/2021,USD,0.0092099689
Exchange,JPY,28/04/2021,USD,0.0091802917
Exchange,JPY,29/04/2021,USD,0.0091491308
Exchange,JPY,02/05/2021,USD,0.0091677515
Exchange,JPY,03/05/2021,USD,0.0091427736
Exchange,JPY,04/05/2021,USD,0.0091552455
Exchange,JPY,05/05/2021,USD,0.0091670792
Exchange,JPY,06/05/2021,USD,0.0092068315
Exchange,JPY,09/05/2021,USD,0.0091902473
Exchange,JPY,10/05/2021,USD,0.0092059839
Exchange,JPY,11/05/2021,USD,0.0091152717
Exchange,JPY,12/05/2021,USD,0.0091345890
Exchange,JPY,13/05/2021,USD,0.0091453656
Exchange,JPY,16/05/2021,USD,0.0091605291
Exchange,JPY,17/05/2021,USD,0.0091831581
Exchange,JPY,18/05/2021,USD,0.0091559161
Exchange,JPY,19/05/2021,USD,0.0091926973
Exchange,JPY,20/05/2021,USD,0.0091826521
Exchange,JPY,23/05/2021,USD,0.0091943032
Exchange,JPY,24/05/2021,USD,0.0091930354
Exchange,JPY,25/05/2021,USD,0.0091618720
Exchange,JPY,26/05/2021,USD,0.0091039857
Exchange,JPY,27/05/2021,USD,0.0091025769
Exchange,JPY,30/05/2021,USD,0.0091254198
Exchange,JPY,31/05/2021,USD,0.0091329205
Exchange,JPY,01/06/2021,USD,0.0091264192
Exchange,JPY,02/06/2021,USD,0.0090653613
Exchange,JPY,03/06/2021,USD,0.0091315028
Exchange,JPY,06/06/2021,USD,0.0091529830
Exchange,JPY,07/06/2021,USD,0.0091332542
Exchange,JPY,08/06/2021,USD,0.0091209252
Exchange,JPY,09/06/2021,USD,0.0091469550
Exchange,JPY,10/06/2021,USD,0.0091195944
Exchange,JPY,13/06/2021,USD,0.0090847975
Exchange,JPY,14/06/2021,USD,0.0090855404
Exchange,JPY,15/06/2021,USD,0.0090321182
Exchange,JPY,16/06/2021,USD,0.0090716113
Exchange,JPY,17/06/2021,USD,0.0090724343
Exchange,JPY,20/06/2021,USD,0.0090638822
Exchange,JPY,21/06/2021,USD,0.0090353826
Exchange,JPY,22/06/2021,USD,0.0090126628
Exchange,JPY,23/06/2021,USD,0.0090181084
Exchange,JPY,24/06/2021,USD,0.0090281226
Exchange,JPY,27/06/2021,USD,0.0090399566
Exchange,JPY,28/06/2021,USD,0.0090460898
Exchange,JPY,29/06/2021,USD,0.0090003330
Exchange,JPY,30/06/2021,USD,0.0089665190
Exchange,JPY,01/07/2021,USD,0.0090070615
Exchange,JPY,04/07/2021,USD,0.0090094960
Exchange,JPY,05/07/2021,USD,0.0090398749
Exchange,JPY,06/07/2021,USD,0.0090401201
Exchange,JPY,07/07/2021,USD,0.0091105382
Exchange,JPY,08/07/2021,USD,0.0090800955
Exchange,JPY,11/07/2021,USD,0.0090607615
Exchange,JPY,12/07/2021,USD,0.0090388127
Exchange,JPY,13/07/2021,USD,0.0090947123
Exchange,JPY,14/07/2021,USD,0.0091034056
Exchange,JPY,15/07/2021,USD,0.0090839722
Exchange,JPY,18/07/2021,USD,0.0091362582
Exchange,JPY,19/07/2021,USD,0.0091026598
Exchange,JPY,20/07/2021,USD,0.0090670874
Exchange,JPY,21/07/2021,USD,0.0090779524
Exchange,JPY,22/07/2021,USD,0.0090456807
Exchange,JPY,25/07/2021,USD,0.0090592840
Exchange,JPY,26/07/2021,USD,0.0091081317
Exchange,JPY,27/07/2021,USD,0.0090978565
Exchange,JPY,28/07/2021,USD,0.0091335044
Exchange,JPY,29/07/2021,USD,0.0091140256
Exchange,JPY,01/08/2021,USD,0.0091482102
Exchange,JPY,02/08/2021,USD,0.0091719558
Exchange,JPY,03/08/2021,USD,0.0091332542
Exchange,JPY,04/08/2021,USD,0.0091092933
Exchange,JPY,05/08/2021,USD,0.0090706239
Exchange,JPY,08/08/2021,USD,0.0090632251
Exchange,JPY,09/08/2021,USD,0.0090437173
Exchange,JPY,10/08/2021,USD,0.0090543624
Exchange,JPY,11/08/2021,USD,0.0090546903
Exchange,JPY,12/08/2021,USD,0.0091230887
Exchange,JPY,15/08/2021,USD,0.0091514752
Exchange,JPY,16/08/2021,USD,0.0091251700
Exchange,JPY,17/08/2021,USD,0.0091101232
Exchange,JPY,18/08/2021,USD,0.0091104552
Exchange,JPY,19/08/2021,USD,0.0091074681
Exchange,JPY,22/08/2021,USD,0.0091161858
Exchange,JPY,23/08/2021,USD,0.0091172663
Exchange,JPY,24/08/2021,USD,0.0090919836
Exchange,JPY,25/08/2021,USD,0.0090837247
Exchange,JPY,26/08/2021,USD,0.0091039857
Exchange,JPY,29/08/2021,USD,0.0090975255
Exchange,JPY,30/08/2021,USD,0.0090910744
Exchange,JPY,31/08/2021,USD,0.0090883478
Exchange,JPY,01/09/2021,USD,0.0090962014
Exchange,JPY,02/09/2021,USD,0.0091153548
Exchange,JPY,05/09/2021,USD,0.0091023284
Exchange,JPY,06/09/2021,USD,0.0090673340
Exchange,JPY,07/09/2021,USD,0.0090689787
Exchange,JPY,08/09/2021,USD,0.0091127798
Exchange,JPY,09/09/2021,USD,0.0090965324
Exchange,JPY,12/09/2021,USD,0.0090905785
Exchange,JPY,13/09/2021,USD,0.0091164351
Exchange,JPY,14/09/2021,USD,0.0091429407
Exchange,JPY,15/09/2021,USD,0.0091124476
Exchange,JPY,16/09/2021,USD,0.0090949605
Exchange,JPY,19/09/2021,USD,0.0091413527
Exchange,JPY,20/09/2021,USD,0.0091556646
Exchange,JPY,21/09/2021,USD,0.0091069705
Exchange,JPY,22/09/2021,USD,0.0090638001
Exchange,JPY,23/09/2021,USD,0.0090327709
Exchange,JPY,26/09/2021,USD,0.0090080352
Exchange,JPY,27/09/2021,USD,0.0089676447
Exchange,JPY,28/09/2021,USD,0.0089308041
Exchange,JPY,29/09/2021,USD,0.0089861793
Exchange,JPY,30/09/2021,USD,0.0090048716
Exchange,JPY,03/10/2021,USD,0.0090148565
Exchange,JPY,04/10/2021,USD,0.0089714260
Exchange,JPY,05/10/2021,USD,0.0089758550
Exchange,JPY,06/10/2021,USD,0.0089582456
Exchange,JPY,07/10/2021,USD,0.0089101148
Exchange,JPY,10/10/2021,USD,0.0088237889
Exchange,JPY,11/10/2021,USD,0.0088021970
Exchange,JPY,12/10/2021,USD,0.0088297102
Exchange,JPY,13/10/2021,USD,0.0087966221
Exchange,JPY,14/10/2021,USD,0.0087559540
Exchange,JPY,17/10/2021,USD,0.0087474523
Exchange,JPY,18/10/2021,USD,0.0087430930
Exchange,JPY,19/10/2021,USD,0.0087464577
Exchange,JPY,20/10/2021,USD,0.0087716220
Exchange,JPY,21/10/2021,USD,0.0088111937
Exchange,JPY,24/10/2021,USD,0.0087939146
Exchange,JPY,25/10/2021,USD,0.0087600960
Exchange,JPY,26/10/2021,USD,0.0087864197
Exchange,JPY,27/10/2021,USD,0.0088051422
Exchange,JPY,28/10/2021,USD,0.0087793229
Exchange,JPY,31/10/2021,USD,0.0087719298
Exchange,JPY,01/11/2021,USD,0.0087754708
Exchange,JPY,02/11/2021,USD,0.0087711604
Exchange,JPY,03/11/2021,USD,0.0087908224
Exchange,JPY,04/11/2021,USD,0.0088177978
Exchange,JPY,07/11/2021,USD,0.0088317377
Exchange,JPY,08/11/2021,USD,0.0088589653
Exchange,JPY,09/11/2021,USD,0.0087787064
Exchange,JPY,10/11/2021,USD,0.0087668543
Exchange,JPY,11/11/2021,USD,0.0087802480
Exchange,JPY,14/11/2021,USD,0.0087612473
Exchange,JPY,15/11/2021,USD,0.0087086773
Exchange,JPY,16/11/2021,USD,0.0087628595
Exchange,JPY,17/11/2021,USD,0.0087524288
Exchange,JPY,18/11/2021,USD,0.0087719298
Exchange,JPY,21/11/2021,USD,0.0087045838
Exchange,JPY,22/11/2021,USD,0.0086859843
Exchange,JPY,23/11/2021,USD,0.0086646103
Exchange,JPY,24/11/2021,USD,0.0086681403
Exchange,JPY,25/11/2021,USD,0.0088198977
Exchange,JPY,28/11/2021,USD,0.0088071585
Exchange,JPY,29/11/2021,USD,0.0088382946
Exchange,JPY,30/11/2021,USD,0.0088665845
Exchange,JPY,01/12/2021,USD,0.0088348588
Exchange,JPY,02/12/2021,USD,0.0088636767
Exchange,JPY,05/12/2021,USD,0.0088107279
Exchange,JPY,06/12/2021,USD,0.0088051422
Exchange,JPY,07/12/2021,USD,0.0087949201
Exchange,JPY,08/12/2021,USD,0.0088136011
Exchange,JPY,09/12/2021,USD,0.0088199755
Exchange,JPY,12/12/2021,USD,0.0088039794
Exchange,JPY,13/12/2021,USD,0.0087908997
Exchange,JPY,14/12/2021,USD,0.0087673154
Exchange,JPY,15/12/2021,USD,0.0087947654
Exchange,JPY,16/12/2021,USD,0.0087941466
Exchange,JPY,19/12/2021,USD,0.0088003379
Exchange,JPY,20/12/2021,USD,0.0087646260
Exchange,JPY,21/12/2021,USD,0.0087628595
Exchange,JPY,22/12/2021,USD,0.0087395017
Exchange,JPY,23/12/2021,USD,0.0087411059
Exchange,JPY,26/12/2021,USD,0.0087040535
Exchange,JPY,27/12/2021,USD,0.0087085256
Exchange,JPY,28/12/2021,USD,0.0086968622
Exchange,JPY,29/12/2021,USD,0.0086903624
Exchange,JPY,30/12/2021,USD,0.0086873425
Exchange,JPY,02/01/2022,USD,0.0086692674
Exchange,JPY,03/01/2022,USD,0.0086097049
Exchange,JPY,04/01/2022,USD,0.0086128935
Exchange,JPY,05/01/2022,USD,0.0086322986
Exchange,JPY,06/01/2022,USD,0.0086543371
Exchange,JPY,09/01/2022,USD,0.0086806309
Exchange,JPY,10/01/2022,USD,0.0086731021
Exchange,JPY,11/01/2022,USD,0.0087231110
Exchange,JPY,12/01/2022,USD,0.0087592520
Exchange,JPY,13/01/2022,USD,0.0087577177
Exchange,JPY,16/01/2022,USD,0.0087250899
Exchange,JPY,17/01/2022,USD,0.0087255467
Exchange,JPY,18/01/2022,USD,0.0087468402
Exchange,JPY,19/01/2022,USD,0.0087615543
Exchange,JPY,20/01/2022,USD,0.0087958484
Exchange,JPY,23/01/2022,USD,0.0087730072
Exchange,JPY,24/01/2022,USD,0.0087823300
Exchange,JPY,25/01/2022,USD,0.0087198403
Exchange,JPY,26/01/2022,USD,0.0086683657
Exchange,JPY,27/01/2022,USD,0.0086776931
Exchange,JPY,30/01/2022,USD,0.0086853808
Exchange,JPY,31/01/2022,USD,0.0087193080
Exchange,JPY,01/02/2022,USD,0.0087383561
Exchange,JPY,02/02/2022,USD,0.0086969378
Exchange,JPY,03/02/2022,USD,0.0086806309
Exchange,JPY,06/02/2022,USD,0.0086887012
Exchange,JPY,07/02/2022,USD,0.0086544120
Exchange,JPY,08/02/2022,USD,0.0086548614
Exchange,JPY,09/02/2022,USD,0.0086203924
Exchange,JPY,10/02/2022,USD,0.0086586084
Exchange,JPY,13/02/2022,USD,0.0086548614
Exchange,JPY,14/02/2022,USD,0.0086508184
Exchange,JPY,15/02/2022,USD,0.0086614582
Exchange,JPY,16/02/2022,USD,0.0087015541
Exchange,JPY,17/02/2022,USD,0.0086902113
Exchange,JPY,20/02/2022,USD,0.0087163440
Exchange,JPY,21/02/2022,USD,0.0086909666
Exchange,JPY,22/02/2022,USD,0.0086941401
Exchange,JPY,23/02/2022,USD,0.0086556106
Exchange,JPY,24/02/2022,USD,0.0086553858
Exchange,JPY,27/02/2022,USD,0.0086977699
Exchange,JPY,28/02/2022,USD,0.0087017055
Exchange,JPY,01/03/2022,USD,0.0086567345
Exchange,JPY,02/03/2022,USD,0.0086610832
Exchange,JPY,03/03/2022,USD,0.0087074640
Exchange,JPY,06/03/2022,USD,0.0086721995
Exchange,JPY,07/03/2022,USD,0.0086448356
Exchange,JPY,08/03/2022,USD,0.0086312555
Exchange,JPY,09/03/2022,USD,0.0086102979
Exchange,JPY,10/03/2022,USD,0.0085257307
Exchange,JPY,13/03/2022,USD,0.0084595212
Exchange,JPY,14/03/2022,USD,0.0084542288
Exchange,JPY,15/03/2022,USD,0.0084202017
Exchange,JPY,16/03/2022,USD,0.0084315610
Exchange,JPY,17/03/2022,USD,0.0083926413
Exchange,JPY,20/03/2022,USD,0.0083701620
Exchange,JPY,21/03/2022,USD,0.0082761589
Exchange,JPY,22/03/2022,USD,0.0082547072
Exchange,JPY,23/03/2022,USD,0.0081746097
Exchange,JPY,24/03/2022,USD,0.0081909474
Exchange,JPY,27/03/2022,USD,0.0080698526
Exchange,JPY,28/03/2022,USD,0.0081370938
Exchange,JPY,29/03/2022,USD,0.0082078894
Exchange,JPY,30/03/2022,USD,0.0082170619
Exchange,JPY,31/03/2022,USD,0.0081592689
Exchange,JPY,03/04/2022,USD,0.0081453124
Exchange,JPY,04/04/2022,USD,0.0080904840
Exchange,JPY,05/04/2022,USD,0.0080781317
Exchange,JPY,06/04/2022,USD,0.0080658821
Exchange,JPY,07/04/2022,USD,0.0080455701
Exchange,JPY,10/04/2022,USD,0.0079748632
Exchange,JPY,11/04/2022,USD,0.0079748632
Exchange,JPY,12/04/2022,USD,0.0079582352
Exchange,JPY,13/04/2022,USD,0.0079433165
Exchange,JPY,14/04/2022,USD,0.0079077013
Exchange,JPY,17/04/2022,USD,0.0078740777
Exchange,JPY,18/04/2022,USD,0.0077585538
Exchange,JPY,19/04/2022,USD,0.0078204426
Exchange,JPY,20/04/2022,USD,0.0077897394
Exchange,JPY,21/04/2022,USD,0.0077780457
Exchange,JPY,24/04/2022,USD,0.0078045735
Exchange,JPY,25/04/2022,USD,0.0078597815
Exchange,JPY,26/04/2022,USD,0.0077862821
Exchange,JPY,27/04/2022,USD,0.0076422802
Exchange,JPY,28/04/2022,USD,0.0077048726
Exchange,JPY,01/05/2022,USD,0.0076819076
Exchange,JPY,02/05/2022,USD,0.0076840326
Exchange,JPY,03/05/2022,USD,0.0077462934
Exchange,JPY,04/05/2022,USD,0.0076817305
Exchange,JPY,05/05/2022,USD,0.0076600178
Exchange,JPY,08/05/2022,USD,0.0076730071
Exchange,JPY,09/05/2022,USD,0.0076664188
Exchange,JPY,10/05/2022,USD,0.0076933137
Exchange,JPY,11/05/2022,USD,0.0077928960
Exchange,JPY,12/05/2022,USD,0.0077364052
Exchange,JPY,15/05/2022,USD,0.0077453334
Exchange,JPY,16/05/2022,USD,0.0077301856
Exchange,JPY,17/05/2022,USD,0.0077973926
Exchange,JPY,18/05/2022,USD,0.0078227674
Exchange,JPY,19/05/2022,USD,0.0078139651
Exchange,JPY,22/05/2022,USD,0.0078187306
Exchange,JPY,23/05/2022,USD,0.0078828296
Exchange,JPY,24/05/2022,USD,0.0078557681
Exchange,JPY,25/05/2022,USD,0.0078688731
Exchange,JPY,26/05/2022,USD,0.0078663971
Exchange,JPY,29/05/2022,USD,0.0078359466
Exchange,JPY,30/05/2022,USD,0.0077697663
Exchange,JPY,31/05/2022,USD,0.0076827338
Exchange,JPY,01/06/2022,USD,0.0076998298
Exchange,JPY,02/06/2022,USD,0.0076437405
Exchange,JPY,05/06/2022,USD,0.0075816736
Exchange,JPY,06/06/2022,USD,0.0075395449
Exchange,JPY,07/06/2022,USD,0.0074485122
Exchange,JPY,08/06/2022,USD,0.0074416943
Exchange,JPY,09/06/2022,USD,0.0074409745
Exchange,JPY,12/06/2022,USD,0.0074391478
Exchange,JPY,13/06/2022,USD,0.0073825801
Exchange,JPY,14/06/2022,USD,0.0074735064
Exchange,JPY,15/06/2022,USD,0.0075630379
Exchange,JPY,16/06/2022,USD,0.0074066942
Exchange,JPY,19/06/2022,USD,0.0074015958
Exchange,JPY,20/06/2022,USD,0.0073172159
Exchange,JPY,21/06/2022,USD,0.0073407426
Exchange,JPY,22/06/2022,USD,0.0074093832
Exchange,JPY,23/06/2022,USD,0.0073954104
Exchange,JPY,26/06/2022,USD,0.0073811633
Exchange,JPY,27/06/2022,USD,0.0073440851
Exchange,JPY,28/06/2022,USD,0.0073201083
Exchange,JPY,29/06/2022,USD,0.0073660484
Exchange,JPY,30/06/2022,USD,0.0073943167
Exchange,JPY,03/07/2022,USD,0.0073688709
Exchange,JPY,04/07/2022,USD,0.0073597598
Exchange,JPY,05/07/2022,USD,0.0073573772
Exchange,JPY,06/07/2022,USD,0.0073531574
Exchange,JPY,07/07/2022,USD,0.0073484025
Exchange,JPY,10/07/2022,USD,0.0072768552
Exchange,JPY,11/07/2022,USD,0.0073056692
Exchange,JPY,12/07/2022,USD,0.0072759022
Exchange,JPY,13/07/2022,USD,0.0071974032
Exchange,JPY,14/07/2022,USD,0.0072187572
Exchange,JPY,17/07/2022,USD,0.0072392949
Exchange,JPY,18/07/2022,USD,0.0072358900
Exchange,JPY,19/07/2022,USD,0.0072329591
Exchange,JPY,20/07/2022,USD,0.0072809879
Exchange,JPY,21/07/2022,USD,0.0073482945
Exchange,JPY,24/07/2022,USD,0.0073179656
Exchange,JPY,25/07/2022,USD,0.0073026282
Exchange,JPY,26/07/2022,USD,0.0073207514
Exchange,JPY,27/07/2022,USD,0.0074494554
Exchange,JPY,28/07/2022,USD,0.0075057043
Exchange,JPY,31/07/2022,USD,0.0075982068
Exchange,JPY,01/08/2022,USD,0.0075104395
Exchange,JPY,02/08/2022,USD,0.0074703799
Exchange,JPY,03/08/2022,USD,0.0075211155
Exchange,JPY,04/08/2022,USD,0.0074060908
Exchange,JPY,07/08/2022,USD,0.0074049939
Exchange,JPY,08/08/2022,USD,0.0073996241
Exchange,JPY,09/08/2022,USD,0.0075262667
Exchange,JPY,10/08/2022,USD,0.0075193624
Exchange,JPY,11/08/2022,USD,0.0074897952
Exchange,JPY,14/08/2022,USD,0.0075017066
Exchange,JPY,15/08/2022,USD,0.0074491780
Exchange,JPY,16/08/2022,USD,0.0074039522
Exchange,JPY,17/08/2022,USD,0.0073592182
Exchange,JPY,18/08/2022,USD,0.0073041217
Exchange,JPY,21/08/2022,USD,0.0072717753
Exchange,JPY,22/08/2022,USD,0.0073118657
Exchange,JPY,23/08/2022,USD,0.0072917122
Exchange,JPY,24/08/2022,USD,0.0073269735
Exchange,JPY,25/08/2022,USD,0.0072712466
Exchange,JPY,28/08/2022,USD,0.0072095454
Exchange,JPY,29/08/2022,USD,0.0072044033
Exchange,JPY,30/08/2022,USD,0.0071965744
Exchange,JPY,31/08/2022,USD,0.0071324641
Exchange,JPY,01/09/2022,USD,0.0071315994
Exchange,JPY,04/09/2022,USD,0.0071133874
Exchange,JPY,05/09/2022,USD,0.0070028011
Exchange,JPY,06/09/2022,USD,0.0069556508
Exchange,JPY,07/09/2022,USD,0.0069393363
Exchange,JPY,08/09/2022,USD,0.0070120818
Exchange,JPY,11/09/2022,USD,0.0070010852
Exchange,JPY,12/09/2022,USD,0.0069177343
Exchange,JPY,13/09/2022,USD,0.0069841669
Exchange,JPY,14/09/2022,USD,0.0069689325
Exchange,JPY,15/09/2022,USD,0.0069959424
Exchange,JPY,18/09/2022,USD,0.0069824601
Exchange,JPY,19/09/2022,USD,0.0069578770
Exchange,JPY,20/09/2022,USD,0.0069421304
Exchange,JPY,21/09/2022,USD,0.0070231131
Exchange,JPY,22/09/2022,USD,0.0069755437
Exchange,JPY,25/09/2022,USD,0.0069091311
Exchange,JPY,26/09/2022,USD,0.0069040748
Exchange,JPY,27/09/2022,USD,0.0069386622
Exchange,JPY,28/09/2022,USD,0.0069239611
Exchange,JPY,29/09/2022,USD,0.0069085583
Exchange,JPY,02/10/2022,USD,0.0069172558
Exchange,JPY,03/10/2022,USD,0.0069376995
Exchange,JPY,04/10/2022,USD,0.0069115665
Exchange,JPY,05/10/2022,USD,0.0068904216
Exchange,JPY,06/10/2022,USD,0.0068784306
Exchange,JPY,09/10/2022,USD,0.0068621463
Exchange,JPY,10/10/2022,USD,0.0068557952
Exchange,JPY,11/10/2022,USD,0.0068068422
Exchange,JPY,12/10/2022,USD,0.0067927399
Exchange,JPY,13/10/2022,USD,0.0067223275
Exchange,JPY,16/10/2022,USD,0.0067103285
Exchange,JPY,17/10/2022,USD,0.0067005267
Exchange,JPY,18/10/2022,USD,0.0066712921
Exchange,JPY,19/10/2022,USD,0.0066595631
Exchange,JPY,20/10/2022,USD,0.0067731863
Exchange,JPY,23/10/2022,USD,0.0067105087
Exchange,JPY,24/10/2022,USD,0.0067593143
Exchange,JPY,25/10/2022,USD,0.0068317210
Exchange,JPY,26/10/2022,USD,0.0068356905
Exchange,JPY,27/10/2022,USD,0.0067805344
Exchange,JPY,30/10/2022,USD,0.0067230507
Exchange,JPY,31/10/2022,USD,0.0067464547
Exchange,JPY,01/11/2022,USD,0.0067605024
Exchange,JPY,02/11/2022,USD,0.0067439978
Exchange,JPY,03/11/2022,USD,0.0068191427
Exchange,JPY,06/11/2022,USD,0.0068200728
Exchange,JPY,07/11/2022,USD,0.0068664341
Exchange,JPY,08/11/2022,USD,0.0068299480
Exchange,JPY,09/11/2022,USD,0.0070954192
Exchange,JPY,10/11/2022,USD,0.0072024834
Exchange,JPY,13/11/2022,USD,0.0071471454
Exchange,JPY,14/11/2022,USD,0.0071779264
Exchange,JPY,15/11/2022,USD,0.0071664039
Exchange,JPY,16/11/2022,USD,0.0071319554
Exchange,JPY,17/11/2022,USD,0.0071237249
Exchange,JPY,20/11/2022,USD,0.0070370996
Exchange,JPY,21/11/2022,USD,0.0070815511
Exchange,JPY,22/11/2022,USD,0.0071638370
Exchange,JPY,23/11/2022,USD,0.0072131337
Exchange,JPY,24/11/2022,USD,0.0071857664
Exchange,JPY,27/11/2022,USD,0.0071983876
Exchange,JPY,28/11/2022,USD,0.0072097014
Exchange,JPY,29/11/2022,USD,0.0072401859
Exchange,JPY,30/11/2022,USD,0.0073883619
Exchange,JPY,01/12/2022,USD,0.0074442426
Exchange,JPY,04/12/2022,USD,0.0073124004
Exchange,JPY,05/12/2022,USD,0.0072963409
Exchange,JPY,06/12/2022,USD,0.0073213946
Exchange,JPY,07/12/2022,USD,0.0073158241
Exchange,JPY,08/12/2022,USD,0.0073223596
Exchange,JPY,11/12/2022,USD,0.0072644854
Exchange,JPY,12/12/2022,USD,0.0073746313
Exchange,JPY,13/12/2022,USD,0.0073810543
Exchange,JPY,14/12/2022,USD,0.0072578421
Exchange,JPY,15/12/2022,USD,0.0073130956
Exchange,JPY,18/12/2022,USD,0.0073039617
Exchange,JPY,19/12/2022,USD,0.0075930144
Exchange,JPY,20/12/2022,USD,0.0075501899
Exchange,JPY,21/12/2022,USD,0.0075543536
Exchange,JPY,22/12/2022,USD,0.0075285898
Exchange,JPY,26/12/2022,USD,0.0074903001
Exchange,JPY,27/12/2022,USD,0.0074357182
Exchange,JPY,28/12/2022,USD,0.0075173274
Exchange,JPY,29/12/2022,USD,0.0076277069
Exchange,JPY,01/01/2023,USD,0.0076535103
Exchange,JPY,02/01/2023,USD,0.0076345202
Exchange,JPY,03/01/2023,USD,0.0075373854
Exchange,JPY,04/01/2023,USD,0.0074949035
Exchange,JPY,05/01/2023,USD,0.0075703666
Exchange,JPY,08/01/2023,USD,0.0075827659
Exchange,JPY,09/01/2023,USD,0.0075622944
Exchange,JPY,10/01/2023,USD,0.0075468281
Exchange,JPY,11/01/2023,USD,0.0077338324
Exchange,JPY,12/01/2023,USD,0.0078212378
Exchange,JPY,15/01/2023,USD,0.0077806480
Exchange,JPY,16/01/2023,USD,0.0078029901
Exchange,JPY,17/01/2023,USD,0.0077577112
Exchange,JPY,18/01/2023,USD,0.0077867065
Exchange,JPY,19/01/2023,USD,0.0077179551
Exchange,JPY,22/01/2023,USD,0.0076521633
Exchange,JPY,23/01/2023,USD,0.0076804916
Exchange,JPY,24/01/2023,USD,0.0077173594
Exchange,JPY,25/01/2023,USD,0.0076782506
Exchange,JPY,26/01/2023,USD,0.0077022614
Exchange,JPY,29/01/2023,USD,0.0076669478
Exchange,JPY,30/01/2023,USD,0.0076865132
Exchange,JPY,31/01/2023,USD,0.0077566882
Exchange,JPY,01/02/2023,USD,0.0077691626
Exchange,JPY,02/02/2023,USD,0.0076216027
Exchange,JPY,05/02/2023,USD,0.0075396586
Exchange,JPY,06/02/2023,USD,0.0076299767
Exchange,JPY,07/02/2023,USD,0.0076073974
Exchange,JPY,08/02/2023,USD,0.0076032329
Exchange,JPY,09/02/2023,USD,0.0076087287
Exchange,JPY,12/02/2023,USD,0.0075515012
Exchange,JPY,13/02/2023,USD,0.0075129222
Exchange,JPY,14/02/2023,USD,0.0074535087
Exchange,JPY,15/02/2023,USD,0.0074656951
Exchange,JPY,16/02/2023,USD,0.0074535643
Exchange,JPY,19/02/2023,USD,0.0074470145
Exchange,JPY,20/02/2023,USD,0.0074064199
Exchange,JPY,21/02/2023,USD,0.0074122391
Exchange,JPY,22/02/2023,USD,0.0074246215
Exchange,JPY,23/02/2023,USD,0.0073264367
Exchange,JPY,26/02/2023,USD,0.0073407426
Exchange,JPY,27/02/2023,USD,0.0073408504
Exchange,JPY,28/02/2023,USD,0.0073413893
Exchange,JPY,01/03/2023,USD,0.0073118122
Exchange,JPY,02/03/2023,USD,0.0073623065
Exchange,JPY,05/03/2023,USD,0.0073573772
Exchange,JPY,06/03/2023,USD,0.0072906490
Exchange,JPY,07/03/2023,USD,0.0072801398
Exchange,JPY,08/03/2023,USD,0.0073461352
Exchange,JPY,09/03/2023,USD,0.0074013767
Exchange,JPY,12/03/2023,USD,0.0075045778
Exchange,JPY,13/03/2023,USD,0.0074503435
Exchange,JPY,14/03/2023,USD,0.0074944541
Exchange,JPY,15/03/2023,USD,0.0074751824
Exchange,JPY,16/03/2023,USD,0.0075841461
Exchange,JPY,19/03/2023,USD,0.0076157982
Exchange,JPY,20/03/2023,USD,0.0075497339
Exchange,JPY,21/03/2023,USD,0.0076047362
Exchange,JPY,22/03/2023,USD,0.0076400031
Exchange,JPY,23/03/2023,USD,0.0076500558
Exchange,JPY,26/03/2023,USD,0.0076004013
Exchange,JPY,27/03/2023,USD,0.0076394778
Exchange,JPY,28/03/2023,USD,0.0075264933
Exchange,JPY,29/03/2023,USD,0.0075369310
Exchange,JPY,30/03/2023,USD,0.0075284198
Exchange,JPY,02/04/2023,USD,0.0075525278
Exchange,JPY,03/04/2023,USD,0.0075916310
Exchange,JPY,04/04/2023,USD,0.0076140586
Exchange,JPY,05/04/2023,USD,0.0075894416
Exchange,JPY,06/04/2023,USD,0.0075673303
Exchange,JPY,09/04/2023,USD,0.0074839096
Exchange,JPY,10/04/2023,USD,0.0074797113
Exchange,JPY,11/04/2023,USD,0.0075088041
Exchange,JPY,12/04/2023,USD,0.0075429571
Exchange,JPY,13/04/2023,USD,0.0074764119
Exchange,JPY,16/04/2023,USD,0.0074357182
Exchange,JPY,17/04/2023,USD,0.0074573996
Exchange,JPY,18/04/2023,USD,0.0074221417
Exchange,JPY,19/04/2023,USD,0.0074493445
Exchange,JPY,20/04/2023,USD,0.0074557872
Exchange,JPY,23/04/2023,USD,0.0074487896
Exchange,JPY,24/04/2023,USD,0.0074781451
Exchange,JPY,25/04/2023,USD,0.0074806625
Exchange,JPY,26/04/2023,USD,0.0074640234
Exchange,JPY,27/04/2023,USD,0.0073364880
Exchange,JPY,30/04/2023,USD,0.0072743144
Exchange,JPY,01/05/2023,USD,0.0073223596
Exchange,JPY,02/05/2023,USD,0.0074214807
Exchange,JPY,03/05/2023,USD,0.0074476246
Exchange,JPY,04/05/2023,USD,0.0074161420
Exchange,JPY,07/05/2023,USD,0.0074012671
Exchange,JPY,08/05/2023,USD,0.0073949182
Exchange,JPY,09/05/2023,USD,0.0074413621
Exchange,JPY,10/05/2023,USD,0.0074312424
Exchange,JPY,11/05/2023,USD,0.0073671337
Exchange,JPY,14/05/2023,USD,0.0073471067
Exchange,JPY,15/05/2023,USD,0.0073321846
Exchange,JPY,16/05/2023,USD,0.0072623223
Exchange,JPY,17/05/2023,USD,0.0072098053
Exchange,JPY,18/05/2023,USD,0.0072482677
Exchange,JPY,21/05/2023,USD,0.0072154237
Exchange,JPY,22/05/2023,USD,0.0072157361
Exchange,JPY,23/05/2023,USD,0.0071702064
Exchange,JPY,24/05/2023,USD,0.0071403070
Exchange,JPY,25/05/2023,USD,0.0071113640
Exchange,JPY,28/05/2023,USD,0.0071203771
Exchange,JPY,29/05/2023,USD,0.0071532805
Exchange,JPY,30/05/2023,USD,0.0071767416
Exchange,JPY,31/05/2023,USD,0.0072042995
Exchange,JPY,01/06/2023,USD,0.0071445923
Exchange,JPY,04/06/2023,USD,0.0071647608
Exchange,JPY,05/06/2023,USD,0.0071610154
Exchange,JPY,06/06/2023,USD,0.0071338888
Exchange,JPY,07/06/2023,USD,0.0071981803
Exchange,JPY,08/06/2023,USD,0.0071747335
Exchange,JPY,11/06/2023,USD,0.0071628107
Exchange,JPY,12/06/2023,USD,0.0071310908
Exchange,JPY,13/06/2023,USD,0.0071377587
Exchange,JPY,14/06/2023,USD,0.0071293115
Exchange,JPY,15/06/2023,USD,0.0070482098
Exchange,JPY,18/06/2023,USD,0.0070425511
Exchange,JPY,19/06/2023,USD,0.0070705857
Exchange,JPY,20/06/2023,USD,0.0070476137
Exchange,JPY,21/06/2023,USD,0.0069877295
Exchange,JPY,22/06/2023,USD,0.0069602500
Exchange,JPY,25/06/2023,USD,0.0069680584
Exchange,JPY,26/06/2023,USD,0.0069406849
Exchange,JPY,27/06/2023,USD,0.0069208942
Exchange,JPY,28/06/2023,USD,0.0069063158
Exchange,JPY,29/06/2023,USD,0.0069277505
Exchange,JPY,02/07/2023,USD,0.0069113277
Exchange,JPY,03/07/2023,USD,0.0069222835
Exchange,JPY,04/07/2023,USD,0.0069126654
Exchange,JPY,05/07/2023,USD,0.0069414076
Exchange,JPY,06/07/2023,USD,0.0070346244
Exchange,JPY,09/07/2023,USD,0.0070766400
Exchange,JPY,10/07/2023,USD,0.0071250445
Exchange,JPY,11/07/2023,USD,0.0072197475
Exchange,JPY,12/07/2023,USD,0.0072434899
Exchange,JPY,13/07/2023,USD,0.0072049224
Exchange,JPY,16/07/2023,USD,0.0072087659
Exchange,JPY,17/07/2023,USD,0.0072032098
Exchange,JPY,18/07/2023,USD,0.0071592211
Exchange,JPY,19/07/2023,USD,0.0071390836
Exchange,JPY,20/07/2023,USD,0.0070495016
Exchange,JPY,23/07/2023,USD,0.0070675374
Exchange,JPY,24/07/2023,USD,0.0070964262
Exchange,JPY,25/07/2023,USD,0.0071306840
Exchange,JPY,26/07/2023,USD,0.0071693839
Exchange,JPY,27/07/2023,USD,0.0070836078
Exchange,JPY,30/07/2023,USD,0.0070293334
Exchange,JPY,31/07/2023,USD,0.0069769551
Exchange,JPY,01/08/2023,USD,0.0069765170
Exchange,JPY,02/08/2023,USD,0.0070162637
Exchange,JPY,03/08/2023,USD,0.0070536785
Exchange,JPY,06/08/2023,USD,0.0070185289
Exchange,JPY,07/08/2023,USD,0.0069740843
Exchange,JPY,08/08/2023,USD,0.0069570057
Exchange,JPY,09/08/2023,USD,0.0069080334
Exchange,JPY,10/08/2023,USD,0.0068978837
Exchange,JPY,13/08/2023,USD,0.0068703968
Exchange,JPY,14/08/2023,USD,0.0068694529
Exchange,JPY,15/08/2023,USD,0.0068326546
Exchange,JPY,16/08/2023,USD,0.0068560302
Exchange,JPY,17/08/2023,USD,0.0068773426
Exchange,JPY,20/08/2023,USD,0.0068388226
Exchange,JPY,21/08/2023,USD,0.0068549493
Exchange,JPY,22/08/2023,USD,0.0069035505
Exchange,JPY,23/08/2023,USD,0.0068562653
Exchange,JPY,24/08/2023,USD,0.0068287353
Exchange,JPY,27/08/2023,USD,0.0068243548
Exchange,JPY,28/08/2023,USD,0.0068549493
Exchange,JPY,29/08/2023,USD,0.0068375133
Exchange,JPY,30/08/2023,USD,0.0068711522
Exchange,JPY,31/08/2023,USD,0.0068384485
Exchange,JPY,03/09/2023,USD,0.0068264977
Exchange,JPY,04/09/2023,USD,0.0067692891
Exchange,JPY,05/09/2023,USD,0.0067717645
Exchange,JPY,06/09/2023,USD,0.0067890506
Exchange,JPY,07/09/2023,USD,0.0067658083
Exchange,JPY,10/09/2023,USD,0.0068218408
Exchange,JPY,11/09/2023,USD,0.0067992059
Exchange,JPY,12/09/2023,USD,0.0067806264
Exchange,JPY,13/09/2023,USD,0.0067809482
Exchange,JPY,14/09/2023,USD,0.0067636118
Exchange,JPY,17/09/2023,USD,0.0067745170
Exchange,JPY,18/09/2023,USD,0.0067621482
Exchange,JPY,19/09/2023,USD,0.0067407248
Exchange,JPY,20/09/2023,USD,0.0067764910
Exchange,JPY,21/09/2023,USD,0.0067397707
Exchange,JPY,24/09/2023,USD,0.0067162776
Exchange,JPY,25/09/2023,USD,0.0067083479
Exchange,JPY,26/09/2023,USD,0.0066821693
Exchange,JPY,27/09/2023,USD,0.0066981928
Exchange,JPY,28/09/2023,USD,0.0066948744
Exchange,JPY,01/10/2023,USD,0.0066722714
Exchange,JPY,02/10/2023,USD,0.0067074480
Exchange,JPY,03/10/2023,USD,0.0067055589
Exchange,JPY,04/10/2023,USD,0.0067335986
Exchange,JPY,05/10/2023,USD,0.0066978339
Exchange,JPY,08/10/2023,USD,0.0067330093
Exchange,JPY,09/10/2023,USD,0.0067242260
Exchange,JPY,10/10/2023,USD,0.0067033114
Exchange,JPY,11/10/2023,USD,0.0066747654
Exchange,JPY,12/10/2023,USD,0.0066855198
Exchange,JPY,15/10/2023,USD,0.0066879790
Exchange,JPY,16/10/2023,USD,0.0066750327
Exchange,JPY,17/10/2023,USD,0.0066697792
Exchange,JPY,18/10/2023,USD,0.0066756120
Exchange,JPY,19/10/2023,USD,0.0066721823
Exchange,JPY,22/10/2023,USD,0.0066797590
Exchange,JPY,23/10/2023,USD,0.0066708026
Exchange,JPY,24/10/2023,USD,0.0066570805
Exchange,JPY,25/10/2023,USD,0.0066490688
Exchange,JPY,26/10/2023,USD,0.0066826158
Exchange,JPY,29/10/2023,USD,0.0067083479
Exchange,JPY,30/10/2023,USD,0.0065914364
Exchange,JPY,31/10/2023,USD,0.0066241836
Exchange,JPY,01/11/2023,USD,0.0066457547
Exchange,JPY,02/11/2023,USD,0.0066946055
Exchange,JPY,05/11/2023,USD,0.0066634682
Exchange,JPY,06/11/2023,USD,0.0066483173
Exchange,JPY,07/11/2023,USD,0.0066235693
Exchange,JPY,08/11/2023,USD,0.0066072892
Exchange,JPY,09/11/2023,USD,0.0065989178
Exchange,JPY,12/11/2023,USD,0.0065910454
Exchange,JPY,13/11/2023,USD,0.0066496436
Exchange,JPY,14/11/2023,USD,0.0066055870
Exchange,JPY,15/11/2023,USD,0.0066339832
Exchange,JPY,16/11/2023,USD,0.0066824372
Exchange,JPY,19/11/2023,USD,0.0067388169
Exchange,JPY,20/11/2023,USD,0.0067385445
Exchange,JPY,21/11/2023,USD,0.0066873529
Exchange,JPY,22/11/2023,USD,0.0066857433
Exchange,JPY,23/11/2023,USD,0.0066912011
Exchange,JPY,26/11/2023,USD,0.0067261709
Exchange,JPY,27/11/2023,USD,0.0067814081
Exchange,JPY,28/11/2023,USD,0.0067918172
Exchange,JPY,29/11/2023,USD,0.0067468189
Exchange,JPY,30/11/2023,USD,0.0068117571
Exchange,JPY,03/12/2023,USD,0.0067921863
Exchange,JPY,04/12/2023,USD,0.0067956019
Exchange,JPY,05/12/2023,USD,0.0067878525
Exchange,JPY,06/12/2023,USD,0.0069362558
Exchange,JPY,07/12/2023,USD,0.0068973604
Exchange,JPY,10/12/2023,USD,0.0068410683
Exchange,JPY,11/12/2023,USD,0.0068737971
Exchange,JPY,12/12/2023,USD,0.0069981455
Exchange,JPY,13/12/2023,USD,0.0070481104
Exchange,JPY,14/12/2023,USD,0.0070345255
Exchange,JPY,17/12/2023,USD,0.0070028502
Exchange,JPY,18/12/2023,USD,0.0069519758
Exchange,JPY,19/12/2023,USD,0.0069655345
Exchange,JPY,20/12/2023,USD,0.0070361093
Exchange,JPY,21/12/2023,USD,0.0070199085
Exchange,JPY,25/12/2023,USD,0.0070237543
Exchange,JPY,26/12/2023,USD,0.0070509431
Exchange,JPY,27/12/2023,USD,0.0070715357
Exchange,JPY,28/12/2023,USD,0.0070904385
Exchange,JPY,01/01/2024,USD,0.0070419560
Exchange,JPY,02/01/2024,USD,0.0069782210
Exchange,JPY,03/01/2024,USD,0.0069140992
Exchange,JPY,04/01/2024,USD,0.0069145295
Exchange,JPY,07/01/2024,USD,0.0069330338
Exchange,JPY,08/01/2024,USD,0.0069203194
Exchange,JPY,09/01/2024,USD,0.0068599339
Exchange,JPY,10/01/2024,USD,0.0068823125
Exchange,JPY,11/01/2024,USD,0.0069010731
Exchange,JPY,14/01/2024,USD,0.0068599339
Exchange,JPY,15/01/2024,USD,0.0067942168
Exchange,JPY,16/01/2024,USD,0.0067495512
Exchange,JPY,17/01/2024,USD,0.0067495056
Exchange,JPY,18/01/2024,USD,0.0067487312
Exchange,JPY,21/01/2024,USD,0.0067505535
Exchange,JPY,22/01/2024,USD,0.0067399978
Exchange,JPY,23/01/2024,USD,0.0067788338
Exchange,JPY,24/01/2024,USD,0.0067725441
Exchange,JPY,25/01/2024,USD,0.0067490956
Exchange,JPY,28/01/2024,USD,0.0067793393
Exchange,JPY,29/01/2024,USD,0.0067746547
Exchange,JPY,30/01/2024,USD,0.0068043412
Exchange,JPY,31/01/2024,USD,0.0068297614
Exchange,JPY,01/02/2024,USD,0.0067393619
Exchange,JPY,04/02/2024,USD,0.0067252209
Exchange,JPY,05/02/2024,USD,0.0067590402
Exchange,JPY,06/02/2024,USD,0.0067488223
Exchange,JPY,07/02/2024,USD,0.0066969817
Exchange,JPY,08/02/2024,USD,0.0066987313
Exchange,JPY,11/02/2024,USD,0.0066953226
Exchange,JPY,12/02/2024,USD,0.0066315636
Exchange,JPY,13/02/2024,USD,0.0066401944
Exchange,JPY,14/02/2024,USD,0.0066694234
Exchange,JPY,15/02/2024,USD,0.0066580113
Exchange,JPY,18/02/2024,USD,0.0066604059
Exchange,JPY,19/02/2024,USD,0.0066667556
Exchange,JPY,20/02/2024,USD,0.0066538026
Exchange,JPY,21/02/2024,USD,0.0066429734
Exchange,JPY,22/02/2024,USD,0.0066434589
Exchange,JPY,25/02/2024,USD,0.0066350837
Exchange,JPY,26/02/2024,USD,0.0066438120
Exchange,JPY,27/02/2024,USD,0.0066353919
Exchange,JPY,28/02/2024,USD,0.0066672889
Exchange,JPY,29/02/2024,USD,0.0066604059
Exchange,JPY,03/03/2024,USD,0.0066435471
Exchange,JPY,04/03/2024,USD,0.0066639122
Exchange,JPY,05/03/2024,USD,0.0066929924
Exchange,JPY,06/03/2024,USD,0.0067552962
Exchange,JPY,07/03/2024,USD,0.0067991596
Exchange,JPY,10/03/2024,USD,0.0068053136
Exchange,JPY,11/03/2024,USD,0.0067724982
Exchange,JPY,12/03/2024,USD,0.0067678231
Exchange,JPY,13/03/2024,USD,0.0067419972
Exchange,JPY,14/03/2024,USD,0.0067089329
Exchange,JPY,17/03/2024,USD,0.0067045249
Exchange,JPY,18/03/2024,USD,0.0066291896
Exchange,JPY,19/03/2024,USD,0.0066118325
Exchange,JPY,20/03/2024,USD,0.0065950010
Exchange,JPY,21/03/2024,USD,0.0066032752
Exchange,JPY,24/03/2024,USD,0.0066042783
Exchange,JPY,25/03/2024,USD,0.0065982647
Exchange,JPY,26/03/2024,USD,0.0066082934
Exchange,JPY,27/03/2024,USD,0.0066056306
Exchange,JPY,28/03/2024,USD,0.0066075511
Exchange,JPY,31/03/2024,USD,0.0065939573
Exchange,JPY,01/04/2024,USD,0.0065981340
Exchange,JPY,02/04/2024,USD,0.0065919144
Exchange,JPY,03/04/2024,USD,0.0066073765
Exchange,JPY,04/04/2024,USD,0.0065950010
Exchange,JPY,07/04/2024,USD,0.0065853594
Exchange,JPY,08/04/2024,USD,0.0065884399
Exchange,JPY,09/04/2024,USD,0.0065297594
Exchange,JPY,10/04/2024,USD,0.0065241360
Exchange,JPY,11/04/2024,USD,0.0065226466
Exchange,JPY,14/04/2024,USD,0.0064820156
Exchange,JPY,15/04/2024,USD,0.0064628290
Exchange,JPY,16/04/2024,USD,0.0064768517
Exchange,JPY,17/04/2024,USD,0.0064659632
Exchange,JPY,18/04/2024,USD,0.0064664649
Exchange,JPY,21/04/2024,USD,0.0064584464
Exchange,JPY,22/04/2024,USD,0.0064584464
Exchange,JPY,23/04/2024,USD,0.0064372433
Exchange,JPY,24/04/2024,USD,0.0064248358
Exchange,JPY,25/04/2024,USD,0.0063153241
Exchange,JPY,28/04/2024,USD,0.0063954976
Exchange,JPY,29/04/2024,USD,0.0063365734
Exchange,JPY,30/04/2024,USD,0.0064748388
Exchange,JPY,01/05/2024,USD,0.0065073663
Exchange,JPY,02/05/2024,USD,0.0065366313
Exchange,JPY,05/05/2024,USD,0.0064977680
Exchange,JPY,06/05/2024,USD,0.0064644584
Exchange,JPY,07/05/2024,USD,0.0064295450
Exchange,JPY,08/05/2024,USD,0.0064316540
Exchange,JPY,09/05/2024,USD,0.0064196390
Exchange,JPY,12/05/2024,USD,0.0064011471
Exchange,JPY,13/05/2024,USD,0.0063925948
Exchange,JPY,14/05/2024,USD,0.0064555279
Exchange,JPY,15/05/2024,USD,0.0064350893
Exchange,JPY,16/05/2024,USD,0.0064250010
Exchange,JPY,19/05/2024,USD,0.0063989352
Exchange,JPY,20/05/2024,USD,0.0064022126
Exchange,JPY,21/05/2024,USD,0.0063763311
Exchange,JPY,22/05/2024,USD,0.0063716589
Exchange,JPY,23/05/2024,USD,0.0063696296
Exchange,JPY,26/05/2024,USD,0.0063735269
Exchange,JPY,27/05/2024,USD,0.0063617278
Exchange,JPY,28/05/2024,USD,0.0063424411
Exchange,JPY,29/05/2024,USD,0.0063769003
Exchange,JPY,30/05/2024,USD,0.0063571983
Exchange,JPY,02/06/2024,USD,0.0064068476
Exchange,JPY,03/06/2024,USD,0.0064559446
Exchange,JPY,04/06/2024,USD,0.0064057806
Exchange,JPY,05/06/2024,USD,0.0064259919
Exchange,JPY,06/06/2024,USD,0.0063786901
Exchange,JPY,09/06/2024,USD,0.0063681288
Exchange,JPY,10/06/2024,USD,0.0063637521
Exchange,JPY,11/06/2024,USD,0.0063803180
Exchange,JPY,12/06/2024,USD,0.0063691833
Exchange,JPY,13/06/2024,USD,0.0063528769
Exchange,JPY,16/06/2024,USD,0.0063399882
Exchange,JPY,17/06/2024,USD,0.0063348875
Exchange,JPY,18/06/2024,USD,0.0063257509
Exchange,JPY,19/06/2024,USD,0.0062920783
Exchange,JPY,20/06/2024,USD,0.0062569609
Exchange,JPY,23/06/2024,USD,0.0062647221
Exchange,JPY,24/06/2024,USD,0.0062625251
Exchange,JPY,25/06/2024,USD,0.0062179388
Exchange,JPY,26/06/2024,USD,0.0062199112
Exchange,JPY,27/06/2024,USD,0.0062160835
Exchange,JPY,30/06/2024,USD,0.0061929475
Exchange,JPY,01/07/2024,USD,0.0061931392
Exchange,JPY,02/07/2024,USD,0.0061840624
Exchange,JPY,03/07/2024,USD,0.0062009351
Exchange,JPY,04/07/2024,USD,0.0062187895
Exchange,JPY,07/07/2024,USD,0.0062174748
Exchange,JPY,08/07/2024,USD,0.0061990131
Exchange,JPY,09/07/2024,USD,0.0061839095
Exchange,JPY,10/07/2024,USD,0.0062931870
Exchange,JPY,11/07/2024,USD,0.0063336437
Exchange,JPY,14/07/2024,USD,0.0063247906
Exchange,JPY,15/07/2024,USD,0.0063127328
Exchange,JPY,16/07/2024,USD,0.0064014339
Exchange,JPY,17/07/2024,USD,0.0063547743
Exchange,JPY,18/07/2024,USD,0.0063501337
Exchange,JPY,21/07/2024,USD,0.0063673178
Exchange,JPY,22/07/2024,USD,0.0064264874
Exchange,JPY,23/07/2024,USD,0.0064977680
Exchange,JPY,24/07/2024,USD,0.0064975569
Exchange,JPY,25/07/2024,USD,0.0065038535
Exchange,JPY,28/07/2024,USD,0.0064923261
Exchange,JPY,29/07/2024,USD,0.0065460449
Exchange,JPY,30/07/2024,USD,0.0066672889
Exchange,JPY,31/07/2024,USD,0.0066959951
Exchange,JPY,01/08/2024,USD,0.0068237959
Exchange,JPY,04/08/2024,USD,0.0069349089
Exchange,JPY,05/08/2024,USD,0.0069283745
Exchange,JPY,06/08/2024,USD,0.0068161680
Exchange,JPY,07/08/2024,USD,0.0067896960
Exchange,JPY,08/08/2024,USD,0.0068201659
Exchange,JPY,11/08/2024,USD,0.0067935706
Exchange,JPY,12/08/2024,USD,0.0068092988
Exchange,JPY,13/08/2024,USD,0.0067880368
Exchange,JPY,14/08/2024,USD,0.0066985518
Exchange,JPY,15/08/2024,USD,0.0067745170
Exchange,JPY,18/08/2024,USD,0.0068210032
Exchange,JPY,19/08/2024,USD,0.0068837337
Exchange,JPY,20/08/2024,USD,0.0068826914
Exchange,JPY,21/08/2024,USD,0.0068348028
Exchange,JPY,22/08/2024,USD,0.0069259272
Exchange,JPY,25/08/2024,USD,0.0069192660
Exchange,JPY,26/08/2024,USD,0.0069466635
Exchange,JPY,27/08/2024,USD,0.0069160598
Exchange,JPY,28/08/2024,USD,0.0068968847
Exchange,JPY,29/08/2024,USD,0.0068398049
Exchange,JPY,01/09/2024,USD,0.0068067032
Exchange,JPY,02/09/2024,USD,0.0068735608
Exchange,JPY,03/09/2024,USD,0.0069572477
Exchange,JPY,04/09/2024,USD,0.0069708757
Exchange,JPY,05/09/2024,USD,0.0070267156
Exchange,JPY,08/09/2024,USD,0.0069848986
Exchange,JPY,09/09/2024,USD,0.0070196128
Exchange,JPY,10/09/2024,USD,0.0070243464
Exchange,JPY,11/09/2024,USD,0.0070513905
Exchange,JPY,12/09/2024,USD,0.0071011632
Exchange,JPY,15/09/2024,USD,0.0071119709
Exchange,JPY,16/09/2024,USD,0.0070221760
Exchange,JPY,17/09/2024,USD,0.0070283947
Exchange,JPY,18/09/2024,USD,0.0070108528
Exchange,JPY,19/09/2024,USD,0.0069483046
Exchange,JPY,22/09/2024,USD,0.0069635943
Exchange,JPY,23/09/2024,USD,0.0069820700
Exchange,JPY,24/09/2024,USD,0.0069080334
Exchange,JPY,25/09/2024,USD,0.0069056958
Exchange,JPY,26/09/2024,USD,0.0070316071
Exchange,JPY,29/09/2024,USD,0.0069625277
Exchange,JPY,30/09/2024,USD,0.0069652920
Exchange,JPY,01/10/2024,USD,0.0068271502
Exchange,JPY,02/10/2024,USD,0.0068048042
Exchange,JPY,03/10/2024,USD,0.0067248591
Exchange,JPY,06/10/2024,USD,0.0067484124
Exchange,JPY,07/10/2024,USD,0.0067477294
Exchange,JPY,08/10/2024,USD,0.0066972956
Exchange,JPY,09/10/2024,USD,0.0067302903
Exchange,JPY,10/10/2024,USD,0.0067056488
Exchange,JPY,13/10/2024,USD,0.0066777071
Exchange,JPY,14/10/2024,USD,0.0067016044
Exchange,JPY,15/10/2024,USD,0.0066823479
Exchange,JPY,16/10/2024,USD,0.0066568589
Exchange,JPY,17/10/2024,USD,0.0066874870
Exchange,JPY,20/10/2024,USD,0.0066303324
Exchange,JPY,21/10/2024,USD,0.0066183965
Exchange,JPY,22/10/2024,USD,0.0065460449
Exchange,JPY,23/10/2024,USD,0.0065864872
Exchange,JPY,24/10/2024,USD,0.0065658157
Exchange,JPY,27/10/2024,USD,0.0065232423
Exchange,JPY,28/10/2024,USD,0.0065203500
Exchange,JPY,29/10/2024,USD,0.0065184799
Exchange,JPY,30/10/2024,USD,0.0065771300
Exchange,JPY,31/10/2024,USD,0.0065359904
Exchange,JPY,03/11/2024,USD,0.0065731526
Exchange,JPY,04/11/2024,USD,0.0065954360
Exchange,JPY,05/11/2024,USD,0.0064672177
Exchange,JPY,06/11/2024,USD,0.0065397947
Exchange,JPY,07/11/2024,USD,0.0065514485
Exchange,JPY,10/11/2024,USD,0.0065048266
Exchange,JPY,11/11/2024,USD,0.0064670504
Exchange,JPY,12/11/2024,USD,0.0064318195
Exchange,JPY,13/11/2024,USD,0.0063988533
Exchange,JPY,14/11/2024,USD,0.0064789499
Exchange,JPY,17/11/2024,USD,0.0064647509
Exchange,JPY,18/11/2024,USD,0.0064659632
Exchange,JPY,19/11/2024,USD,0.0064337644
Exchange,JPY,20/11/2024,USD,0.0064706491
Exchange,JPY,21/11/2024,USD,0.0064615345
Exchange,JPY,24/11/2024,USD,0.0064861359
Exchange,JPY,25/11/2024,USD,0.0065312947
Exchange,JPY,26/11/2024,USD,0.0066173892
Exchange,JPY,27/11/2024,USD,0.0065983082
Exchange,JPY,28/11/2024,USD,0.0066786883
Exchange,JPY,01/12/2024,USD,0.0066849388
Exchange,JPY,02/12/2024,USD,0.0066846707
Exchange,JPY,03/12/2024,USD,0.0066389601
Exchange,JPY,04/12/2024,USD,0.0066623583
Exchange,JPY,05/12/2024,USD,0.0066648005
Exchange,JPY,08/12/2024,USD,0.0066130568
Exchange,JPY,09/12/2024,USD,0.0065802461
Exchange,JPY,10/12/2024,USD,0.0065588393
Exchange,JPY,11/12/2024,USD,0.0065509764
Exchange,JPY,12/12/2024,USD,0.0065083404
Exchange,JPY,15/12/2024,USD,0.0064869353
Exchange,JPY,16/12/2024,USD,0.0065150824
Exchange,JPY,17/12/2024,USD,0.0064584464
Exchange,JPY,18/12/2024,USD,0.0063518681
Exchange,JPY,19/12/2024,USD,0.0063931261
Exchange,JPY,22/12/2024,USD,0.0063624159
Exchange,JPY,23/12/2024,USD,0.0063609185
Exchange,JPY,25/12/2024,USD,0.0063281927
Exchange,JPY,26/12/2024,USD,0.0063354092
Exchange,JPY,29/12/2024,USD,0.0063751116
Exchange,JPY,30/12/2024,USD,0.0063612018
Exchange,JPY,01/01/2025,USD,0.0063475943
Exchange,JPY,02/01/2025,USD,0.0063576024
Exchange,JPY,05/01/2025,USD,0.0063431652
Exchange,JPY,06/01/2025,USD,0.0063264712
Exchange,JPY,07/01/2025,USD,0.0063149652
Exchange,JPY,08/01/2025,USD,0.0063244306
Exchange,JPY,09/01/2025,USD,0.0063394657
Exchange,JPY,12/01/2025,USD,0.0063501337
Exchange,JPY,13/01/2025,USD,0.0063300354
Exchange,JPY,14/01/2025,USD,0.0063911649
Exchange,JPY,15/01/2025,USD,0.0064465389
Exchange,JPY,16/01/2025,USD,0.0063980345
Exchange,JPY,19/01/2025,USD,0.0064249184
Exchange,JPY,20/01/2025,USD,0.0064300825
Exchange,JPY,21/01/2025,USD,0.0063886333
Exchange,JPY,22/01/2025,USD,0.0064072581
Exchange,JPY,23/01/2025,USD,0.0064106263
Exchange,JPY,26/01/2025,USD,0.0064718217
Exchange,JPY,27/01/2025,USD,0.0064294624
Exchange,JPY,28/01/2025,USD,0.0064412238
Exchange,JPY,29/01/2025,USD,0.0064818896
Exchange,JPY,30/01/2025,USD,0.0064430914
Exchange,JPY,02/02/2025,USD,0.0064612005
Exchange,JPY,03/02/2025,USD,0.0064788659
Exchange,JPY,04/02/2025,USD,0.0065535953
Exchange,JPY,05/02/2025,USD,0.0066021417
Exchange,JPY,06/02/2025,USD,0.0066041474
Exchange,JPY,09/02/2025,USD,0.0065792071
Exchange,JPY,10/02/2025,USD,0.0065573341
Exchange,JPY,11/02/2025,USD,0.0064758451
Exchange,JPY,12/02/2025,USD,0.0065439030
Exchange,JPY,13/02/2025,USD,0.0065654709
Exchange,JPY,16/02/2025,USD,0.0066003987
Exchange,JPY,17/02/2025,USD,0.0065760920
Exchange,JPY,18/02/2025,USD,0.0066019674
Exchange,JPY,19/02/2025,USD,0.0066837771
Exchange,JPY,20/02/2025,USD,0.0066980582
Exchange,JPY,23/02/2025,USD,0.0066792236
Exchange,JPY,24/02/2025,USD,0.0067102385
Exchange,JPY,25/02/2025,USD,0.0067071780
Exchange,JPY,26/02/2025,USD,0.0066757011
Exchange,JPY,27/02/2025,USD,0.0066392245
Exchange,JPY,02/03/2025,USD,0.0066885158
Exchange,JPY,03/03/2025,USD,0.0066752555
Exchange,JPY,04/03/2025,USD,0.0067160971
Exchange,JPY,05/03/2025,USD,0.0067573960
Exchange,JPY,06/03/2025,USD,0.0067551136
Exchange,JPY,09/03/2025,USD,0.0067902492
Exchange,JPY,10/03/2025,USD,0.0067669987
Exchange,JPY,11/03/2025,USD,0.0067448166
Exchange,JPY,12/03/2025,USD,0.0067655794
Exchange,JPY,13/03/2025,USD,0.0067277999
Exchange,JPY,16/03/2025,USD,0.0067019637
Exchange,JPY,17/03/2025,USD,0.0066987313
Exchange,JPY,18/03/2025,USD,0.0067249496
Exchange,JPY,19/03/2025,USD,0.0067209721
Exchange,JPY,20/03/2025,USD,0.0066979236
Exchange,JPY,23/03/2025,USD,0.0066356560
Exchange,JPY,24/03/2025,USD,0.0066704911
Exchange,JPY,25/03/2025,USD,0.0066406795
Exchange,JPY,26/03/2025,USD,0.0066206312
Exchange,JPY,27/03/2025,USD,0.0066736072
Exchange,JPY,30/03/2025,USD,0.0066680003
Exchange,JPY,31/03/2025,USD,0.0066837771
Exchange,JPY,01/04/2025,USD,0.0066977442
Exchange,JPY,02/04/2025,USD,0.0068459859
Exchange,JPY,03/04/2025,USD,0.0068020733
Exchange,JPY,06/04/2025,USD,0.0067622397
Exchange,JPY,07/04/2025,USD,0.0068362045
Exchange,JPY,08/04/2025,USD,0.0067676857
Exchange,JPY,09/04/2025,USD,0.0069230024
Exchange,JPY,10/04/2025,USD,0.0069700011
Exchange,JPY,13/04/2025,USD,0.0069918335
Exchange,JPY,14/04/2025,USD,0.0069807053
Exchange,JPY,15/04/2025,USD,0.0070490047
Exchange,JPY,16/04/2025,USD,0.0070192186
Exchange,JPY,17/04/2025,USD,0.0070336843
Exchange,JPY,20/04/2025,USD,0.0070994491
Exchange,JPY,21/04/2025,USD,0.0070620471
Exchange,JPY,22/04/2025,USD,0.0069707299
Exchange,JPY,23/04/2025,USD,0.0070112460
Exchange,JPY,24/04/2025,USD,0.0069598140
Exchange,JPY,27/04/2025,USD,0.0070410635
Exchange,JPY,28/04/2025,USD,0.0070239517
Exchange,JPY,29/04/2025,USD,0.0069897809
Exchange,JPY,30/04/2025,USD,0.0068776737
Exchange,JPY,01/05/2025,USD,0.0068985975
Exchange,JPY,04/05/2025,USD,0.0069589422
Exchange,JPY,05/05/2025,USD,0.0070222747
Exchange,JPY,06/05/2025,USD,0.0069528458
Exchange,JPY,07/05/2025,USD,0.0068535868
Exchange,JPY,08/05/2025,USD,0.0068788565
Exchange,JPY,11/05/2025,USD,0.0067350952
Exchange,JPY,12/05/2025,USD,0.0067807183
Exchange,JPY,13/05/2025,USD,0.0068145887
Exchange,JPY,14/05/2025,USD,0.0068636064
Exchange,JPY,15/05/2025,USD,0.0068662927
Exchange,JPY,18/05/2025,USD,0.0069035028
Exchange,JPY,19/05/2025,USD,0.0069200321
Exchange,JPY,20/05/2025,USD,0.0069608799
Exchange,JPY,21/05/2025,USD,0.0069439140
Exchange,JPY,22/05/2025,USD,0.0070146888
Exchange,JPY,25/05/2025,USD,0.0070007421
Exchange,JPY,26/05/2025,USD,0.0069275585
Exchange,JPY,27/05/2025,USD,0.0069027404
Exchange,JPY,28/05/2025,USD,0.0069354861
Exchange,JPY,29/05/2025,USD,0.0069415521
Exchange,JPY,01/06/2025,USD,0.0070078067
Exchange,JPY,02/06/2025,USD,0.0069447338
Exchange,JPY,03/06/2025,USD,0.0070044689
Exchange,JPY,04/06/2025,USD,0.0069646613
Exchange,JPY,05/06/2025,USD,0.0069032646
Exchange,JPY,08/06/2025,USD,0.0069153424
Exchange,JPY,09/06/2025,USD,0.0069014541
Exchange,JPY,10/06/2025,USD,0.0069156293
Exchange,JPY,11/06/2025,USD,0.0069685926
Exchange,JPY,12/06/2025,USD,0.0069389511
Exchange,JPY,15/06/2025,USD,0.0069068405
Exchange,JPY,16/06/2025,USD,0.0068828809
Exchange,JPY,17/06/2025,USD,0.0068902317
Exchange,JPY,18/06/2025,USD,0.0068744586
Exchange,JPY,19/06/2025,USD,0.0068450018
Exchange,JPY,22/06/2025,USD,0.0068422385
Exchange,JPY,23/06/2025,USD,0.0069005493
Exchange,JPY,24/06/2025,USD,0.0068843498
Exchange,JPY,25/06/2025,USD,0.0069256394
Exchange,JPY,26/06/2025,USD,0.0069126176
Exchange,JPY,29/06/2025,USD,0.0069432872
Exchange,JPY,30/06/2025,USD,0.0069732089
Exchange,JPY,01/07/2025,USD,0.0069608799
Exchange,JPY,02/07/2025,USD,0.0069002636
Exchange,JPY,03/07/2025,USD,0.0069208463
Exchange,JPY,06/07/2025,USD,0.0068460327
Exchange,JPY,07/07/2025,USD,0.0068230510
Exchange,JPY,08/07/2025,USD,0.0068348962
Exchange,JPY,09/07/2025,USD,0.0068377003
Exchange,JPY,10/07/2025,USD,0.0067832021
Exchange,JPY,13/07/2025,USD,0.0067690142
Exchange,JPY,14/07/2025,USD,0.0067182178
Exchange,JPY,15/07/2025,USD,0.0067622397
Exchange,JPY,16/07/2025,USD,0.0067291128
Exchange,JPY,17/07/2025,USD,0.0067184435
Exchange,JPY,20/07/2025,USD,0.0067867468
Exchange,JPY,21/07/2025,USD,0.0068191427
Exchange,JPY,22/07/2025,USD,0.0068254727
Exchange,JPY,23/07/2025,USD,0.0068026285
Exchange,JPY,24/07/2025,USD,0.0067719479
Exchange,JPY,27/07/2025,USD,0.0067319667
Exchange,JPY,28/07/2025,USD,0.0067350952
Exchange,JPY,29/07/2025,USD,0.0066878001
Exchange,JPY,30/07/2025,USD,0.0066327952
Exchange,JPY,31/07/2025,USD,0.0067833401
Exchange,JPY,03/08/2025,USD,0.0067984663
Exchange,JPY,04/08/2025,USD,0.0067770880
Exchange,JPY,05/08/2025,USD,0.0067861942
Exchange,JPY,06/08/2025,USD,0.0067956942
Exchange,JPY,07/08/2025,USD,0.0067680979
Exchange,JPY,10/08/2025,USD,0.0067500979
Exchange,JPY,11/08/2025,USD,0.0067633373
Exchange,JPY,12/08/2025,USD,0.0067850431
Exchange,JPY,13/08/2025,USD,0.0067680979
Exchange,JPY,14/08/2025,USD,0.0067956019
Exchange,JPY,17/08/2025,USD,0.0067633830
Exchange,JPY,18/08/2025,USD,0.0067718562
Exchange,JPY,19/08/2025,USD,0.0067883132
Exchange,JPY,20/08/2025,USD,0.0067390440
Exchange,JPY,21/08/2025,USD,0.0068061473
Exchange,JPY,24/08/2025,USD,0.0067680521
Exchange,JPY,25/08/2025,USD,0.0067828800
Exchange,JPY,26/08/2025,USD,0.0067835242
Exchange,JPY,27/08/2025,USD,0.0068053136
Exchange,JPY,28/08/2025,USD,0.0067996682
Exchange,JPY,31/08/2025,USD,0.0067944014
Exchange,JPY,01/09/2025,USD,0.0067413609
Exchange,JPY,02/09/2025,USD,0.0067517842
Exchange,JPY,03/09/2025,USD,0.0067356396
Exchange,JPY,04/09/2025,USD,0.0067834321
Exchange,JPY,07/09/2025,USD,0.0067782824
Exchange,JPY,08/09/2025,USD,0.0067841224
Exchange,JPY,09/09/2025,USD,0.0067812701
Exchange,JPY,10/09/2025,USD,0.0067918172
Exchange,JPY,11/09/2025,USD,0.0067717186
Exchange,JPY,14/09/2025,USD,0.0067834782
Exchange,JPY,15/09/2025,USD,0.0068279893
Exchange,JPY,16/09/2025,USD,0.0068027674
Exchange,JPY,17/09/2025,USD,0.0067569394
Exchange,JPY,18/09/2025,USD,0.0067587661
Exchange,JPY,21/09/2025,USD,0.0067688309
Exchange,JPY,22/09/2025,USD,0.0067724065
Exchange,JPY,23/09/2025,USD,0.0067155108
Exchange,JPY,24/09/2025,USD,0.0066756120
Exchange,JPY,25/09/2025,USD,0.0066881132
Exchange,JPY,28/09/2025,USD,0.0067295657
Exchange,JPY,29/09/2025,USD,0.0067594971
Exchange,JPY,30/09/2025,USD,0.0067994370
Exchange,JPY,01/10/2025,USD,0.0067905259
Exchange,JPY,02/10/2025,USD,0.0067801207
Exchange,JPY,05/10/2025,USD,0.0066511031
Exchange,JPY,06/10/2025,USD,0.0065832785
Exchange,JPY,07/10/2025,USD,0.0065489171
Exchange,JPY,08/10/2025,USD,0.0065323613
Exchange,JPY,09/10/2025,USD,0.0066148941
Exchange,JPY,12/10/2025,USD,0.0065659882
Exchange,JPY,13/10/2025,USD,0.0065871813
Exchange,JPY,14/10/2025,USD,0.0066194041
Exchange,JPY,15/10/2025,USD,0.0066474334
Exchange,JPY,16/10/2025,USD,0.0066379024
Exchange,JPY,19/10/2025,USD,0.0066327952
Exchange,JPY,20/10/2025,USD,0.0065821518
Exchange,JPY,21/10/2025,USD,0.0065805059
Exchange,JPY,22/10/2025,USD,0.0065532517
Exchange,JPY,23/10/2025,USD,0.0065409924
Exchange,JPY,26/10/2025,USD,0.0065410780
Exchange,JPY,27/10/2025,USD,0.0065739304
Exchange,JPY,28/10/2025,USD,0.0065470735
Exchange,JPY,29/10/2025,USD,0.0064872299
Exchange,JPY,30/10/2025,USD,0.0064927898
Exchange,JPY,02/11/2025,USD,0.0064845797
Exchange,JPY,03/11/2025,USD,0.0065076204
Exchange,JPY,04/11/2025,USD,0.0064887032
Exchange,JPY,05/11/2025,USD,0.0065328734
Exchange,JPY,06/11/2025,USD,0.0065184799
Exchange,JPY,09/11/2025,USD,0.0064879454
Exchange,JPY,10/11/2025,USD,0.0064869353
Exchange,JPY,11/11/2025,USD,0.0064593224
Exchange,JPY,12/11/2025,USD,0.0064709841
Exchange,JPY,13/11/2025,USD,0.0064714866
Exchange,JPY,16/11/2025,USD,0.0064406430
Exchange,JPY,17/11/2025,USD,0.0064299585
Exchange,JPY,18/11/2025,USD,0.0063625779
Exchange,JPY,19/11/2025,USD,0.0063505773
Exchange,JPY,20/11/2025,USD,0.0063934940
Exchange,JPY,23/11/2025,USD,0.0063725928
Exchange,JPY,24/11/2025,USD,0.0064072581
Exchange,JPY,25/11/2025,USD,0.0063910015
Exchange,JPY,26/11/2025,USD,0.0063978299
Exchange,JPY,27/11/2025,USD,0.0064024176
Exchange,JPY,30/11/2025,USD,0.0064315299
Exchange,JPY,01/12/2025,USD,0.0064150266
Exchange,JPY,02/12/2025,USD,0.0064420952
Exchange,JPY,03/12/2025,USD,0.0064466220
Exchange,JPY,04/12/2025,USD,0.0064374920
Exchange,JPY,07/12/2025,USD,0.0064132164
Exchange,JPY,08/12/2025,USD,0.0063737300
Exchange,JPY,09/12/2025,USD,0.0064093114
Exchange,JPY,10/12/2025,USD,0.0064278919
Exchange,JPY,11/12/2025,USD,0.0064169201
Exchange,JPY,14/12/2025,USD,0.0064430499
Exchange,JPY,15/12/2025,USD,0.0064632467
Exchange,JPY,16/12/2025,USD,0.0064228963
Exchange,JPY,17/12/2025,USD,0.0064283051
Exchange,JPY,18/12/2025,USD,0.0063402294
Exchange,JPY,21/12/2025,USD,0.0063679666
Exchange,JPY,22/12/2025,USD,0.0064005735
Exchange,JPY,23/12/2025,USD,0.0064122294
Exchange,JPY,25/12/2025,USD,0.0063869604
Exchange,JPY,28/12/2025,USD,0.0064085310
Exchange,JPY,29/12/2025,USD,0.0063930035
Exchange,JPY,30/12/2025,USD,0.0063822726
Exchange,JPY,01/01/2026,USD,0.0063760465
Exchange,JPY,04/01/2026,USD,0.0063936984
Exchange,JPY,05/01/2026,USD,0.0063831281
Exchange,JPY,06/01/2026,USD,0.0063793004
Exchange,JPY,07/01/2026,USD,0.0063742176
Exchange,JPY,08/01/2026,USD,0.0063317989
Exchange,JPY,11/01/2026,USD,0.0063227112
Exchange,JPY,12/01/2026,USD,0.0062825120
Exchange,JPY,13/01/2026,USD,0.0063117367
Exchange,JPY,14/01/2026,USD,0.0063042957
Exchange,JPY,15/01/2026,USD,0.0063249907
Exchange,JPY,18/01/2026,USD,0.0063240307
Exchange,JPY,19/01/2026,USD,0.0063235908
Exchange,JPY,20/01/2026,USD,0.0063173588
Exchange,JPY,21/01/2026,USD,0.0063119757
Exchange,JPY,22/01/2026,USD,0.0064211229
Exchange,JPY,25/01/2026,USD,0.0064842012
Exchange,JPY,26/01/2026,USD,0.0065701296
Exchange,JPY,27/01/2026,USD,0.0065187348
Exchange,JPY,28/01/2026,USD,0.0065310814
Exchange,JPY,29/01/2026,USD,0.0064606996
Exchange,JPY,01/02/2026,USD,0.0064264874
Exchange,JPY,02/02/2026,USD,0.0064186912
Exchange,JPY,03/02/2026,USD,0.0063747052
Exchange,JPY,04/02/2026,USD,0.0063676422
Exchange,JPY,05/02/2026,USD,0.0063597049
Exchange,JPY,08/02/2026,USD,0.0064144093
Exchange,JPY,09/02/2026,USD,0.0064776069
Exchange,JPY,10/02/2026,USD,0.0065244340
Exchange,JPY,11/02/2026,USD,0.0065471592
Exchange,JPY,12/02/2026,USD,0.0065483168
Exchange,JPY,15/02/2026,USD,0.0065138093
Exchange,JPY,16/02/2026,USD,0.0065231998
Exchange,JPY,17/02/2026,USD,0.0064589469
Exchange,JPY,18/02/2026,USD,0.0064515713
Exchange,JPY,19/02/2026,USD,0.0064484511
Exchange,JPY,22/02/2026,USD,0.0064652107
Exchange,JPY,23/02/2026,USD,0.0064142859
Exchange,JPY,24/02/2026,USD,0.0063953340
Exchange,JPY,25/02/2026,USD,0.0064047139
Exchange,JPY,26/02/2026,USD,0.0064077098
Exchange,JPY,01/03/2026,USD,0.0063548551
