curve_type,base_ccy,quote_ccy,obs_date,spot
Exchange,JPY,USD,2005-01-03,0.009563429445799264
Exchange,JPY,USD,2005-01-04,0.009602458229306703
Exchange,JPY,USD,2005-01-05,0.009522449173927534
Exchange,JPY,USD,2005-01-06,0.009545628102329133
Exchange,JPY,USD,2005-01-08,0.009541984732824428
Exchange,JPY,USD,2005-01-09,0.009583133684714902
Exchange,JPY,USD,2005-01-10,0.009676795045480937
Exchange,JPY,USD,2005-01-11,0.009761811792268645
Exchange,JPY,USD,2005-01-12,0.009767151117362087
Exchange,JPY,USD,2005-01-13,0.009800078400627205
Exchange,JPY,USD,2005-01-14,0.009801038910124474
Exchange,JPY,USD,2005-01-15,0.00980392156862745
Exchange,JPY,USD,2005-01-16,0.009792017547295445
Exchange,JPY,USD,2005-01-17,0.009778994719342852
Exchange,JPY,USD,2005-01-18,0.009731413001167769
Exchange,JPY,USD,2005-01-19,0.009669309611293753
Exchange,JPY,USD,2005-01-20,0.009735202492211837
Exchange,JPY,USD,2005-01-21,0.009735202492211837
Exchange,JPY,USD,2005-01-22,0.00972951936174353
Exchange,JPY,USD,2005-01-23,0.009742600494924106
Exchange,JPY,USD,2005-01-24,0.009608363119259004
Exchange,JPY,USD,2005-01-25,0.00970139117949514
Exchange,JPY,USD,2005-01-26,0.00973785689245511
Exchange,JPY,USD,2005-01-27,0.009682416731216111
Exchange,JPY,USD,2005-01-28,0.009682416731216111
Exchange,JPY,USD,2005-01-29,0.009654373431164317
Exchange,JPY,USD,2005-01-30,0.009644317568088881
Exchange,JPY,USD,2005-01-31,0.009645061728395061
Exchange,JPY,USD,2005-02-01,0.009653068710543082
Exchange,JPY,USD,2005-02-02,0.009570843382718885
Exchange,JPY,USD,2005-02-03,0.009607070804111826
Exchange,JPY,USD,2005-02-04,0.009561143512764126
Exchange,JPY,USD,2005-02-05,0.009581297307655456
Exchange,JPY,USD,2005-02-06,0.009537070593396533
Exchange,JPY,USD,2005-02-07,0.00944822373393802
Exchange,JPY,USD,2005-02-08,0.009468083091897214
Exchange,JPY,USD,2005-02-09,0.009449116507606539
Exchange,JPY,USD,2005-02-10,0.009458948164964056
Exchange,JPY,USD,2005-02-11,0.009458948164964056
Exchange,JPY,USD,2005-02-12,0.009483167377904219
Exchange,JPY,USD,2005-02-13,0.00951655881233346
Exchange,JPY,USD,2005-02-14,0.009576892872876323
Exchange,JPY,USD,2005-02-15,0.00948676596148373
Exchange,JPY,USD,2005-02-16,0.009475080538184574
Exchange,JPY,USD,2005-02-17,0.00946521533364884
Exchange,JPY,USD,2005-02-19,0.009459842966606754
Exchange,JPY,USD,2005-02-20,0.009472567444680207
Exchange,JPY,USD,2005-02-21,0.009611503046846466
Exchange,JPY,USD,2005-02-22,0.009540710210468067
Exchange,JPY,USD,2005-02-23,0.009488746346832656
Exchange,JPY,USD,2005-02-24,0.009503264371311545
Exchange,JPY,USD,2005-02-26,0.009500555782513277
Exchange,JPY,USD,2005-02-27,0.009557853688375738
Exchange,JPY,USD,2005-02-28,0.009579736940423616
Exchange,JPY,USD,2005-03-01,0.009545992592309748
Exchange,JPY,USD,2005-03-02,0.009498480243161094
Exchange,JPY,USD,2005-03-03,0.009542622121706602
Exchange,JPY,USD,2005-03-05,0.009545628102329133
Exchange,JPY,USD,2005-03-06,0.009507691722603587
Exchange,JPY,USD,2005-03-07,0.009553288241812832
Exchange,JPY,USD,2005-03-08,0.009621120283245781
Exchange,JPY,USD,2005-03-09,0.009603380389897245
Exchange,JPY,USD,2005-03-10,0.009615384615384616
Exchange,JPY,USD,2005-03-11,0.009616309260505818
Exchange,JPY,USD,2005-03-12,0.00963020030816641
Exchange,JPY,USD,2005-03-13,0.009537798294641665
Exchange,JPY,USD,2005-03-14,0.009563520905856701
Exchange,JPY,USD,2005-03-15,0.009600614439324117
Exchange,JPY,USD,2005-03-16,0.009566997684786561
Exchange,JPY,USD,2005-03-17,0.009547450830628223
Exchange,JPY,USD,2005-03-19,0.00954653937947494
Exchange,JPY,USD,2005-03-20,0.009505522708693752
Exchange,JPY,USD,2005-03-21,0.009468083091897214
Exchange,JPY,USD,2005-03-22,0.009438414346389807
Exchange,JPY,USD,2005-03-23,0.009404152873909118
Exchange,JPY,USD,2005-03-24,0.009399821403393335
Exchange,JPY,USD,2005-03-26,0.009403799134850479
Exchange,JPY,USD,2005-03-27,0.009329750709061054
Exchange,JPY,USD,2005-03-28,0.009294716882923746
Exchange,JPY,USD,2005-03-29,0.009298173838658087
Exchange,JPY,USD,2005-03-30,0.009333582228859437
Exchange,JPY,USD,2005-03-31,0.009298000929800094
Exchange,JPY,USD,2005-04-02,0.009290658243136525
Exchange,JPY,USD,2005-04-03,0.009234292468511063
Exchange,JPY,USD,2005-04-04,0.009244878337401079
Exchange,JPY,USD,2005-04-05,0.009202171712524156
Exchange,JPY,USD,2005-04-06,0.009206407659731172
Exchange,JPY,USD,2005-04-07,0.009237363287023351
Exchange,JPY,USD,2005-04-08,0.009237363287023351
Exchange,JPY,USD,2005-04-09,0.009236936662325307
Exchange,JPY,USD,2005-04-10,0.009270761871210577
Exchange,JPY,USD,2005-04-11,0.009279536765524666
Exchange,JPY,USD,2005-04-12,0.009315497261243805
Exchange,JPY,USD,2005-04-13,0.009244365559191671
Exchange,JPY,USD,2005-04-14,0.009275577404693442
Exchange,JPY,USD,2005-04-16,0.00929022668153103
Exchange,JPY,USD,2005-04-17,0.00930336409645728
Exchange,JPY,USD,2005-04-18,0.009369085764611089
Exchange,JPY,USD,2005-04-19,0.009356287425149701
Exchange,JPY,USD,2005-04-20,0.009348415443582312
Exchange,JPY,USD,2005-04-21,0.009433962264150943
Exchange,JPY,USD,2005-04-22,0.009433072351664937
Exchange,JPY,USD,2005-04-23,0.009495323553150074
Exchange,JPY,USD,2005-04-24,0.009463423866754991
Exchange,JPY,USD,2005-04-25,0.009433072351664937
Exchange,JPY,USD,2005-04-26,0.009445546424860677
Exchange,JPY,USD,2005-04-27,0.009423294383716547
Exchange,JPY,USD,2005-04-28,0.009547450830628223
Exchange,JPY,USD,2005-04-29,0.009547450830628223
Exchange,JPY,USD,2005-04-30,0.009522902580706599
Exchange,JPY,USD,2005-05-01,0.00951927653498334
Exchange,JPY,USD,2005-05-02,0.00951655881233346
Exchange,JPY,USD,2005-05-03,0.009562057754828839
Exchange,JPY,USD,2005-05-04,0.009573042312847023
Exchange,JPY,USD,2005-05-05,0.009518370454978107
Exchange,JPY,USD,2005-05-07,0.009512485136741973
Exchange,JPY,USD,2005-05-08,0.009467186730791078
Exchange,JPY,USD,2005-05-09,0.009473285335354301
Exchange,JPY,USD,2005-05-10,0.0094553706505295
Exchange,JPY,USD,2005-05-11,0.009365400464523863
Exchange,JPY,USD,2005-05-12,0.009319664492078286
Exchange,JPY,USD,2005-05-13,0.009319664492078286
Exchange,JPY,USD,2005-05-14,0.009319664492078286
Exchange,JPY,USD,2005-05-15,0.009367330498154636
Exchange,JPY,USD,2005-05-16,0.009299903281005877
Exchange,JPY,USD,2005-05-17,0.009345794392523364
Exchange,JPY,USD,2005-05-18,0.009291435155074051
Exchange,JPY,USD,2005-05-19,0.009245562130177515
Exchange,JPY,USD,2005-05-21,0.009240436148586214
Exchange,JPY,USD,2005-05-22,0.009289363678588016
Exchange,JPY,USD,2005-05-23,0.00929022668153103
Exchange,JPY,USD,2005-05-24,0.009283499507974526
Exchange,JPY,USD,2005-05-25,0.009262689885142646
Exchange,JPY,USD,2005-05-26,0.00926526452330214
Exchange,JPY,USD,2005-05-27,0.00926526452330214
Exchange,JPY,USD,2005-05-28,0.009260974254491572
Exchange,JPY,USD,2005-05-29,0.009259430730198708
Exchange,JPY,USD,2005-05-30,0.009210817183700539
Exchange,JPY,USD,2005-05-31,0.009195402298850575
Exchange,JPY,USD,2005-06-01,0.00923446301597562
Exchange,JPY,USD,2005-06-02,0.009285913269570062
Exchange,JPY,USD,2005-06-03,0.009285913269570062
Exchange,JPY,USD,2005-06-04,0.009284189026088572
Exchange,JPY,USD,2005-06-05,0.009351212852306943
Exchange,JPY,USD,2005-06-06,0.009379983116030392
Exchange,JPY,USD,2005-06-07,0.009320533134495292
Exchange,JPY,USD,2005-06-08,0.009307520476545048
Exchange,JPY,USD,2005-06-09,0.009203018590097553
Exchange,JPY,USD,2005-06-10,0.009203018590097553
Exchange,JPY,USD,2005-06-11,0.009206407659731172
Exchange,JPY,USD,2005-06-12,0.009126918934706022
Exchange,JPY,USD,2005-06-13,0.009134589034839323
Exchange,JPY,USD,2005-06-14,0.009156335268372187
Exchange,JPY,USD,2005-06-15,0.009181387491277683
Exchange,JPY,USD,2005-06-16,0.00921064750851985
Exchange,JPY,USD,2005-06-17,0.00921064750851985
Exchange,JPY,USD,2005-06-18,0.009192021325489474
Exchange,JPY,USD,2005-06-19,0.009152647861026195
Exchange,JPY,USD,2005-06-20,0.00924470740501063
Exchange,JPY,USD,2005-06-21,0.009186110600771633
Exchange,JPY,USD,2005-06-22,0.00917970184328413
Exchange,JPY,USD,2005-06-23,0.009170105456212746
Exchange,JPY,USD,2005-06-24,0.009170105456212746
Exchange,JPY,USD,2005-06-25,0.00915876722993085
Exchange,JPY,USD,2005-06-26,0.009152480322167308
Exchange,JPY,USD,2005-06-27,0.009088430428065073
Exchange,JPY,USD,2005-06-28,0.009054526357726227
Exchange,JPY,USD,2005-06-29,0.009015831800641928
Exchange,JPY,USD,2005-06-30,0.00894534394847482
Exchange,JPY,USD,2005-07-01,0.00894534394847482
Exchange,JPY,USD,2005-07-02,0.00895535754264989
Exchange,JPY,USD,2005-07-03,0.008959288990825688
Exchange,JPY,USD,2005-07-04,0.008949346697691068
Exchange,JPY,USD,2005-07-05,0.00891360929867722
Exchange,JPY,USD,2005-07-06,0.008922039221284418
Exchange,JPY,USD,2005-07-07,0.008914244963451595
Exchange,JPY,USD,2005-07-09,0.008915437079302813
Exchange,JPY,USD,2005-07-10,0.008943903835145964
Exchange,JPY,USD,2005-07-11,0.00902445627650934
Exchange,JPY,USD,2005-07-12,0.008939746111210442
Exchange,JPY,USD,2005-07-13,0.00890012282169494
Exchange,JPY,USD,2005-07-14,0.00891583452211127
Exchange,JPY,USD,2005-07-15,0.00891583452211127
Exchange,JPY,USD,2005-07-16,0.00890670229347584
Exchange,JPY,USD,2005-07-17,0.00892952816373183
Exchange,JPY,USD,2005-07-18,0.008872484650601555
Exchange,JPY,USD,2005-07-19,0.008855983988380948
Exchange,JPY,USD,2005-07-20,0.009068978651624253
Exchange,JPY,USD,2005-07-21,0.008982304859426929
Exchange,JPY,USD,2005-07-22,0.008981498113885395
Exchange,JPY,USD,2005-07-23,0.008981094795455566
Exchange,JPY,USD,2005-07-24,0.008969575200918484
Exchange,JPY,USD,2005-07-25,0.008885571608821596
Exchange,JPY,USD,2005-07-26,0.00889110178533324
Exchange,JPY,USD,2005-07-27,0.008919174441213722
Exchange,JPY,USD,2005-07-28,0.008889679082585119
Exchange,JPY,USD,2005-07-30,0.00888415067519545
Exchange,JPY,USD,2005-07-31,0.008910591128615473
Exchange,JPY,USD,2005-08-01,0.008971426008163997
Exchange,JPY,USD,2005-08-02,0.009001710324961743
Exchange,JPY,USD,2005-08-03,0.008990380293086396
Exchange,JPY,USD,2005-08-04,0.00893415527561869
Exchange,JPY,USD,2005-08-05,0.00893415527561869
Exchange,JPY,USD,2005-08-06,0.008922596475574392
Exchange,JPY,USD,2005-08-07,0.008914244963451595
Exchange,JPY,USD,2005-08-08,0.00893734918223255
Exchange,JPY,USD,2005-08-09,0.00903750564844103
Exchange,JPY,USD,2005-08-10,0.009115770282588878
Exchange,JPY,USD,2005-08-11,0.009142439202779302
Exchange,JPY,USD,2005-08-12,0.009142439202779302
Exchange,JPY,USD,2005-08-13,0.009134505594884677
Exchange,JPY,USD,2005-08-14,0.00915390459800628
Exchange,JPY,USD,2005-08-15,0.009130752373995618
Exchange,JPY,USD,2005-08-16,0.009096697898662786
Exchange,JPY,USD,2005-08-17,0.009047317470370035
Exchange,JPY,USD,2005-08-18,0.009052231375033946
Exchange,JPY,USD,2005-08-19,0.009052231375033946
Exchange,JPY,USD,2005-08-20,0.009055510278004166
Exchange,JPY,USD,2005-08-21,0.009109957183201239
Exchange,JPY,USD,2005-08-22,0.00910042316967739
Exchange,JPY,USD,2005-08-23,0.009073586788857635
Exchange,JPY,USD,2005-08-24,0.009087604507451835
Exchange,JPY,USD,2005-08-25,0.009076057360682519
Exchange,JPY,USD,2005-08-26,0.009075233687267448
Exchange,JPY,USD,2005-08-27,0.009075645505286563
Exchange,JPY,USD,2005-08-28,0.00903954802259887
Exchange,JPY,USD,2005-08-29,0.008988360073704554
Exchange,JPY,USD,2005-08-30,0.00903873096217291
Exchange,JPY,USD,2005-08-31,0.009105809506465124
Exchange,JPY,USD,2005-09-01,0.009105809506465124
Exchange,JPY,USD,2005-09-02,0.009105809506465124
Exchange,JPY,USD,2005-09-03,0.009115354815186182
Exchange,JPY,USD,2005-09-04,0.009161704076958314
Exchange,JPY,USD,2005-09-05,0.009116601331023794
Exchange,JPY,USD,2005-09-06,0.009082239680305164
Exchange,JPY,USD,2005-09-07,0.009048136083966703
Exchange,JPY,USD,2005-09-08,0.009116601331023794
Exchange,JPY,USD,2005-09-09,0.009115770282588878
Exchange,JPY,USD,2005-09-10,0.009160445197636605
Exchange,JPY,USD,2005-09-11,0.009062075215224287
Exchange,JPY,USD,2005-09-12,0.009038322487346349
Exchange,JPY,USD,2005-09-13,0.009058791557206269
Exchange,JPY,USD,2005-09-14,0.00903750564844103
Exchange,JPY,USD,2005-09-15,0.00898069151324652
Exchange,JPY,USD,2005-09-16,0.008981498113885395
Exchange,JPY,USD,2005-09-17,0.008971426008163997
Exchange,JPY,USD,2005-09-18,0.008965795490204868
Exchange,JPY,USD,2005-09-19,0.008931362479346224
Exchange,JPY,USD,2005-09-20,0.008984725965858042
Exchange,JPY,USD,2005-09-21,0.008952551477170993
Exchange,JPY,USD,2005-09-22,0.008888888888888889
Exchange,JPY,USD,2005-09-23,0.008888888888888889
Exchange,JPY,USD,2005-09-24,0.008890074232119839
Exchange,JPY,USD,2005-09-25,0.00891503967192654
Exchange,JPY,USD,2005-09-26,0.008825346394845997
Exchange,JPY,USD,2005-09-27,0.00884016973125884
Exchange,JPY,USD,2005-09-28,0.008849165966107695
Exchange,JPY,USD,2005-09-29,0.00881057268722467
Exchange,JPY,USD,2005-10-01,0.008817564588660612
Exchange,JPY,USD,2005-10-02,0.008761170492377781
Exchange,JPY,USD,2005-10-03,0.0087527352297593
Exchange,JPY,USD,2005-10-04,0.008771160424524164
Exchange,JPY,USD,2005-10-05,0.008825346394845997
Exchange,JPY,USD,2005-10-06,0.008785802143735724
Exchange,JPY,USD,2005-10-07,0.00878348704435661
Exchange,JPY,USD,2005-10-08,0.008789277081960008
Exchange,JPY,USD,2005-10-09,0.008764241893076249
Exchange,JPY,USD,2005-10-10,0.008729431277552267
Exchange,JPY,USD,2005-10-11,0.00874125874125874
Exchange,JPY,USD,2005-10-12,0.008732861758798357
Exchange,JPY,USD,2005-10-13,0.00876577840112202
Exchange,JPY,USD,2005-10-14,0.00876577840112202
Exchange,JPY,USD,2005-10-15,0.008762322015334063
Exchange,JPY,USD,2005-10-16,0.00870170553428472
Exchange,JPY,USD,2005-10-17,0.008641847281274847
Exchange,JPY,USD,2005-10-18,0.0086617583369424
Exchange,JPY,USD,2005-10-19,0.008670019074041963
Exchange,JPY,USD,2005-10-20,0.00862738331464067
Exchange,JPY,USD,2005-10-21,0.00862738331464067
Exchange,JPY,USD,2005-10-22,0.008629989212513484
Exchange,JPY,USD,2005-10-23,0.008662133483476981
Exchange,JPY,USD,2005-10-24,0.008693535487011857
Exchange,JPY,USD,2005-10-25,0.008631255502425382
Exchange,JPY,USD,2005-10-26,0.008662658743221469
Exchange,JPY,USD,2005-10-27,0.008643789437289308
Exchange,JPY,USD,2005-10-28,0.008643640009680877
Exchange,JPY,USD,2005-10-29,0.008640801866413203
Exchange,JPY,USD,2005-10-30,0.008591286717011606
Exchange,JPY,USD,2005-10-31,0.008564943685495268
Exchange,JPY,USD,2005-11-01,0.008555783709787816
Exchange,JPY,USD,2005-11-02,0.008530239699735563
Exchange,JPY,USD,2005-11-03,0.008450942280064227
Exchange,JPY,USD,2005-11-04,0.008450942280064227
Exchange,JPY,USD,2005-11-05,0.008455587029129498
Exchange,JPY,USD,2005-11-06,0.00849725963376811
Exchange,JPY,USD,2005-11-07,0.008525876033762468
Exchange,JPY,USD,2005-11-08,0.008508827908955541
Exchange,JPY,USD,2005-11-09,0.00845880561664693
Exchange,JPY,USD,2005-11-10,0.008475294516484448
Exchange,JPY,USD,2005-11-11,0.008475294516484448
Exchange,JPY,USD,2005-11-12,0.008473858147614609
Exchange,JPY,USD,2005-11-13,0.0084167999326656
Exchange,JPY,USD,2005-11-14,0.008408307407718826
Exchange,JPY,USD,2005-11-15,0.008389965601141035
Exchange,JPY,USD,2005-11-16,0.008415383320710259
Exchange,JPY,USD,2005-11-17,0.008396305625524769
Exchange,JPY,USD,2005-11-18,0.008395600705230459
Exchange,JPY,USD,2005-11-19,0.008389261744966443
Exchange,JPY,USD,2005-11-20,0.008401243384020835
Exchange,JPY,USD,2005-11-21,0.008421761832575375
Exchange,JPY,USD,2005-11-22,0.008423180592991913
Exchange,JPY,USD,2005-11-23,0.008409014463504878
Exchange,JPY,USD,2005-11-24,0.008359806052499582
Exchange,JPY,USD,2005-11-26,0.008356313194618534
Exchange,JPY,USD,2005-11-27,0.00841467519353753
Exchange,JPY,USD,2005-11-28,0.008356313194618534
Exchange,JPY,USD,2005-11-29,0.008346548702111677
Exchange,JPY,USD,2005-11-30,0.008289124668435014
Exchange,JPY,USD,2005-12-01,0.0082904990880451
Exchange,JPY,USD,2005-12-02,0.0082904990880451
Exchange,JPY,USD,2005-12-03,0.008261049153242462
Exchange,JPY,USD,2005-12-04,0.008276775368316504
Exchange,JPY,USD,2005-12-05,0.00827266710787558
Exchange,JPY,USD,2005-12-06,0.008261731658955716
Exchange,JPY,USD,2005-12-07,0.0083108248493663
Exchange,JPY,USD,2005-12-08,0.008287063893262617
Exchange,JPY,USD,2005-12-09,0.008287063893262617
Exchange,JPY,USD,2005-12-10,0.008281573498964804
Exchange,JPY,USD,2005-12-11,0.008348639171814994
Exchange,JPY,USD,2005-12-12,0.00833750208437552
Exchange,JPY,USD,2005-12-13,0.008519338899301414
Exchange,JPY,USD,2005-12-14,0.008604741212408036
Exchange,JPY,USD,2005-12-15,0.00864528399757932
Exchange,JPY,USD,2005-12-16,0.00864528399757932
Exchange,JPY,USD,2005-12-17,0.00865051903114187
Exchange,JPY,USD,2005-12-18,0.008609556607834697
Exchange,JPY,USD,2005-12-19,0.0085295121119072
Exchange,JPY,USD,2005-12-20,0.008518250351377828
Exchange,JPY,USD,2005-12-21,0.008572285800008572
Exchange,JPY,USD,2005-12-22,0.008602520538517785
Exchange,JPY,USD,2005-12-23,0.008602520538517785
Exchange,JPY,USD,2005-12-25,0.008598821961391289
Exchange,JPY,USD,2005-12-26,0.00851534891642185
Exchange,JPY,USD,2005-12-27,0.008479606546256253
Exchange,JPY,USD,2005-12-28,0.00848536274925753
Exchange,JPY,USD,2005-12-29,0.008492569002123142
Exchange,JPY,USD,2005-12-31,0.008488964346349746
Exchange,JPY,USD,2006-01-01,0.008482483671218934
Exchange,JPY,USD,2006-01-02,0.00860733344809778
Exchange,JPY,USD,2006-01-03,0.008613264427217916
Exchange,JPY,USD,2006-01-04,0.00862663906142167
Exchange,JPY,USD,2006-01-05,0.00873591333973967
Exchange,JPY,USD,2006-01-06,0.00873591333973967
Exchange,JPY,USD,2006-01-07,0.008731336767659128
Exchange,JPY,USD,2006-01-08,0.008735150244584206
Exchange,JPY,USD,2006-01-09,0.00874584572328144
Exchange,JPY,USD,2006-01-10,0.008760402978537012
Exchange,JPY,USD,2006-01-11,0.008743857440148295
Exchange,JPY,USD,2006-01-12,0.008758868354208636
Exchange,JPY,USD,2006-01-14,0.00875580071797566
Exchange,JPY,USD,2006-01-15,0.008699056152407464
Exchange,JPY,USD,2006-01-16,0.008659508139937652
Exchange,JPY,USD,2006-01-17,0.008677542519958349
Exchange,JPY,USD,2006-01-18,0.008664760419374404
Exchange,JPY,USD,2006-01-19,0.008673026886383347
Exchange,JPY,USD,2006-01-20,0.008673026886383347
Exchange,JPY,USD,2006-01-21,0.008676789587852495
Exchange,JPY,USD,2006-01-22,0.008738967054094205
Exchange,JPY,USD,2006-01-23,0.008719612151651495
Exchange,JPY,USD,2006-01-24,0.008631106507854307
Exchange,JPY,USD,2006-01-25,0.008587376556462
Exchange,JPY,USD,2006-01-26,0.008523695874531197
Exchange,JPY,USD,2006-01-28,0.008525149190110827
Exchange,JPY,USD,2006-01-29,0.008502678343678259
Exchange,JPY,USD,2006-01-30,0.008532423208191127
Exchange,JPY,USD,2006-01-31,0.00847314014573801
Exchange,JPY,USD,2006-02-01,0.008433836552247618
Exchange,JPY,USD,2006-02-02,0.008408307407718826
Exchange,JPY,USD,2006-02-03,0.008408307407718826
Exchange,JPY,USD,2006-02-04,0.008418217021634818
Exchange,JPY,USD,2006-02-05,0.008400043680227138
Exchange,JPY,USD,2006-02-06,0.00847931894110265
Exchange,JPY,USD,2006-02-07,0.00843668269636379
Exchange,JPY,USD,2006-02-08,0.00841467519353753
Exchange,JPY,USD,2006-02-09,0.008484642796538266
Exchange,JPY,USD,2006-02-11,0.008490045421743007
Exchange,JPY,USD,2006-02-12,0.008490405841399219
Exchange,JPY,USD,2006-02-13,0.008517887563884156
Exchange,JPY,USD,2006-02-14,0.008482483671218934
Exchange,JPY,USD,2006-02-15,0.008504847763225038
Exchange,JPY,USD,2006-02-16,0.008469910642442723
Exchange,JPY,USD,2006-02-17,0.008469910642442723
Exchange,JPY,USD,2006-02-18,0.008460952703274389
Exchange,JPY,USD,2006-02-19,0.008456302059109551
Exchange,JPY,USD,2006-02-20,0.008423890152472413
Exchange,JPY,USD,2006-02-21,0.008435970980259827
Exchange,JPY,USD,2006-02-22,0.008537157980108422
Exchange,JPY,USD,2006-02-23,0.00855431993156544
Exchange,JPY,USD,2006-02-24,0.008555051758063136
Exchange,JPY,USD,2006-02-25,0.008556515786771626
Exchange,JPY,USD,2006-02-26,0.008611780916293488
Exchange,JPY,USD,2006-02-27,0.008637368711995578
Exchange,JPY,USD,2006-02-28,0.00861474844934528
Exchange,JPY,USD,2006-03-01,0.00862849993528625
Exchange,JPY,USD,2006-03-02,0.008589958338702058
Exchange,JPY,USD,2006-03-03,0.008589663199305956
Exchange,JPY,USD,2006-03-04,0.008593280054996991
Exchange,JPY,USD,2006-03-05,0.008505571149102662
Exchange,JPY,USD,2006-03-06,0.00848536274925753
Exchange,JPY,USD,2006-03-07,0.00848536274925753
Exchange,JPY,USD,2006-03-08,0.00845880561664693
Exchange,JPY,USD,2006-03-09,0.008401949252226516
Exchange,JPY,USD,2006-03-11,0.008411136344520145
Exchange,JPY,USD,2006-03-12,0.0084224711530363
Exchange,JPY,USD,2006-03-13,0.008503401360544218
Exchange,JPY,USD,2006-03-14,0.008519338899301414
Exchange,JPY,USD,2006-03-15,0.008559445347941454
Exchange,JPY,USD,2006-03-16,0.008625894936599671
Exchange,JPY,USD,2006-03-18,0.00862217623728229
Exchange,JPY,USD,2006-03-19,0.008592541673827118
Exchange,JPY,USD,2006-03-20,0.008528057308545113
Exchange,JPY,USD,2006-03-21,0.00854627809588924
Exchange,JPY,USD,2006-03-22,0.008485002757625896
Exchange,JPY,USD,2006-03-23,0.008512087163772556
Exchange,JPY,USD,2006-03-25,0.008505932888189512
Exchange,JPY,USD,2006-03-26,0.008566044200788077
Exchange,JPY,USD,2006-03-27,0.00847816871555744
Exchange,JPY,USD,2006-03-28,0.008488243782361429
Exchange,JPY,USD,2006-03-29,0.008524422470377631
Exchange,JPY,USD,2006-03-30,0.008490405841399219
Exchange,JPY,USD,2006-04-01,0.008490045421743007
Exchange,JPY,USD,2006-04-02,0.008495815810713224
Exchange,JPY,USD,2006-04-03,0.008508465923593975
Exchange,JPY,USD,2006-04-04,0.008515711487694796
Exchange,JPY,USD,2006-04-05,0.008491847826086956
Exchange,JPY,USD,2006-04-06,0.0084530853761623
Exchange,JPY,USD,2006-04-08,0.008464175377713826
Exchange,JPY,USD,2006-04-09,0.00844880027036161
Exchange,JPY,USD,2006-04-10,0.008454514710855596
Exchange,JPY,USD,2006-04-11,0.008433836552247618
Exchange,JPY,USD,2006-04-12,0.008434547908232119
Exchange,JPY,USD,2006-04-13,0.008425664574293298
Exchange,JPY,USD,2006-04-15,0.008430992327796982
Exchange,JPY,USD,2006-04-16,0.008488243782361429
Exchange,JPY,USD,2006-04-17,0.008538980445734779
Exchange,JPY,USD,2006-04-18,0.008525876033762468
Exchange,JPY,USD,2006-04-19,0.008507742045261188
Exchange,JPY,USD,2006-04-20,0.008576329331046312
Exchange,JPY,USD,2006-04-22,0.008649770781074302
Exchange,JPY,USD,2006-04-23,0.008723719794120214
Exchange,JPY,USD,2006-04-24,0.008710042679209128
Exchange,JPY,USD,2006-04-25,0.00871763577717723
Exchange,JPY,USD,2006-04-26,0.008763473841030585
Exchange,JPY,USD,2006-04-27,0.008785030308354563
Exchange,JPY,USD,2006-04-29,0.00879584835957428
Exchange,JPY,USD,2006-04-30,0.008821609414421568
Exchange,JPY,USD,2006-05-01,0.008823010411152285
Exchange,JPY,USD,2006-05-02,0.008804366966015144
Exchange,JPY,USD,2006-05-03,0.008798169980644026
Exchange,JPY,USD,2006-05-04,0.008882572392965003
Exchange,JPY,USD,2006-05-06,0.00892379082634303
Exchange,JPY,USD,2006-05-07,0.00895736295234683
Exchange,JPY,USD,2006-05-08,0.009005763688760807
Exchange,JPY,USD,2006-05-09,0.00904977375565611
Exchange,JPY,USD,2006-05-10,0.009030486923854934
Exchange,JPY,USD,2006-05-11,0.009088430428065073
Exchange,JPY,USD,2006-05-13,0.009124420599291945
Exchange,JPY,USD,2006-05-14,0.009050592813829306
Exchange,JPY,USD,2006-05-15,0.00911078717201166
Exchange,JPY,USD,2006-05-16,0.009012337890572193
Exchange,JPY,USD,2006-05-17,0.009022827754218173
Exchange,JPY,USD,2006-05-18,0.008954154727793696
Exchange,JPY,USD,2006-05-20,0.00895094880057286
Exchange,JPY,USD,2006-05-21,0.008963384574015148
Exchange,JPY,USD,2006-05-22,0.008930564858227283
Exchange,JPY,USD,2006-05-23,0.008853710147237199
Exchange,JPY,USD,2006-05-24,0.00894574406226238
Exchange,JPY,USD,2006-05-25,0.008875870944836462
Exchange,JPY,USD,2006-05-27,0.008886519150448769
Exchange,JPY,USD,2006-05-28,0.008890785589814716
Exchange,JPY,USD,2006-05-29,0.008915755030714775
Exchange,JPY,USD,2006-05-30,0.00887784090909091
Exchange,JPY,USD,2006-05-31,0.008871933637936388
Exchange,JPY,USD,2006-06-01,0.008949747169642457
Exchange,JPY,USD,2006-06-03,0.008956560680698611
Exchange,JPY,USD,2006-06-04,0.008909479686386316
Exchange,JPY,USD,2006-06-05,0.008824178248400618
Exchange,JPY,USD,2006-06-06,0.008804366966015144
Exchange,JPY,USD,2006-06-07,0.008753884536262966
Exchange,JPY,USD,2006-06-08,0.00877385391533231
Exchange,JPY,USD,2006-06-10,0.008756797464031454
Exchange,JPY,USD,2006-06-11,0.008741640805979282
Exchange,JPY,USD,2006-06-12,0.008663634394628547
Exchange,JPY,USD,2006-06-13,0.008692024198595369
Exchange,JPY,USD,2006-06-14,0.008713837574067618
Exchange,JPY,USD,2006-06-15,0.008680932332132471
Exchange,JPY,USD,2006-06-17,0.008682816705739341
Exchange,JPY,USD,2006-06-18,0.008655086161382736
Exchange,JPY,USD,2006-06-19,0.008698299482451181
Exchange,JPY,USD,2006-06-20,0.008703220191470844
Exchange,JPY,USD,2006-06-21,0.008612745140258555
Exchange,JPY,USD,2006-06-22,0.00858000858000858
Exchange,JPY,USD,2006-06-23,0.00858074480864939
Exchange,JPY,USD,2006-06-24,0.008582585933141656
Exchange,JPY,USD,2006-06-25,0.00860141063134354
Exchange,JPY,USD,2006-06-26,0.00859904378633096
Exchange,JPY,USD,2006-06-27,0.008585533376261001
Exchange,JPY,USD,2006-06-28,0.008682816705739341
Exchange,JPY,USD,2006-06-29,0.008738203425375743
Exchange,JPY,USD,2006-07-01,0.008743169398907104
Exchange,JPY,USD,2006-07-02,0.008719612151651495
Exchange,JPY,USD,2006-07-03,0.008710270279686778
Exchange,JPY,USD,2006-07-04,0.008640801866413203
Exchange,JPY,USD,2006-07-05,0.008686889745995343
Exchange,JPY,USD,2006-07-06,0.00877039115944571
Exchange,JPY,USD,2006-07-07,0.008769622029290538
Exchange,JPY,USD,2006-07-08,0.008771929824561403
Exchange,JPY,USD,2006-07-09,0.008746457684637722
Exchange,JPY,USD,2006-07-10,0.008752965066916418
Exchange,JPY,USD,2006-07-11,0.008657109218089895
Exchange,JPY,USD,2006-07-12,0.008666637777874074
Exchange,JPY,USD,2006-07-13,0.008612522607871846
Exchange,JPY,USD,2006-07-15,0.008608074373762589
Exchange,JPY,USD,2006-07-16,0.008529148364535801
Exchange,JPY,USD,2006-07-17,0.008522969402539845
Exchange,JPY,USD,2006-07-18,0.008555783709787816
Exchange,JPY,USD,2006-07-19,0.00854350351992345
Exchange,JPY,USD,2006-07-20,0.008608370779746225
Exchange,JPY,USD,2006-07-22,0.008610965203089615
Exchange,JPY,USD,2006-07-23,0.008570081844281612
Exchange,JPY,USD,2006-07-24,0.008530239699735563
Exchange,JPY,USD,2006-07-25,0.008600301010535369
Exchange,JPY,USD,2006-07-26,0.008637816360024185
Exchange,JPY,USD,2006-07-27,0.008722350150024424
Exchange,JPY,USD,2006-07-28,0.008720296490080662
Exchange,JPY,USD,2006-07-29,0.008721056992107443
Exchange,JPY,USD,2006-07-30,0.008720980935935674
Exchange,JPY,USD,2006-07-31,0.008728593125360054
Exchange,JPY,USD,2006-08-01,0.008721133049605805
Exchange,JPY,USD,2006-08-02,0.008693837807761859
Exchange,JPY,USD,2006-08-03,0.008737898011254413
Exchange,JPY,USD,2006-08-05,0.008754650908295032
Exchange,JPY,USD,2006-08-06,0.008684777322309456
Exchange,JPY,USD,2006-08-07,0.00867227473766369
Exchange,JPY,USD,2006-08-08,0.008671146759158898
Exchange,JPY,USD,2006-08-09,0.008675660434650588
Exchange,JPY,USD,2006-08-10,0.00859808262757405
Exchange,JPY,USD,2006-08-11,0.008597565169543984
Exchange,JPY,USD,2006-08-12,0.008597713008339782
Exchange,JPY,USD,2006-08-13,0.008567144998929107
Exchange,JPY,USD,2006-08-14,0.008612151746113766
Exchange,JPY,USD,2006-08-15,0.008630734043930437
Exchange,JPY,USD,2006-08-16,0.008621432882145013
Exchange,JPY,USD,2006-08-17,0.008634832915983076
Exchange,JPY,USD,2006-08-18,0.008636324380343726
Exchange,JPY,USD,2006-08-19,0.008635951465952762
Exchange,JPY,USD,2006-08-20,0.008632000552448036
Exchange,JPY,USD,2006-08-21,0.008581112970352255
Exchange,JPY,USD,2006-08-22,0.008589589417625837
Exchange,JPY,USD,2006-08-23,0.00858096570188009
Exchange,JPY,USD,2006-08-24,0.008525948724944369
Exchange,JPY,USD,2006-08-26,0.008530603540200469
Exchange,JPY,USD,2006-08-27,0.008530676312018017
Exchange,JPY,USD,2006-08-28,0.008570816370259268
Exchange,JPY,USD,2006-08-29,0.008534680674922548
Exchange,JPY,USD,2006-08-30,0.00851861316977596
Exchange,JPY,USD,2006-08-31,0.008540438978563498
Exchange,JPY,USD,2006-09-02,0.008540220166875901
Exchange,JPY,USD,2006-09-03,0.008615119534783545
Exchange,JPY,USD,2006-09-04,0.008614154779133071
Exchange,JPY,USD,2006-09-05,0.008572653236176597
Exchange,JPY,USD,2006-09-06,0.00858936808019034
Exchange,JPY,USD,2006-09-07,0.008551393877201984
Exchange,JPY,USD,2006-09-08,0.008551393877201984
Exchange,JPY,USD,2006-09-09,0.008557980316645272
Exchange,JPY,USD,2006-09-10,0.008497837300407046
Exchange,JPY,USD,2006-09-11,0.00847816871555744
Exchange,JPY,USD,2006-09-12,0.00849725963376811
Exchange,JPY,USD,2006-09-13,0.008503618289582217
Exchange,JPY,USD,2006-09-14,0.008506294658046955
Exchange,JPY,USD,2006-09-16,0.008528420962858727
Exchange,JPY,USD,2006-09-17,0.008478240595511619
Exchange,JPY,USD,2006-09-18,0.008490838385382173
Exchange,JPY,USD,2006-09-19,0.008514261387824606
Exchange,JPY,USD,2006-09-20,0.008592541673827118
Exchange,JPY,USD,2006-09-21,0.008579640513062502
Exchange,JPY,USD,2006-09-23,0.008582585933141656
Exchange,JPY,USD,2006-09-24,0.008576182226719953
Exchange,JPY,USD,2006-09-25,0.008539199193899597
Exchange,JPY,USD,2006-09-26,0.008511362669163334
Exchange,JPY,USD,2006-09-27,0.008487739460349525
Exchange,JPY,USD,2006-09-28,0.008462026655383965
Exchange,JPY,USD,2006-09-30,0.008463459015699717
Exchange,JPY,USD,2006-10-01,0.008500076500688507
Exchange,JPY,USD,2006-10-02,0.008481044864727335
Exchange,JPY,USD,2006-10-03,0.008481548391474348
Exchange,JPY,USD,2006-10-04,0.008496321092966747
Exchange,JPY,USD,2006-10-05,0.008402090440101498
Exchange,JPY,USD,2006-10-07,0.008407247046954475
Exchange,JPY,USD,2006-10-08,0.008395741679819995
Exchange,JPY,USD,2006-10-09,0.008353381448810478
Exchange,JPY,USD,2006-10-10,0.008349127098761825
Exchange,JPY,USD,2006-10-11,0.008377665144724166
Exchange,JPY,USD,2006-10-12,0.008359107247345983
Exchange,JPY,USD,2006-10-13,0.008360015716829547
Exchange,JPY,USD,2006-10-14,0.008355964069354502
Exchange,JPY,USD,2006-10-15,0.008401243384020835
Exchange,JPY,USD,2006-10-16,0.00842069807587049
Exchange,JPY,USD,2006-10-17,0.008409297319116014
Exchange,JPY,USD,2006-10-18,0.008462742774933356
Exchange,JPY,USD,2006-10-19,0.008421761832575375
Exchange,JPY,USD,2006-10-20,0.0084224711530363
Exchange,JPY,USD,2006-10-21,0.008419634587858887
Exchange,JPY,USD,2006-10-22,0.008379841453399702
Exchange,JPY,USD,2006-10-23,0.008378296859814338
Exchange,JPY,USD,2006-10-24,0.0083948959032908
Exchange,JPY,USD,2006-10-25,0.008446659346228567
Exchange,JPY,USD,2006-10-26,0.00850296753566995
Exchange,JPY,USD,2006-10-28,0.008512811781731506
Exchange,JPY,USD,2006-10-29,0.008511580004596253
Exchange,JPY,USD,2006-10-30,0.008548615979072988
Exchange,JPY,USD,2006-10-31,0.008544087491455911
Exchange,JPY,USD,2006-11-01,0.008537376634907626
Exchange,JPY,USD,2006-11-02,0.008473858147614609
Exchange,JPY,USD,2006-11-04,0.008468834688346884
Exchange,JPY,USD,2006-11-05,0.00845215656774826
Exchange,JPY,USD,2006-11-06,0.008497043029025899
Exchange,JPY,USD,2006-11-07,0.008486226853816257
Exchange,JPY,USD,2006-11-08,0.008479750356149516
Exchange,JPY,USD,2006-11-09,0.008501232678738417
Exchange,JPY,USD,2006-11-11,0.008508103969030501
Exchange,JPY,USD,2006-11-12,0.008462671157524162
Exchange,JPY,USD,2006-11-13,0.008501232678738417
Exchange,JPY,USD,2006-11-14,0.008472422265525715
Exchange,JPY,USD,2006-11-15,0.00845880561664693
Exchange,JPY,USD,2006-11-16,0.008492208398794106
Exchange,JPY,USD,2006-11-18,0.008484282865990752
Exchange,JPY,USD,2006-11-19,0.008471202148296865
Exchange,JPY,USD,2006-11-20,0.00848147645542136
Exchange,JPY,USD,2006-11-21,0.008565237128589904
Exchange,JPY,USD,2006-11-22,0.008598748022287954
Exchange,JPY,USD,2006-11-23,0.00862924450964318
Exchange,JPY,USD,2006-11-24,0.008628872206402623
Exchange,JPY,USD,2006-11-25,0.008654262224145393
Exchange,JPY,USD,2006-11-26,0.008615119534783545
Exchange,JPY,USD,2006-11-27,0.008609037767848687
Exchange,JPY,USD,2006-11-28,0.008590327291469805
Exchange,JPY,USD,2006-11-29,0.008635205733776607
Exchange,JPY,USD,2006-11-30,0.008662508662508662
Exchange,JPY,USD,2006-12-02,0.008662883874041669
Exchange,JPY,USD,2006-12-03,0.008674531575294934
Exchange,JPY,USD,2006-12-04,0.008703295938171785
Exchange,JPY,USD,2006-12-05,0.008676413170795193
Exchange,JPY,USD,2006-12-06,0.008676413170795193
Exchange,JPY,USD,2006-12-07,0.008596234849136079
Exchange,JPY,USD,2006-12-09,0.008590327291469805
Exchange,JPY,USD,2006-12-10,0.008547739123001967
Exchange,JPY,USD,2006-12-11,0.008562963470397835
Exchange,JPY,USD,2006-12-12,0.008504558443325622
Exchange,JPY,USD,2006-12-13,0.00848629887047362
Exchange,JPY,USD,2006-12-14,0.008462026655383965
Exchange,JPY,USD,2006-12-15,0.008462026655383965
Exchange,JPY,USD,2006-12-16,0.008477809334068076
Exchange,JPY,USD,2006-12-17,0.008463817181548879
Exchange,JPY,USD,2006-12-18,0.008465966813410091
Exchange,JPY,USD,2006-12-19,0.008440884267035815
Exchange,JPY,USD,2006-12-20,0.008450228156160216
Exchange,JPY,USD,2006-12-21,0.008413117733169558
Exchange,JPY,USD,2006-12-23,0.008411631604182264
Exchange,JPY,USD,2006-12-24,0.008417154160178443
Exchange,JPY,USD,2006-12-25,0.008393768466290627
Exchange,JPY,USD,2006-12-26,0.008412622298496665
Exchange,JPY,USD,2006-12-27,0.008408802334283528
Exchange,JPY,USD,2006-12-28,0.008398703240219709
Exchange,JPY,USD,2006-12-31,0.008400537634408602
Exchange,JPY,USD,2007-01-01,0.008414462778623899
Exchange,JPY,USD,2007-01-02,0.008376472164982995
Exchange,JPY,USD,2007-01-03,0.008399479232287599
Exchange,JPY,USD,2007-01-04,0.008429570934839417
Exchange,JPY,USD,2007-01-06,0.008429215661482699
Exchange,JPY,USD,2007-01-07,0.008418287888609214
Exchange,JPY,USD,2007-01-08,0.008376823006106704
Exchange,JPY,USD,2007-01-09,0.008359806052499582
Exchange,JPY,USD,2007-01-10,0.008299099547699074
Exchange,JPY,USD,2007-01-11,0.0083108248493663
Exchange,JPY,USD,2007-01-13,0.008305785810395521
Exchange,JPY,USD,2007-01-14,0.008303096224582147
Exchange,JPY,USD,2007-01-15,0.008288231540036302
Exchange,JPY,USD,2007-01-16,0.00828761333311233
Exchange,JPY,USD,2007-01-17,0.008249667950864977
Exchange,JPY,USD,2007-01-18,0.00825082508250825
Exchange,JPY,USD,2007-01-19,0.008248443106363674
Exchange,JPY,USD,2007-01-20,0.008247762794342034
Exchange,JPY,USD,2007-01-21,0.008219763599598875
Exchange,JPY,USD,2007-01-22,0.008220912356853363
Exchange,JPY,USD,2007-01-23,0.008251710166932097
Exchange,JPY,USD,2007-01-24,0.00824762674540401
Exchange,JPY,USD,2007-01-25,0.008225713580653122
Exchange,JPY,USD,2007-01-27,0.008232824270365948
Exchange,JPY,USD,2007-01-28,0.008213215063036426
Exchange,JPY,USD,2007-01-29,0.008221453059613757
Exchange,JPY,USD,2007-01-30,0.008284660950250612
Exchange,JPY,USD,2007-01-31,0.00827759751009867
Exchange,JPY,USD,2007-02-01,0.008254911672445105
Exchange,JPY,USD,2007-02-03,0.00825866127100797
Exchange,JPY,USD,2007-02-04,0.00830944368274544
Exchange,JPY,USD,2007-02-05,0.008326256015719971
Exchange,JPY,USD,2007-02-06,0.008286720530350114
Exchange,JPY,USD,2007-02-07,0.008261731658955716
Exchange,JPY,USD,2007-02-08,0.008215914225855481
Exchange,JPY,USD,2007-02-09,0.008212473104150584
Exchange,JPY,USD,2007-02-10,0.008209843602479372
Exchange,JPY,USD,2007-02-11,0.008201090745069094
Exchange,JPY,USD,2007-02-12,0.00825320843477902
Exchange,JPY,USD,2007-02-13,0.008278693953241937
Exchange,JPY,USD,2007-02-14,0.008383775717232013
Exchange,JPY,USD,2007-02-15,0.008373105584861425
Exchange,JPY,USD,2007-02-17,0.008375910880308233
Exchange,JPY,USD,2007-02-18,0.008363861427543869
Exchange,JPY,USD,2007-02-19,0.008331389342486752
Exchange,JPY,USD,2007-02-20,0.008268631293461995
Exchange,JPY,USD,2007-02-21,0.008225104664456856
Exchange,JPY,USD,2007-02-22,0.008259002312520648
Exchange,JPY,USD,2007-02-23,0.008259002312520648
Exchange,JPY,USD,2007-02-24,0.008262072954104185
Exchange,JPY,USD,2007-02-25,0.008288643729226585
Exchange,JPY,USD,2007-02-26,0.008479103250040277
Exchange,JPY,USD,2007-02-27,0.008434334488837158
Exchange,JPY,USD,2007-02-28,0.008502750639831986
Exchange,JPY,USD,2007-03-01,0.008563110121596164
Exchange,JPY,USD,2007-03-03,0.008564943685495268
Exchange,JPY,USD,2007-03-04,0.008655835331388657
Exchange,JPY,USD,2007-03-05,0.008577579921600919
Exchange,JPY,USD,2007-03-06,0.008616975441619991
Exchange,JPY,USD,2007-03-07,0.008534097988513104
Exchange,JPY,USD,2007-03-08,0.00845058520302531
Exchange,JPY,USD,2007-03-09,0.008449871139465123
Exchange,JPY,USD,2007-03-10,0.0084530853761623
Exchange,JPY,USD,2007-03-11,0.008493867427717188
Exchange,JPY,USD,2007-03-12,0.008599191675982457
Exchange,JPY,USD,2007-03-13,0.008541314337450246
Exchange,JPY,USD,2007-03-14,0.008505571149102662
Exchange,JPY,USD,2007-03-15,0.008568392912225383
Exchange,JPY,USD,2007-03-17,0.008589220528237063
Exchange,JPY,USD,2007-03-18,0.008508321138073035
Exchange,JPY,USD,2007-03-19,0.008525730655117143
Exchange,JPY,USD,2007-03-20,0.008508103969030501
Exchange,JPY,USD,2007-03-21,0.008466110161025416
Exchange,JPY,USD,2007-03-22,0.008465966813410091
Exchange,JPY,USD,2007-03-24,0.008469193309337285
Exchange,JPY,USD,2007-03-25,0.008465250148141878
Exchange,JPY,USD,2007-03-26,0.008487523340689187
Exchange,JPY,USD,2007-03-27,0.008557980316645272
Exchange,JPY,USD,2007-03-28,0.008470341100636122
Exchange,JPY,USD,2007-03-29,0.00848716316571186
Exchange,JPY,USD,2007-03-31,0.008508103969030501
Exchange,JPY,USD,2007-04-01,0.008485218748939347
Exchange,JPY,USD,2007-04-02,0.008406540288344332
Exchange,JPY,USD,2007-04-03,0.008422896802668374
Exchange,JPY,USD,2007-04-04,0.008421407217145984
Exchange,JPY,USD,2007-04-05,0.008385744234800839
Exchange,JPY,USD,2007-04-06,0.008385041086701324
Exchange,JPY,USD,2007-04-07,0.008384689556869157
Exchange,JPY,USD,2007-04-08,0.008380543729677182
Exchange,JPY,USD,2007-04-09,0.008399126490844951
Exchange,JPY,USD,2007-04-10,0.008376261674414708
Exchange,JPY,USD,2007-04-11,0.00839278220730172
Exchange,JPY,USD,2007-04-12,0.008385181706887589
Exchange,JPY,USD,2007-04-14,0.008377805517622714
Exchange,JPY,USD,2007-04-15,0.008351776840522821
Exchange,JPY,USD,2007-04-16,0.008409368035992095
Exchange,JPY,USD,2007-04-17,0.008425664574293298
Exchange,JPY,USD,2007-04-18,0.008441026766495876
Exchange,JPY,USD,2007-04-19,0.008426516562318303
Exchange,JPY,USD,2007-04-21,0.008421052631578947
Exchange,JPY,USD,2007-04-22,0.008427439743805831
Exchange,JPY,USD,2007-04-23,0.008431703204047217
Exchange,JPY,USD,2007-04-24,0.008421407217145984
Exchange,JPY,USD,2007-04-25,0.008363301831563101
Exchange,JPY,USD,2007-04-26,0.008359456635318705
Exchange,JPY,USD,2007-04-27,0.008359107247345983
Exchange,JPY,USD,2007-04-28,0.008380333034434789
Exchange,JPY,USD,2007-04-29,0.00836645053336122
Exchange,JPY,USD,2007-04-30,0.008342927700188551
Exchange,JPY,USD,2007-05-01,0.008322652595835344
Exchange,JPY,USD,2007-05-02,0.008302269010120466
Exchange,JPY,USD,2007-05-03,0.008320021299254526
Exchange,JPY,USD,2007-05-05,0.0083281282531751
Exchange,JPY,USD,2007-05-06,0.008326602662847533
Exchange,JPY,USD,2007-05-07,0.00833090348648311
Exchange,JPY,USD,2007-05-08,0.008327226700419693
Exchange,JPY,USD,2007-05-09,0.008340283569641367
Exchange,JPY,USD,2007-05-10,0.008319467554076539
Exchange,JPY,USD,2007-05-11,0.00831981363617455
Exchange,JPY,USD,2007-05-12,0.008315316813570596
Exchange,JPY,USD,2007-05-13,0.0083087532715716
Exchange,JPY,USD,2007-05-14,0.008314418032309829
Exchange,JPY,USD,2007-05-15,0.008276638360563473
Exchange,JPY,USD,2007-05-16,0.008244023083264633
Exchange,JPY,USD,2007-05-17,0.008255933952528379
Exchange,JPY,USD,2007-05-19,0.008256615613260125
Exchange,JPY,USD,2007-05-20,0.008232824270365948
Exchange,JPY,USD,2007-05-21,0.008225713580653122
Exchange,JPY,USD,2007-05-22,0.008218952905399852
Exchange,JPY,USD,2007-05-23,0.008237232289950576
Exchange,JPY,USD,2007-05-24,0.008210854749979473
Exchange,JPY,USD,2007-05-26,0.008215914225855481
Exchange,JPY,USD,2007-05-27,0.00821604923056699
Exchange,JPY,USD,2007-05-28,0.008219290675214729
Exchange,JPY,USD,2007-05-29,0.008220101436051721
Exchange,JPY,USD,2007-05-30,0.008214631902344456
Exchange,JPY,USD,2007-05-31,0.00818960575237908
Exchange,JPY,USD,2007-06-02,0.00819141703323258
Exchange,JPY,USD,2007-06-03,0.008212203334154554
Exchange,JPY,USD,2007-06-04,0.008237910865804433
Exchange,JPY,USD,2007-06-05,0.008258183860205463
Exchange,JPY,USD,2007-06-06,0.008265897387149836
Exchange,JPY,USD,2007-06-07,0.008215239268843705
Exchange,JPY,USD,2007-06-09,0.008215239268843705
Exchange,JPY,USD,2007-06-10,0.008215374251374022
Exchange,JPY,USD,2007-06-11,0.008217264472657053
Exchange,JPY,USD,2007-06-12,0.008148631029986962
Exchange,JPY,USD,2007-06-13,0.008134710811030668
Exchange,JPY,USD,2007-06-14,0.00810077362388108
Exchange,JPY,USD,2007-06-16,0.008099461385817843
Exchange,JPY,USD,2007-06-17,0.008085708510208208
Exchange,JPY,USD,2007-06-18,0.008106289670155073
Exchange,JPY,USD,2007-06-19,0.008092710086753852
Exchange,JPY,USD,2007-06-20,0.00808217960219512
Exchange,JPY,USD,2007-06-21,0.00807213257670544
Exchange,JPY,USD,2007-06-23,0.00807852324595064
Exchange,JPY,USD,2007-06-24,0.008086558522424027
Exchange,JPY,USD,2007-06-25,0.008112932013629726
Exchange,JPY,USD,2007-06-26,0.008141466115218028
Exchange,JPY,USD,2007-06-27,0.008118464635968046
Exchange,JPY,USD,2007-06-28,0.00811853054597118
Exchange,JPY,USD,2007-06-29,0.00811886011204027
Exchange,JPY,USD,2007-06-30,0.008122223214938393
Exchange,JPY,USD,2007-07-01,0.008168599901976801
Exchange,JPY,USD,2007-07-02,0.00816559833421794
Exchange,JPY,USD,2007-07-03,0.008148830235419706
Exchange,JPY,USD,2007-07-04,0.008134115292950163
Exchange,JPY,USD,2007-07-05,0.008107341197454295
Exchange,JPY,USD,2007-07-07,0.008104384471999352
Exchange,JPY,USD,2007-07-08,0.00810307106393323
Exchange,JPY,USD,2007-07-09,0.008213957155999475
Exchange,JPY,USD,2007-07-10,0.008164731625271478
Exchange,JPY,USD,2007-07-11,0.008168599901976801
Exchange,JPY,USD,2007-07-12,0.008201023487731269
Exchange,JPY,USD,2007-07-14,0.008200418221329287
Exchange,JPY,USD,2007-07-15,0.008203580042330473
Exchange,JPY,USD,2007-07-16,0.008173473808103182
Exchange,JPY,USD,2007-07-17,0.00820035097502173
Exchange,JPY,USD,2007-07-18,0.008195847983411603
Exchange,JPY,USD,2007-07-19,0.008245858517559556
Exchange,JPY,USD,2007-07-21,0.008227067050596462
Exchange,JPY,USD,2007-07-22,0.008257161022897107
Exchange,JPY,USD,2007-07-23,0.00831552425222648
Exchange,JPY,USD,2007-07-24,0.008298755186721992
Exchange,JPY,USD,2007-07-25,0.008425877555147369
Exchange,JPY,USD,2007-07-26,0.00843063693462041
Exchange,JPY,USD,2007-07-28,0.008439886905515465
Exchange,JPY,USD,2007-07-29,0.008399973120086016
Exchange,JPY,USD,2007-07-30,0.008430281571404484
Exchange,JPY,USD,2007-07-31,0.008406893652795292
Exchange,JPY,USD,2007-08-01,0.008388839487945237
Exchange,JPY,USD,2007-08-02,0.008470556346140815
Exchange,JPY,USD,2007-08-03,0.008470556346140815
Exchange,JPY,USD,2007-08-04,0.008506584096090375
Exchange,JPY,USD,2007-08-05,0.008411702360323682
Exchange,JPY,USD,2007-08-06,0.008415170870044517
Exchange,JPY,USD,2007-08-07,0.008352683717278361
Exchange,JPY,USD,2007-08-08,0.008462527926342157
Exchange,JPY,USD,2007-08-09,0.00844630263102327
Exchange,JPY,USD,2007-08-10,0.00844630263102327
Exchange,JPY,USD,2007-08-11,0.008465250148141878
Exchange,JPY,USD,2007-08-12,0.008457231778894132
Exchange,JPY,USD,2007-08-13,0.008505064766068193
Exchange,JPY,USD,2007-08-14,0.008576035127439883
Exchange,JPY,USD,2007-08-15,0.008781173164734809
Exchange,JPY,USD,2007-08-16,0.008748906386701663
Exchange,JPY,USD,2007-08-17,0.008745463290917837
Exchange,JPY,USD,2007-08-18,0.008758101243650377
Exchange,JPY,USD,2007-08-19,0.008703598938160929
Exchange,JPY,USD,2007-08-20,0.008739348918505571
Exchange,JPY,USD,2007-08-21,0.008669643244180502
Exchange,JPY,USD,2007-08-22,0.00860637043539628
Exchange,JPY,USD,2007-08-23,0.008588482844505517
Exchange,JPY,USD,2007-08-24,0.008588482844505517
Exchange,JPY,USD,2007-08-25,0.00859180341953776
Exchange,JPY,USD,2007-08-26,0.008630734043930437
Exchange,JPY,USD,2007-08-27,0.008751816001820378
Exchange,JPY,USD,2007-08-28,0.008608593097630055
Exchange,JPY,USD,2007-08-29,0.008631330001639953
Exchange,JPY,USD,2007-08-30,0.00863759253020998
Exchange,JPY,USD,2007-09-01,0.008642071331656773
Exchange,JPY,USD,2007-09-02,0.008623514599610216
Exchange,JPY,USD,2007-09-03,0.008596160954517712
Exchange,JPY,USD,2007-09-04,0.008673779165582443
Exchange,JPY,USD,2007-09-05,0.008667313826099015
Exchange,JPY,USD,2007-09-06,0.008819897689186805
Exchange,JPY,USD,2007-09-08,0.008844469995135542
Exchange,JPY,USD,2007-09-09,0.008793837278834992
Exchange,JPY,USD,2007-09-10,0.008751433047161474
Exchange,JPY,USD,2007-09-11,0.008752352194652313
Exchange,JPY,USD,2007-09-12,0.008689229699787115
Exchange,JPY,USD,2007-09-13,0.008668290526425284
Exchange,JPY,USD,2007-09-15,0.008677166037572128
Exchange,JPY,USD,2007-09-16,0.00868681428459741
Exchange,JPY,USD,2007-09-17,0.008614154779133071
Exchange,JPY,USD,2007-09-18,0.008613783776799635
Exchange,JPY,USD,2007-09-19,0.008715508375603549
Exchange,JPY,USD,2007-09-20,0.008657783780507865
Exchange,JPY,USD,2007-09-21,0.008657558914688415
Exchange,JPY,USD,2007-09-22,0.008665135826004073
Exchange,JPY,USD,2007-09-23,0.008705114254624592
Exchange,JPY,USD,2007-09-24,0.008712850583325348
Exchange,JPY,USD,2007-09-25,0.00865463672162361
Exchange,JPY,USD,2007-09-26,0.008647601587699652
Exchange,JPY,USD,2007-09-27,0.008710118544713394
Exchange,JPY,USD,2007-09-28,0.008705947903607745
Exchange,JPY,USD,2007-09-29,0.008713078330574192
Exchange,JPY,USD,2007-09-30,0.008640055296353897
Exchange,JPY,USD,2007-10-01,0.008640204600044929
Exchange,JPY,USD,2007-10-02,0.00856589744907574
Exchange,JPY,USD,2007-10-03,0.008586639189421262
Exchange,JPY,USD,2007-10-04,0.00854788525318836
Exchange,JPY,USD,2007-10-05,0.008548031388371258
Exchange,JPY,USD,2007-10-06,0.008548104457836474
Exchange,JPY,USD,2007-10-07,0.008517379713304999
Exchange,JPY,USD,2007-10-08,0.0085374495223297
Exchange,JPY,USD,2007-10-09,0.008528420962858727
Exchange,JPY,USD,2007-10-10,0.008526094111026797
Exchange,JPY,USD,2007-10-11,0.008502750639831986
Exchange,JPY,USD,2007-10-12,0.008502750639831986
Exchange,JPY,USD,2007-10-13,0.008507380152282104
Exchange,JPY,USD,2007-10-14,0.008518540603623786
Exchange,JPY,USD,2007-10-15,0.008552490912978406
Exchange,JPY,USD,2007-10-16,0.008570449091532395
Exchange,JPY,USD,2007-10-17,0.008648274669203494
Exchange,JPY,USD,2007-10-18,0.008732632976168645
Exchange,JPY,USD,2007-10-20,0.008762705923589204
Exchange,JPY,USD,2007-10-21,0.008729812309035356
Exchange,JPY,USD,2007-10-22,0.008712926497752065
Exchange,JPY,USD,2007-10-23,0.00875227559165383
Exchange,JPY,USD,2007-10-24,0.008758177948659561
Exchange,JPY,USD,2007-10-25,0.00875848478213269
Exchange,JPY,USD,2007-10-27,0.008760940224104851
Exchange,JPY,USD,2007-10-28,0.008721589422456348
Exchange,JPY,USD,2007-10-29,0.008723263198297219
Exchange,JPY,USD,2007-10-30,0.008662583702215024
Exchange,JPY,USD,2007-10-31,0.008721133049605805
Exchange,JPY,USD,2007-11-01,0.008707464038173523
Exchange,JPY,USD,2007-11-03,0.008713154248969669
Exchange,JPY,USD,2007-11-04,0.008729812309035356
Exchange,JPY,USD,2007-11-05,0.008716571946584846
Exchange,JPY,USD,2007-11-06,0.008879180984346004
Exchange,JPY,USD,2007-11-07,0.008881152418337803
Exchange,JPY,USD,2007-11-08,0.009034566250474314
Exchange,JPY,USD,2007-11-10,0.009072352007257882
Exchange,JPY,USD,2007-11-11,0.00913976529082733
Exchange,JPY,USD,2007-11-12,0.009017295172140165
Exchange,JPY,USD,2007-11-13,0.008982708286548393
Exchange,JPY,USD,2007-11-14,0.009066183136899365
Exchange,JPY,USD,2007-11-15,0.009001305189252441
Exchange,JPY,USD,2007-11-16,0.009001305189252441
Exchange,JPY,USD,2007-11-17,0.009019328420805786
Exchange,JPY,USD,2007-11-18,0.009110372158702683
Exchange,JPY,USD,2007-11-19,0.009093389106119851
Exchange,JPY,USD,2007-11-20,0.009222539887485013
Exchange,JPY,USD,2007-11-21,0.009221179204396659
Exchange,JPY,USD,2007-11-22,0.00923488941219929
Exchange,JPY,USD,2007-11-24,0.009224666758913334
Exchange,JPY,USD,2007-11-25,0.009309426725502242
Exchange,JPY,USD,2007-11-26,0.009176753448165108
Exchange,JPY,USD,2007-11-27,0.009088843444671665
Exchange,JPY,USD,2007-11-28,0.009096035947534064
Exchange,JPY,USD,2007-11-29,0.008988360073704554
Exchange,JPY,USD,2007-11-30,0.008988360073704554
Exchange,JPY,USD,2007-12-01,0.009005358188121933
Exchange,JPY,USD,2007-12-02,0.009052477210388623
Exchange,JPY,USD,2007-12-03,0.009102079825240068
Exchange,JPY,USD,2007-12-04,0.00901770174853237
Exchange,JPY,USD,2007-12-05,0.008983273145403259
Exchange,JPY,USD,2007-12-06,0.008954154727793696
Exchange,JPY,USD,2007-12-08,0.008974002315292598
Exchange,JPY,USD,2007-12-09,0.008952631626066482
Exchange,JPY,USD,2007-12-10,0.009036688957166094
Exchange,JPY,USD,2007-12-11,0.008909638446871825
Exchange,JPY,USD,2007-12-12,0.008910749928714
Exchange,JPY,USD,2007-12-13,0.008828307083833604
Exchange,JPY,USD,2007-12-15,0.008811737233995682
Exchange,JPY,USD,2007-12-16,0.008854258898530193
Exchange,JPY,USD,2007-12-17,0.008818342151675485
Exchange,JPY,USD,2007-12-18,0.008815854432611608
Exchange,JPY,USD,2007-12-19,0.008839075786235792
Exchange,JPY,USD,2007-12-20,0.008769006822287309
Exchange,JPY,USD,2007-12-22,0.008761938140716727
Exchange,JPY,USD,2007-12-23,0.008749671887304225
Exchange,JPY,USD,2007-12-24,0.008758101243650377
Exchange,JPY,USD,2007-12-25,0.008745539774714896
Exchange,JPY,USD,2007-12-26,0.008792754770069463
Exchange,JPY,USD,2007-12-27,0.008905591821104472
Exchange,JPY,USD,2007-12-29,0.0088854137048621
Exchange,JPY,USD,2007-12-30,0.0089515096721062
Exchange,JPY,USD,2007-12-31,0.008955758552749419
Exchange,JPY,USD,2008-01-01,0.009119511194199991
Exchange,JPY,USD,2008-01-02,0.009146871312667502
Exchange,JPY,USD,2008-01-03,0.00920734009152096
Exchange,JPY,USD,2008-01-05,0.009215570628133295
Exchange,JPY,USD,2008-01-06,0.009159186664224217
Exchange,JPY,USD,2008-01-07,0.009183158088066487
Exchange,JPY,USD,2008-01-08,0.009087604507451835
Exchange,JPY,USD,2008-01-09,0.009145700149074914
Exchange,JPY,USD,2008-01-10,0.009186701331153024
Exchange,JPY,USD,2008-01-12,0.009205560158335634
Exchange,JPY,USD,2008-01-13,0.009245476650548718
Exchange,JPY,USD,2008-01-14,0.009364961931429749
Exchange,JPY,USD,2008-01-15,0.009289967763811859
Exchange,JPY,USD,2008-01-16,0.009385177051365073
Exchange,JPY,USD,2008-01-17,0.009357075352527814
Exchange,JPY,USD,2008-01-19,0.009370753877149416
Exchange,JPY,USD,2008-01-20,0.009435920662779068
Exchange,JPY,USD,2008-01-21,0.00939584703561026
Exchange,JPY,USD,2008-01-22,0.009371017317640003
Exchange,JPY,USD,2008-01-23,0.00933053417308141
Exchange,JPY,USD,2008-01-24,0.009370578258384325
Exchange,JPY,USD,2008-01-26,0.009365751320570936
Exchange,JPY,USD,2008-01-27,0.009355237061707143
Exchange,JPY,USD,2008-01-28,0.009336022107700351
Exchange,JPY,USD,2008-01-29,0.009411056108716521
Exchange,JPY,USD,2008-01-30,0.009396288466055908
Exchange,JPY,USD,2008-01-31,0.009390994036718787
Exchange,JPY,USD,2008-02-01,0.00938482473839801
Exchange,JPY,USD,2008-02-02,0.009386586567794621
Exchange,JPY,USD,2008-02-03,0.009370753877149416
Exchange,JPY,USD,2008-02-04,0.00936171806249883
Exchange,JPY,USD,2008-02-05,0.009386498460614252
Exchange,JPY,USD,2008-02-06,0.009303623761455087
Exchange,JPY,USD,2008-02-07,0.009317059536010435
Exchange,JPY,USD,2008-02-09,0.009316625518237295
Exchange,JPY,USD,2008-02-10,0.009349027233716332
Exchange,JPY,USD,2008-02-11,0.009319143384340112
Exchange,JPY,USD,2008-02-12,0.00923122369101248
Exchange,JPY,USD,2008-02-13,0.00927067592498169
Exchange,JPY,USD,2008-02-14,0.009274717121127806
Exchange,JPY,USD,2008-02-16,0.00927643784786642
Exchange,JPY,USD,2008-02-17,0.009239838487623235
Exchange,JPY,USD,2008-02-18,0.009278847938239987
Exchange,JPY,USD,2008-02-19,0.009249324799289652
Exchange,JPY,USD,2008-02-20,0.009310726888448181
Exchange,JPY,USD,2008-02-21,0.00933036005859466
Exchange,JPY,USD,2008-02-22,0.00933036005859466
Exchange,JPY,USD,2008-02-23,0.009318361831989936
Exchange,JPY,USD,2008-02-24,0.009253604278866618
Exchange,JPY,USD,2008-02-25,0.009322010198279157
Exchange,JPY,USD,2008-02-26,0.009390817658493526
Exchange,JPY,USD,2008-02-27,0.009490457345139463
Exchange,JPY,USD,2008-02-28,0.009640319673000356
Exchange,JPY,USD,2008-03-01,0.009651578033008397
Exchange,JPY,USD,2008-03-02,0.00966239588768431
Exchange,JPY,USD,2008-03-03,0.009674267416099915
Exchange,JPY,USD,2008-03-04,0.009614275275929701
Exchange,JPY,USD,2008-03-05,0.009739564057112803
Exchange,JPY,USD,2008-03-06,0.009739469198928659
Exchange,JPY,USD,2008-03-08,0.009754384595875847
Exchange,JPY,USD,2008-03-09,0.00982714059690052
Exchange,JPY,USD,2008-03-10,0.009669590106075404
Exchange,JPY,USD,2008-03-11,0.009822121381776036
Exchange,JPY,USD,2008-03-12,0.009935617200540498
Exchange,JPY,USD,2008-03-13,0.01009214124960893
Exchange,JPY,USD,2008-03-15,0.010089799212995661
Exchange,JPY,USD,2008-03-16,0.010274324463166546
Exchange,JPY,USD,2008-03-17,0.01001401962747847
Exchange,JPY,USD,2008-03-18,0.010097134433247845
Exchange,JPY,USD,2008-03-19,0.010048433449225265
Exchange,JPY,USD,2008-03-20,0.010043690051725004
Exchange,JPY,USD,2008-03-21,0.010042277990339328
Exchange,JPY,USD,2008-03-22,0.010058844238796962
Exchange,JPY,USD,2008-03-23,0.009926543577526306
Exchange,JPY,USD,2008-03-24,0.010002600676175805
Exchange,JPY,USD,2008-03-25,0.010079933875633777
Exchange,JPY,USD,2008-03-26,0.010033109260559848
Exchange,JPY,USD,2008-03-27,0.01007658202337767
Exchange,JPY,USD,2008-03-29,0.01008654253494987
Exchange,JPY,USD,2008-03-30,0.01003039208802672
Exchange,JPY,USD,2008-03-31,0.009819228012293674
Exchange,JPY,USD,2008-04-01,0.009769441187964049
Exchange,JPY,USD,2008-04-02,0.009779855453736393
Exchange,JPY,USD,2008-04-03,0.009854838232830409
Exchange,JPY,USD,2008-04-05,0.009849790691947795
Exchange,JPY,USD,2008-04-06,0.009764957473610203
Exchange,JPY,USD,2008-04-07,0.0097400383757512
Exchange,JPY,USD,2008-04-08,0.009822217856792064
Exchange,JPY,USD,2008-04-09,0.009809691975671964
Exchange,JPY,USD,2008-04-10,0.009899715878154296
Exchange,JPY,USD,2008-04-12,0.009859502095144195
Exchange,JPY,USD,2008-04-13,0.00989129467155956
Exchange,JPY,USD,2008-04-14,0.00982009584413544
Exchange,JPY,USD,2008-04-15,0.009820481596417487
Exchange,JPY,USD,2008-04-16,0.009758858603897688
Exchange,JPY,USD,2008-04-17,0.009645340818117808
Exchange,JPY,USD,2008-04-18,0.009644875677552516
Exchange,JPY,USD,2008-04-19,0.009626770122356248
Exchange,JPY,USD,2008-04-20,0.009683448082193107
Exchange,JPY,USD,2008-04-21,0.009706193522086444
Exchange,JPY,USD,2008-04-22,0.009672957313239377
Exchange,JPY,USD,2008-04-23,0.009593614490195326
Exchange,JPY,USD,2008-04-24,0.009576067492123684
Exchange,JPY,USD,2008-04-26,0.009572859030077922
Exchange,JPY,USD,2008-04-27,0.00959858708798065
Exchange,JPY,USD,2008-04-28,0.009613905552991847
Exchange,JPY,USD,2008-04-29,0.009626492106276474
Exchange,JPY,USD,2008-04-30,0.009576250897773522
Exchange,JPY,USD,2008-05-01,0.009488206159743438
Exchange,JPY,USD,2008-05-03,0.009504167577482726
Exchange,JPY,USD,2008-05-04,0.009536979638548472
Exchange,JPY,USD,2008-05-05,0.009544716999140977
Exchange,JPY,USD,2008-05-06,0.009548362455838823
Exchange,JPY,USD,2008-05-07,0.009639669166554204
Exchange,JPY,USD,2008-05-08,0.009722046685268184
Exchange,JPY,USD,2008-05-10,0.009704215511218073
Exchange,JPY,USD,2008-05-11,0.00963855421686747
Exchange,JPY,USD,2008-05-12,0.009546721655783404
Exchange,JPY,USD,2008-05-13,0.009519548392624253
Exchange,JPY,USD,2008-05-14,0.009546995083297531
Exchange,JPY,USD,2008-05-15,0.009610394602802391
Exchange,JPY,USD,2008-05-17,0.009611872585017013
Exchange,JPY,USD,2008-05-18,0.009584970765839165
Exchange,JPY,USD,2008-05-19,0.009645619923992514
Exchange,JPY,USD,2008-05-20,0.009703556353403522
Exchange,JPY,USD,2008-05-21,0.009609194076892771
Exchange,JPY,USD,2008-05-22,0.009672395949200576
Exchange,JPY,USD,2008-05-24,0.009682322982930064
Exchange,JPY,USD,2008-05-25,0.0096688421561518
Exchange,JPY,USD,2008-05-26,0.009592326139088728
Exchange,JPY,USD,2008-05-27,0.009551554515497399
Exchange,JPY,USD,2008-05-28,0.009478403457721581
Exchange,JPY,USD,2008-05-29,0.009477145862751973
Exchange,JPY,USD,2008-05-31,0.009510675733510866
Exchange,JPY,USD,2008-06-01,0.009575792396820836
Exchange,JPY,USD,2008-06-02,0.009516196566556279
Exchange,JPY,USD,2008-06-03,0.00950281283259845
Exchange,JPY,USD,2008-06-04,0.009439037973249766
Exchange,JPY,USD,2008-06-05,0.00953007214264612
Exchange,JPY,USD,2008-06-06,0.009530980451959093
Exchange,JPY,USD,2008-06-07,0.009553835865099837
Exchange,JPY,USD,2008-06-08,0.00940698374473209
Exchange,JPY,USD,2008-06-09,0.009306827488645671
Exchange,JPY,USD,2008-06-10,0.009347978499649452
Exchange,JPY,USD,2008-06-11,0.009262260917890057
Exchange,JPY,USD,2008-06-12,0.009242827565808933
Exchange,JPY,USD,2008-06-13,0.009241546295526168
Exchange,JPY,USD,2008-06-14,0.009256687957048967
Exchange,JPY,USD,2008-06-15,0.00924035076371499
Exchange,JPY,USD,2008-06-16,0.009265178678970825
Exchange,JPY,USD,2008-06-17,0.009269043249355801
Exchange,JPY,USD,2008-06-18,0.00925857343900452
Exchange,JPY,USD,2008-06-19,0.009316278333131481
Exchange,JPY,USD,2008-06-20,0.009316712318557028
Exchange,JPY,USD,2008-06-21,0.00933663227673778
Exchange,JPY,USD,2008-06-22,0.00927179335026981
Exchange,JPY,USD,2008-06-23,0.009274975189441368
Exchange,JPY,USD,2008-06-24,0.009277298450691158
Exchange,JPY,USD,2008-06-25,0.009362068642687288
Exchange,JPY,USD,2008-06-26,0.009421252461302206
Exchange,JPY,USD,2008-06-27,0.009423471984017792
Exchange,JPY,USD,2008-06-28,0.009416373189702254
Exchange,JPY,USD,2008-06-29,0.009415043356274657
Exchange,JPY,USD,2008-06-30,0.00942240648261566
Exchange,JPY,USD,2008-07-01,0.009443227317367983
Exchange,JPY,USD,2008-07-02,0.009369612472828125
Exchange,JPY,USD,2008-07-03,0.009362857544122466
Exchange,JPY,USD,2008-07-05,0.009367242752095922
Exchange,JPY,USD,2008-07-06,0.009330011849115048
Exchange,JPY,USD,2008-07-07,0.00930197946122935
Exchange,JPY,USD,2008-07-08,0.009366628575710459
Exchange,JPY,USD,2008-07-09,0.009339335412892018
Exchange,JPY,USD,2008-07-10,0.009409550693954364
Exchange,JPY,USD,2008-07-12,0.009431204081825127
Exchange,JPY,USD,2008-07-13,0.009421163702140488
Exchange,JPY,USD,2008-07-14,0.009548362455838823
Exchange,JPY,USD,2008-07-15,0.009512394650229248
Exchange,JPY,USD,2008-07-16,0.009408665380815731
Exchange,JPY,USD,2008-07-17,0.009349202045605408
Exchange,JPY,USD,2008-07-18,0.009351825008650439
Exchange,JPY,USD,2008-07-19,0.009354274435703394
Exchange,JPY,USD,2008-07-20,0.00939319932368965
Exchange,JPY,USD,2008-07-21,0.009317927692881103
Exchange,JPY,USD,2008-07-22,0.009268355979016442
Exchange,JPY,USD,2008-07-23,0.009317927692881103
Exchange,JPY,USD,2008-07-24,0.009273169012778427
Exchange,JPY,USD,2008-07-26,0.009278331384883742
Exchange,JPY,USD,2008-07-27,0.009305701603372386
Exchange,JPY,USD,2008-07-28,0.009249838127832763
Exchange,JPY,USD,2008-07-29,0.009247614115558186
Exchange,JPY,USD,2008-07-30,0.009266809993327896
Exchange,JPY,USD,2008-07-31,0.009286344430514928
Exchange,JPY,USD,2008-08-01,0.009286344430514928
Exchange,JPY,USD,2008-08-02,0.009284878646636088
Exchange,JPY,USD,2008-08-03,0.00923599822668834
Exchange,JPY,USD,2008-08-04,0.00922986044451008
Exchange,JPY,USD,2008-08-05,0.009108297659167501
Exchange,JPY,USD,2008-08-06,0.009137593888777207
Exchange,JPY,USD,2008-08-07,0.009077128359672134
Exchange,JPY,USD,2008-08-09,0.009066429730636373
Exchange,JPY,USD,2008-08-10,0.009086035671776047
Exchange,JPY,USD,2008-08-11,0.009150805270863836
Exchange,JPY,USD,2008-08-12,0.009130085457599883
Exchange,JPY,USD,2008-08-13,0.00911352720843548
Exchange,JPY,USD,2008-08-14,0.0090479723493965
Exchange,JPY,USD,2008-08-15,0.009048136083966703
Exchange,JPY,USD,2008-08-16,0.009046089827671988
Exchange,JPY,USD,2008-08-17,0.009080342873746913
Exchange,JPY,USD,2008-08-18,0.009113776384382632
Exchange,JPY,USD,2008-08-19,0.00910265979719274
Exchange,JPY,USD,2008-08-20,0.009222029584270906
Exchange,JPY,USD,2008-08-21,0.009085788010394141
Exchange,JPY,USD,2008-08-22,0.00908554036251306
Exchange,JPY,USD,2008-08-23,0.009084054758682085
Exchange,JPY,USD,2008-08-24,0.009148544923929849
Exchange,JPY,USD,2008-08-25,0.009123921096330359
Exchange,JPY,USD,2008-08-26,0.009133754703883673
Exchange,JPY,USD,2008-08-27,0.009133087348847404
Exchange,JPY,USD,2008-08-28,0.009190162849685697
Exchange,JPY,USD,2008-08-30,0.009222029584270906
Exchange,JPY,USD,2008-08-31,0.009246930019233613
Exchange,JPY,USD,2008-09-01,0.009207509644866354
Exchange,JPY,USD,2008-09-02,0.00923446301597562
Exchange,JPY,USD,2008-09-03,0.009339248190520663
Exchange,JPY,USD,2008-09-04,0.009281431568005049
Exchange,JPY,USD,2008-09-05,0.009281431568005049
Exchange,JPY,USD,2008-09-06,0.00919963201471941
Exchange,JPY,USD,2008-09-07,0.00923548643307043
Exchange,JPY,USD,2008-09-08,0.009363208209660958
Exchange,JPY,USD,2008-09-09,0.009284878646636088
Exchange,JPY,USD,2008-09-10,0.009330708294066603
Exchange,JPY,USD,2008-09-11,0.009263977025336977
Exchange,JPY,USD,2008-09-13,0.009477325498744254
Exchange,JPY,USD,2008-09-14,0.009553196977368476
Exchange,JPY,USD,2008-09-15,0.00946521533364884
Exchange,JPY,USD,2008-09-16,0.009554931300043952
Exchange,JPY,USD,2008-09-17,0.009482897594188881
Exchange,JPY,USD,2008-09-18,0.009306481033391654
Exchange,JPY,USD,2008-09-19,0.009304749143963079
Exchange,JPY,USD,2008-09-20,0.009359790340696368
Exchange,JPY,USD,2008-09-21,0.009477774618519572
Exchange,JPY,USD,2008-09-22,0.009473464825025105
Exchange,JPY,USD,2008-09-23,0.009423916014060483
Exchange,JPY,USD,2008-09-24,0.009385265133740028
Exchange,JPY,USD,2008-09-25,0.009433072351664937
Exchange,JPY,USD,2008-09-27,0.009427025396406418
Exchange,JPY,USD,2008-09-28,0.009599692809830085
Exchange,JPY,USD,2008-09-29,0.009423738397022098
Exchange,JPY,USD,2008-09-30,0.009459395544624698
Exchange,JPY,USD,2008-10-01,0.00949415160261279
Exchange,JPY,USD,2008-10-02,0.0094948727687049
Exchange,JPY,USD,2008-10-03,0.0094948727687049
Exchange,JPY,USD,2008-10-04,0.0095297088673941
Exchange,JPY,USD,2008-10-05,0.009820288716488264
Exchange,JPY,USD,2008-10-06,0.009854158454867954
Exchange,JPY,USD,2008-10-07,0.010086237329164355
Exchange,JPY,USD,2008-10-08,0.010017229634972152
Exchange,JPY,USD,2008-10-09,0.009933445912387007
Exchange,JPY,USD,2008-10-10,0.009933445912387007
Exchange,JPY,USD,2008-10-11,0.009924573243350535
Exchange,JPY,USD,2008-10-12,0.00980276830176842
Exchange,JPY,USD,2008-10-13,0.009796142279170462
Exchange,JPY,USD,2008-10-14,0.010005002501250625
Exchange,JPY,USD,2008-10-15,0.009844942160964805
Exchange,JPY,USD,2008-10-16,0.009835065944117155
Exchange,JPY,USD,2008-10-18,0.009843973027513905
Exchange,JPY,USD,2008-10-19,0.009814987485890955
Exchange,JPY,USD,2008-10-20,0.009986019572598362
Exchange,JPY,USD,2008-10-21,0.010239082578200992
Exchange,JPY,USD,2008-10-22,0.010270947597625358
Exchange,JPY,USD,2008-10-23,0.01060389162822756
Exchange,JPY,USD,2008-10-24,0.01060389162822756
Exchange,JPY,USD,2008-10-25,0.010679995300802068
Exchange,JPY,USD,2008-10-26,0.010778184953653805
Exchange,JPY,USD,2008-10-27,0.0102014792144861
Exchange,JPY,USD,2008-10-28,0.010268100093439711
Exchange,JPY,USD,2008-10-29,0.010140959334753067
Exchange,JPY,USD,2008-10-30,0.010153624336206809
Exchange,JPY,USD,2008-11-01,0.010137361244867962
Exchange,JPY,USD,2008-11-02,0.010088781275221953
Exchange,JPY,USD,2008-11-03,0.010028983763075287
Exchange,JPY,USD,2008-11-04,0.010209290454313425
Exchange,JPY,USD,2008-11-05,0.010229969719289632
Exchange,JPY,USD,2008-11-06,0.010179153094462542
Exchange,JPY,USD,2008-11-08,0.010067451927917045
Exchange,JPY,USD,2008-11-09,0.010203040506070809
Exchange,JPY,USD,2008-11-10,0.0102405505319966
Exchange,JPY,USD,2008-11-11,0.010524100189433803
Exchange,JPY,USD,2008-11-12,0.010233214969146856
Exchange,JPY,USD,2008-11-13,0.010301844030081385
Exchange,JPY,USD,2008-11-15,0.010423941709317961
Exchange,JPY,USD,2008-11-16,0.010370431824781184
Exchange,JPY,USD,2008-11-17,0.010306622004637979
Exchange,JPY,USD,2008-11-18,0.010445391493273167
Exchange,JPY,USD,2008-11-19,0.010672358591248666
Exchange,JPY,USD,2008-11-20,0.010421008753647354
Exchange,JPY,USD,2008-11-22,0.010433294730142833
Exchange,JPY,USD,2008-11-23,0.010273585584104707
Exchange,JPY,USD,2008-11-24,0.010499900250947616
Exchange,JPY,USD,2008-11-25,0.010452378961451627
Exchange,JPY,USD,2008-11-26,0.010509721492380452
Exchange,JPY,USD,2008-11-27,0.010468463752944255
Exchange,JPY,USD,2008-11-28,0.010468463752944255
Exchange,JPY,USD,2008-11-29,0.010472300764477957
Exchange,JPY,USD,2008-11-30,0.010730534809854924
Exchange,JPY,USD,2008-12-01,0.010731686377197312
Exchange,JPY,USD,2008-12-02,0.010718113612004287
Exchange,JPY,USD,2008-12-03,0.010842106404432252
Exchange,JPY,USD,2008-12-04,0.010772031497420098
Exchange,JPY,USD,2008-12-05,0.010776442696265962
Exchange,JPY,USD,2008-12-06,0.010769479295676053
Exchange,JPY,USD,2008-12-07,0.010774701002047193
Exchange,JPY,USD,2008-12-08,0.010851871947911014
Exchange,JPY,USD,2008-12-09,0.010781206201349806
Exchange,JPY,USD,2008-12-10,0.010933143825507025
Exchange,JPY,USD,2008-12-11,0.010966475484444054
Exchange,JPY,USD,2008-12-13,0.010946907498631636
Exchange,JPY,USD,2008-12-14,0.011032048099729715
Exchange,JPY,USD,2008-12-15,0.011229015776767165
Exchange,JPY,USD,2008-12-16,0.011463157412077582
Exchange,JPY,USD,2008-12-17,0.011180679785330949
Exchange,JPY,USD,2008-12-18,0.011196954428395476
Exchange,JPY,USD,2008-12-20,0.011220825852782765
Exchange,JPY,USD,2008-12-21,0.011082051509375416
Exchange,JPY,USD,2008-12-22,0.010990701866221177
Exchange,JPY,USD,2008-12-23,0.011053998784060133
Exchange,JPY,USD,2008-12-24,0.011068068622025458
Exchange,JPY,USD,2008-12-25,0.011012003083360863
Exchange,JPY,USD,2008-12-26,0.011013822347045541
Exchange,JPY,USD,2008-12-27,0.011022441691283453
Exchange,JPY,USD,2008-12-28,0.011027790030877812
Exchange,JPY,USD,2008-12-29,0.011071132023249377
Exchange,JPY,USD,2008-12-30,0.011036065863241072
Exchange,JPY,USD,2008-12-31,0.011019283746556474
Exchange,JPY,USD,2009-01-01,0.010889924641721479
Exchange,JPY,USD,2009-01-03,0.010877250231141567
Exchange,JPY,USD,2009-01-04,0.010704345964461572
Exchange,JPY,USD,2009-01-05,0.010678512696751597
Exchange,JPY,USD,2009-01-06,0.010793308148947653
Exchange,JPY,USD,2009-01-07,0.010964671827372208
Exchange,JPY,USD,2009-01-08,0.011063415497632428
Exchange,JPY,USD,2009-01-09,0.011062191641407997
Exchange,JPY,USD,2009-01-10,0.011094715586965929
Exchange,JPY,USD,2009-01-11,0.011208751793400288
Exchange,JPY,USD,2009-01-12,0.011188310453238455
Exchange,JPY,USD,2009-01-13,0.011228637517123672
Exchange,JPY,USD,2009-01-14,0.011130899376669634
Exchange,JPY,USD,2009-01-15,0.01102049812651532
Exchange,JPY,USD,2009-01-17,0.010991426687183996
Exchange,JPY,USD,2009-01-18,0.011031804692929716
Exchange,JPY,USD,2009-01-19,0.011140571734141395
Exchange,JPY,USD,2009-01-20,0.011174682639013053
Exchange,JPY,USD,2009-01-21,0.011246316831237769
Exchange,JPY,USD,2009-01-22,0.011264051904751176
Exchange,JPY,USD,2009-01-24,0.011267859557398476
Exchange,JPY,USD,2009-01-25,0.011224100388353874
Exchange,JPY,USD,2009-01-26,0.011242018167101358
Exchange,JPY,USD,2009-01-27,0.01107493299665537
Exchange,JPY,USD,2009-01-28,0.011106668443733618
Exchange,JPY,USD,2009-01-29,0.011119512520571098
Exchange,JPY,USD,2009-01-31,0.011108765927193148
Exchange,JPY,USD,2009-02-01,0.01117980480060818
Exchange,JPY,USD,2009-02-02,0.01118042977572058
Exchange,JPY,USD,2009-02-03,0.01118155490702537
Exchange,JPY,USD,2009-02-04,0.010961426739304388
Exchange,JPY,USD,2009-02-05,0.010882340138423367
Exchange,JPY,USD,2009-02-07,0.01089538253688087
Exchange,JPY,USD,2009-02-08,0.010934219734079776
Exchange,JPY,USD,2009-02-09,0.01105277701022382
Exchange,JPY,USD,2009-02-10,0.011062681151403854
Exchange,JPY,USD,2009-02-11,0.010996019440962372
Exchange,JPY,USD,2009-02-12,0.010886368089877854
Exchange,JPY,USD,2009-02-14,0.010902390894323126
Exchange,JPY,USD,2009-02-15,0.01090001417001842
Exchange,JPY,USD,2009-02-16,0.010821339681852614
Exchange,JPY,USD,2009-02-17,0.0106631407214681
Exchange,JPY,USD,2009-02-18,0.010616500164555754
Exchange,JPY,USD,2009-02-19,0.010713290908701335
Exchange,JPY,USD,2009-02-21,0.010703773080010704
Exchange,JPY,USD,2009-02-22,0.010569483786411872
Exchange,JPY,USD,2009-02-23,0.010347146774276993
Exchange,JPY,USD,2009-02-24,0.01026736210932687
Exchange,JPY,USD,2009-02-25,0.010150635429777904
Exchange,JPY,USD,2009-02-26,0.010246951531919254
Exchange,JPY,USD,2009-02-28,0.010231016349164125
Exchange,JPY,USD,2009-03-01,0.010262093877634793
Exchange,JPY,USD,2009-03-02,0.010186618857468828
Exchange,JPY,USD,2009-03-03,0.010085118399290008
Exchange,JPY,USD,2009-03-04,0.01019742209169522
Exchange,JPY,USD,2009-03-05,0.010178013455333788
Exchange,JPY,USD,2009-03-07,0.010165804267604632
Exchange,JPY,USD,2009-03-08,0.010116542570411136
Exchange,JPY,USD,2009-03-09,0.010134895458553346
Exchange,JPY,USD,2009-03-10,0.010279816608071712
Exchange,JPY,USD,2009-03-11,0.010233214969146856
Exchange,JPY,USD,2009-03-12,0.010207935649173668
Exchange,JPY,USD,2009-03-13,0.010207935649173668
Exchange,JPY,USD,2009-03-14,0.010188487009679063
Exchange,JPY,USD,2009-03-15,0.010185373803218578
Exchange,JPY,USD,2009-03-16,0.010143633855392355
Exchange,JPY,USD,2009-03-17,0.010388531061707874
Exchange,JPY,USD,2009-03-18,0.010580890911014707
Exchange,JPY,USD,2009-03-19,0.010422637969670124
Exchange,JPY,USD,2009-03-20,0.010422637969670124
Exchange,JPY,USD,2009-03-21,0.01045423657937379
Exchange,JPY,USD,2009-03-22,0.010313531353135313
Exchange,JPY,USD,2009-03-23,0.010217844443536192
Exchange,JPY,USD,2009-03-24,0.010251573616550139
Exchange,JPY,USD,2009-03-25,0.01012924922004781
Exchange,JPY,USD,2009-03-26,0.010217531240101767
Exchange,JPY,USD,2009-03-27,0.0102183664919326
Exchange,JPY,USD,2009-03-28,0.010198878123406425
Exchange,JPY,USD,2009-03-29,0.010282141975816401
Exchange,JPY,USD,2009-03-30,0.010105501434981203
Exchange,JPY,USD,2009-03-31,0.010150326332991606
Exchange,JPY,USD,2009-04-01,0.010047524792267426
Exchange,JPY,USD,2009-04-02,0.009968698287377635
Exchange,JPY,USD,2009-04-04,0.009984424298094971
Exchange,JPY,USD,2009-04-05,0.009901480271300559
Exchange,JPY,USD,2009-04-06,0.0099589690475242
Exchange,JPY,USD,2009-04-07,0.010025866736179343
Exchange,JPY,USD,2009-04-08,0.00995817566221868
Exchange,JPY,USD,2009-04-09,0.00997506234413965
Exchange,JPY,USD,2009-04-11,0.00996482417067751
Exchange,JPY,USD,2009-04-12,0.009990708640963903
Exchange,JPY,USD,2009-04-13,0.01010243872870911
Exchange,JPY,USD,2009-04-14,0.010062690562202522
Exchange,JPY,USD,2009-04-15,0.010073638295943346
Exchange,JPY,USD,2009-04-16,0.010084609876866914
Exchange,JPY,USD,2009-04-18,0.010079019512981778
Exchange,JPY,USD,2009-04-19,0.010215756783262503
Exchange,JPY,USD,2009-04-20,0.010128633647320976
Exchange,JPY,USD,2009-04-21,0.010202415932092718
Exchange,JPY,USD,2009-04-22,0.010209498917793115
Exchange,JPY,USD,2009-04-23,0.010291453976617815
Exchange,JPY,USD,2009-04-25,0.010329618114018325
Exchange,JPY,USD,2009-04-26,0.010333567560864712
Exchange,JPY,USD,2009-04-27,0.010368281353682814
Exchange,JPY,USD,2009-04-28,0.010240026214467108
Exchange,JPY,USD,2009-04-29,0.01013890297069857
Exchange,JPY,USD,2009-04-30,0.010089392013237282
Exchange,JPY,USD,2009-05-01,0.010084508178536133
Exchange,JPY,USD,2009-05-02,0.010075465234607207
Exchange,JPY,USD,2009-05-03,0.010122482032594391
Exchange,JPY,USD,2009-05-04,0.010120228312350727
Exchange,JPY,USD,2009-05-05,0.010170870626525632
Exchange,JPY,USD,2009-05-06,0.010089697409974674
Exchange,JPY,USD,2009-05-07,0.010156202392801284
Exchange,JPY,USD,2009-05-09,0.010137361244867962
Exchange,JPY,USD,2009-05-10,0.01025788318322631
Exchange,JPY,USD,2009-05-11,0.010368281353682814
Exchange,JPY,USD,2009-05-12,0.010492408742274964
Exchange,JPY,USD,2009-05-13,0.010438195444771507
Exchange,JPY,USD,2009-05-14,0.010503319048819426
Exchange,JPY,USD,2009-05-16,0.010537851964255607
Exchange,JPY,USD,2009-05-17,0.01038356904035055
Exchange,JPY,USD,2009-05-18,0.010420682971561956
Exchange,JPY,USD,2009-05-19,0.010538518284329224
Exchange,JPY,USD,2009-05-20,0.010592098294672175
Exchange,JPY,USD,2009-05-21,0.010549858631894332
Exchange,JPY,USD,2009-05-22,0.010550971744497668
Exchange,JPY,USD,2009-05-23,0.010565240359218171
Exchange,JPY,USD,2009-05-24,0.010545408529126417
Exchange,JPY,USD,2009-05-25,0.01052343569128449
Exchange,JPY,USD,2009-05-26,0.01048833696929015
Exchange,JPY,USD,2009-05-27,0.01032290032207449
Exchange,JPY,USD,2009-05-28,0.01048767697954903
Exchange,JPY,USD,2009-05-29,0.010488556984330096
Exchange,JPY,USD,2009-05-30,0.010508727498187244
Exchange,JPY,USD,2009-05-31,0.010357113265390669
Exchange,JPY,USD,2009-06-01,0.010441683199331732
Exchange,JPY,USD,2009-06-02,0.010417968912780764
Exchange,JPY,USD,2009-06-03,0.01035496831379696
Exchange,JPY,USD,2009-06-04,0.010135819987837016
Exchange,JPY,USD,2009-06-06,0.010141987829614604
Exchange,JPY,USD,2009-06-07,0.01015393363388977
Exchange,JPY,USD,2009-06-08,0.010268416404822048
Exchange,JPY,USD,2009-06-09,0.010192225370487392
Exchange,JPY,USD,2009-06-10,0.010242543428384135
Exchange,JPY,USD,2009-06-11,0.010161155933098949
Exchange,JPY,USD,2009-06-13,0.010159710651440647
Exchange,JPY,USD,2009-06-14,0.01022160438302396
Exchange,JPY,USD,2009-06-15,0.010374843080498408
Exchange,JPY,USD,2009-06-16,0.010443864229765013
Exchange,JPY,USD,2009-06-17,0.010361835288266258
Exchange,JPY,USD,2009-06-18,0.0103868046034318
Exchange,JPY,USD,2009-06-19,0.010387128270647014
Exchange,JPY,USD,2009-06-20,0.010396199149590911
Exchange,JPY,USD,2009-06-21,0.010431335732540552
Exchange,JPY,USD,2009-06-22,0.010502215967569157
Exchange,JPY,USD,2009-06-23,0.010454127289453876
Exchange,JPY,USD,2009-06-24,0.010421443161448997
Exchange,JPY,USD,2009-06-25,0.010505084460879065
Exchange,JPY,USD,2009-06-26,0.010505084460879065
Exchange,JPY,USD,2009-06-27,0.010511931041732366
Exchange,JPY,USD,2009-06-28,0.010410268689034864
Exchange,JPY,USD,2009-06-29,0.010378073206928401
Exchange,JPY,USD,2009-06-30,0.01034586217242414
Exchange,JPY,USD,2009-07-01,0.010423181154888472
Exchange,JPY,USD,2009-07-02,0.010412328196584756
Exchange,JPY,USD,2009-07-04,0.010403553853996526
Exchange,JPY,USD,2009-07-05,0.01048723703253141
Exchange,JPY,USD,2009-07-06,0.010538074061584505
Exchange,JPY,USD,2009-07-07,0.010765653259839806
Exchange,JPY,USD,2009-07-08,0.010752456936409971
Exchange,JPY,USD,2009-07-09,0.01080216907555037
Exchange,JPY,USD,2009-07-11,0.010825205408272623
Exchange,JPY,USD,2009-07-12,0.010755001075500106
Exchange,JPY,USD,2009-07-13,0.01069415778160391
Exchange,JPY,USD,2009-07-14,0.010612669404735372
Exchange,JPY,USD,2009-07-15,0.010646565950152778
Exchange,JPY,USD,2009-07-16,0.010616951024004928
Exchange,JPY,USD,2009-07-18,0.010608953957139825
Exchange,JPY,USD,2009-07-19,0.01061627474919051
Exchange,JPY,USD,2009-07-20,0.010666666666666666
Exchange,JPY,USD,2009-07-21,0.010675776662752216
Exchange,JPY,USD,2009-07-22,0.010533079135023542
Exchange,JPY,USD,2009-07-23,0.010548634479266659
Exchange,JPY,USD,2009-07-25,0.010543073727714578
Exchange,JPY,USD,2009-07-26,0.010505967389477223
Exchange,JPY,USD,2009-07-27,0.010576862056565058
Exchange,JPY,USD,2009-07-28,0.010527423939362039
Exchange,JPY,USD,2009-07-29,0.010465067604336725
Exchange,JPY,USD,2009-07-30,0.010561446495712053
Exchange,JPY,USD,2009-08-01,0.010551305724083354
Exchange,JPY,USD,2009-08-02,0.0104974753571766
Exchange,JPY,USD,2009-08-03,0.01050023100508211
Exchange,JPY,USD,2009-08-04,0.01052975181374975
Exchange,JPY,USD,2009-08-05,0.01047559187094071
Exchange,JPY,USD,2009-08-06,0.010249577204940297
Exchange,JPY,USD,2009-08-07,0.010249577204940297
Exchange,JPY,USD,2009-08-08,0.010240026214467108
Exchange,JPY,USD,2009-08-09,0.010293148880105402
Exchange,JPY,USD,2009-08-10,0.010417751849150954
Exchange,JPY,USD,2009-08-11,0.010411135750799055
Exchange,JPY,USD,2009-08-12,0.010473068504341087
Exchange,JPY,USD,2009-08-13,0.010533301031210172
Exchange,JPY,USD,2009-08-15,0.01055620652162439
Exchange,JPY,USD,2009-08-16,0.010580890911014707
Exchange,JPY,USD,2009-08-17,0.010560777273207308
Exchange,JPY,USD,2009-08-18,0.01062947766746742
Exchange,JPY,USD,2009-08-19,0.010616387455676581
Exchange,JPY,USD,2009-08-20,0.01059490385124755
Exchange,JPY,USD,2009-08-22,0.010596138767033294
Exchange,JPY,USD,2009-08-23,0.01057551978679752
Exchange,JPY,USD,2009-08-24,0.010617401921749748
Exchange,JPY,USD,2009-08-25,0.010608503776627346
Exchange,JPY,USD,2009-08-26,0.010691756655618518
Exchange,JPY,USD,2009-08-27,0.010684902233144566
Exchange,JPY,USD,2009-08-29,0.010721790967963288
Exchange,JPY,USD,2009-08-30,0.010737678513905294
Exchange,JPY,USD,2009-08-31,0.010761714125825961
Exchange,JPY,USD,2009-09-01,0.010844810758052272
Exchange,JPY,USD,2009-09-02,0.010794822802983689
Exchange,JPY,USD,2009-09-03,0.010751878890836173
Exchange,JPY,USD,2009-09-05,0.010755810826799179
Exchange,JPY,USD,2009-09-06,0.01074379277372498
Exchange,JPY,USD,2009-09-07,0.010832123746181676
Exchange,JPY,USD,2009-09-08,0.010865549688158723
Exchange,JPY,USD,2009-09-09,0.010900489431975495
Exchange,JPY,USD,2009-09-10,0.011023292216453366
Exchange,JPY,USD,2009-09-11,0.011022563186843469
Exchange,JPY,USD,2009-09-12,0.011073829219405779
Exchange,JPY,USD,2009-09-13,0.010996986825609784
Exchange,JPY,USD,2009-09-14,0.010985389432055365
Exchange,JPY,USD,2009-09-15,0.01099650311201038
Exchange,JPY,USD,2009-09-16,0.010978876641342058
Exchange,JPY,USD,2009-09-17,0.010953262429214542
Exchange,JPY,USD,2009-09-18,0.010953982320272535
Exchange,JPY,USD,2009-09-19,0.010949424607736864
Exchange,JPY,USD,2009-09-20,0.010878433505575198
Exchange,JPY,USD,2009-09-21,0.010977430403091244
Exchange,JPY,USD,2009-09-22,0.010955902492467817
Exchange,JPY,USD,2009-09-23,0.01095710294198214
Exchange,JPY,USD,2009-09-24,0.011155609598286497
Exchange,JPY,USD,2009-09-25,0.011153245594467991
Exchange,JPY,USD,2009-09-26,0.011167694094523364
Exchange,JPY,USD,2009-09-27,0.011156978690170702
Exchange,JPY,USD,2009-09-28,0.011100627185435977
Exchange,JPY,USD,2009-09-29,0.01114665656036472
Exchange,JPY,USD,2009-09-30,0.011160216061782956
Exchange,JPY,USD,2009-10-01,0.01113536145383279
Exchange,JPY,USD,2009-10-02,0.011135485451488259
Exchange,JPY,USD,2009-10-03,0.011191065053661157
Exchange,JPY,USD,2009-10-04,0.011166945840312675
Exchange,JPY,USD,2009-10-05,0.011258472000180136
Exchange,JPY,USD,2009-10-06,0.011286936499695253
Exchange,JPY,USD,2009-10-07,0.01131298504423377
Exchange,JPY,USD,2009-10-08,0.011138710360114506
Exchange,JPY,USD,2009-10-09,0.011142930367828131
Exchange,JPY,USD,2009-10-10,0.011167818813307572
Exchange,JPY,USD,2009-10-11,0.011132386338335486
Exchange,JPY,USD,2009-10-12,0.011147650632629173
Exchange,JPY,USD,2009-10-13,0.011180054782268434
Exchange,JPY,USD,2009-10-14,0.011043256435457689
Exchange,JPY,USD,2009-10-15,0.011002673649696875
Exchange,JPY,USD,2009-10-16,0.011003036838167335
Exchange,JPY,USD,2009-10-17,0.010980684975128748
Exchange,JPY,USD,2009-10-18,0.011043744271057658
Exchange,JPY,USD,2009-10-19,0.011017098536929315
Exchange,JPY,USD,2009-10-20,0.010990581072021279
Exchange,JPY,USD,2009-10-21,0.010954462300217993
Exchange,JPY,USD,2009-10-22,0.01086307099016892
Exchange,JPY,USD,2009-10-24,0.010852460795485377
Exchange,JPY,USD,2009-10-25,0.010846575193882532
Exchange,JPY,USD,2009-10-26,0.010894195572598919
Exchange,JPY,USD,2009-10-27,0.011018798069506577
Exchange,JPY,USD,2009-10-28,0.01093936311027972
Exchange,JPY,USD,2009-10-29,0.011099887891132301
Exchange,JPY,USD,2009-10-31,0.011152126152851041
Exchange,JPY,USD,2009-11-01,0.011084631158898187
Exchange,JPY,USD,2009-11-02,0.011070029003475989
Exchange,JPY,USD,2009-11-03,0.011022198708198311
Exchange,JPY,USD,2009-11-04,0.011023413730764143
Exchange,JPY,USD,2009-11-05,0.011126317077784083
Exchange,JPY,USD,2009-11-06,0.011124955500177999
Exchange,JPY,USD,2009-11-07,0.011109136153572698
Exchange,JPY,USD,2009-11-08,0.011120007116804555
Exchange,JPY,USD,2009-11-09,0.01113536145383279
Exchange,JPY,USD,2009-11-10,0.01112470797641562
Exchange,JPY,USD,2009-11-11,0.011065619121389841
Exchange,JPY,USD,2009-11-12,0.01115374319621665
Exchange,JPY,USD,2009-11-13,0.011156480799696543
Exchange,JPY,USD,2009-11-14,0.011162832233794358
Exchange,JPY,USD,2009-11-15,0.011229898481717725
Exchange,JPY,USD,2009-11-16,0.011204230717518936
Exchange,JPY,USD,2009-11-17,0.011196954428395476
Exchange,JPY,USD,2009-11-18,0.011239238429204037
Exchange,JPY,USD,2009-11-19,0.011250492209034145
Exchange,JPY,USD,2009-11-20,0.011250112501125011
Exchange,JPY,USD,2009-11-21,0.011257077887721905
Exchange,JPY,USD,2009-11-22,0.011239238429204037
Exchange,JPY,USD,2009-11-23,0.011299945760260352
Exchange,JPY,USD,2009-11-24,0.011448327971699732
Exchange,JPY,USD,2009-11-25,0.011549477963596046
Exchange,JPY,USD,2009-11-26,0.011556017796267406
Exchange,JPY,USD,2009-11-27,0.011554549025951516
Exchange,JPY,USD,2009-11-28,0.0115438782813474
Exchange,JPY,USD,2009-11-29,0.011573538262117496
Exchange,JPY,USD,2009-11-30,0.011535355865728458
Exchange,JPY,USD,2009-12-01,0.011444135452787219
Exchange,JPY,USD,2009-12-02,0.01132926235172828
Exchange,JPY,USD,2009-12-03,0.011043378390317165
Exchange,JPY,USD,2009-12-04,0.011042402826855124
Exchange,JPY,USD,2009-12-05,0.011088687321194916
Exchange,JPY,USD,2009-12-06,0.011171936096525528
Exchange,JPY,USD,2009-12-07,0.011308635273895147
Exchange,JPY,USD,2009-12-08,0.011380448389666552
Exchange,JPY,USD,2009-12-09,0.011337354314997054
Exchange,JPY,USD,2009-12-10,0.011223092635406611
Exchange,JPY,USD,2009-12-11,0.011226872642356745
Exchange,JPY,USD,2009-12-12,0.01124050177599928
Exchange,JPY,USD,2009-12-13,0.011284134506883321
Exchange,JPY,USD,2009-12-14,0.01115959334441853
Exchange,JPY,USD,2009-12-15,0.011138090040319886
Exchange,JPY,USD,2009-12-16,0.011115433779803256
Exchange,JPY,USD,2009-12-17,0.011049845854650329
Exchange,JPY,USD,2009-12-18,0.011051799785595083
Exchange,JPY,USD,2009-12-19,0.011077018509697929
Exchange,JPY,USD,2009-12-20,0.010967557963543838
Exchange,JPY,USD,2009-12-21,0.010888620302921417
Exchange,JPY,USD,2009-12-22,0.010912860806460412
Exchange,JPY,USD,2009-12-23,0.010922754281719677
Exchange,JPY,USD,2009-12-24,0.01094415199238287
Exchange,JPY,USD,2009-12-26,0.010936970240503975
Exchange,JPY,USD,2009-12-27,0.010913098992720964
Exchange,JPY,USD,2009-12-28,0.010869447071227487
Exchange,JPY,USD,2009-12-29,0.010817944806845597
Exchange,JPY,USD,2009-12-30,0.010749682884354912
Exchange,JPY,USD,2009-12-31,0.010747256762711318
Exchange,JPY,USD,2010-01-02,0.010754307099993548
Exchange,JPY,USD,2010-01-03,0.010809759050470765
Exchange,JPY,USD,2010-01-04,0.010904649742650267
Exchange,JPY,USD,2010-01-05,0.010831889081455806
Exchange,JPY,USD,2010-01-06,0.010710307600034273
Exchange,JPY,USD,2010-01-07,0.010792026850562804
Exchange,JPY,USD,2010-01-08,0.010791677458344124
Exchange,JPY,USD,2010-01-09,0.010800185763195127
Exchange,JPY,USD,2010-01-10,0.010858824423667894
Exchange,JPY,USD,2010-01-11,0.010991789133517262
Exchange,JPY,USD,2010-01-12,0.010943672915503902
Exchange,JPY,USD,2010-01-13,0.010963830323761909
Exchange,JPY,USD,2010-01-14,0.011016491688057023
Exchange,JPY,USD,2010-01-16,0.011016491688057023
Exchange,JPY,USD,2010-01-17,0.011015642211940955
Exchange,JPY,USD,2010-01-18,0.010971167771097556
Exchange,JPY,USD,2010-01-19,0.010960465600578713
Exchange,JPY,USD,2010-01-20,0.011057421188230481
Exchange,JPY,USD,2010-01-21,0.011132386338335486
Exchange,JPY,USD,2010-01-22,0.011132138483802739
Exchange,JPY,USD,2010-01-23,0.011079104808331486
Exchange,JPY,USD,2010-01-24,0.011076527730087172
Exchange,JPY,USD,2010-01-25,0.011153618791616941
Exchange,JPY,USD,2010-01-26,0.011110370419749794
Exchange,JPY,USD,2010-01-27,0.011121491169536011
Exchange,JPY,USD,2010-01-28,0.0110783683779053
Exchange,JPY,USD,2010-01-29,0.011077509332801614
Exchange,JPY,USD,2010-01-30,0.011122728182768668
Exchange,JPY,USD,2010-01-31,0.011035700491088672
Exchange,JPY,USD,2010-02-01,0.011063660301374107
Exchange,JPY,USD,2010-02-02,0.010991789133517262
Exchange,JPY,USD,2010-02-03,0.011230529070224498
Exchange,JPY,USD,2010-02-04,0.011204607334535962
Exchange,JPY,USD,2010-02-05,0.011205235085832101
Exchange,JPY,USD,2010-02-06,0.0111724353674614
Exchange,JPY,USD,2010-02-07,0.011203477559434448
Exchange,JPY,USD,2010-02-08,0.01114951499609767
Exchange,JPY,USD,2010-02-09,0.011118152607762695
Exchange,JPY,USD,2010-02-10,0.0111404476231855
Exchange,JPY,USD,2010-02-11,0.011116793027547414
Exchange,JPY,USD,2010-02-12,0.011119759813188034
Exchange,JPY,USD,2010-02-13,0.011095700416088766
Exchange,JPY,USD,2010-02-14,0.0111100001111
Exchange,JPY,USD,2010-02-15,0.011093361732339367
Exchange,JPY,USD,2010-02-16,0.010958063491019866
Exchange,JPY,USD,2010-02-17,0.010891703789223748
Exchange,JPY,USD,2010-02-18,0.0109274092205479
Exchange,JPY,USD,2010-02-19,0.01092669281788481
Exchange,JPY,USD,2010-02-20,0.010933263360447826
Exchange,JPY,USD,2010-02-21,0.01097201040146586
Exchange,JPY,USD,2010-02-22,0.011084385426250041
Exchange,JPY,USD,2010-02-23,0.011092869503483161
Exchange,JPY,USD,2010-02-24,0.011226116437279688
Exchange,JPY,USD,2010-02-25,0.011239743733842868
Exchange,JPY,USD,2010-02-26,0.011242776516088413
Exchange,JPY,USD,2010-02-27,0.011253657438667568
Exchange,JPY,USD,2010-02-28,0.011220322247654953
Exchange,JPY,USD,2010-03-01,0.011254290698328737
Exchange,JPY,USD,2010-03-02,0.011303905499350024
Exchange,JPY,USD,2010-03-03,0.011233430689732645
Exchange,JPY,USD,2010-03-04,0.011076405041979575
Exchange,JPY,USD,2010-03-05,0.011083402604599613
Exchange,JPY,USD,2010-03-06,0.011054120976299965
Exchange,JPY,USD,2010-03-07,0.011073583965450417
Exchange,JPY,USD,2010-03-08,0.011115433779803256
Exchange,JPY,USD,2010-03-09,0.011048258794414
Exchange,JPY,USD,2010-03-10,0.011048869148242676
Exchange,JPY,USD,2010-03-11,0.011042768642954162
Exchange,JPY,USD,2010-03-12,0.011042402826855124
Exchange,JPY,USD,2010-03-13,0.011008487543896344
Exchange,JPY,USD,2010-03-14,0.011046550162384287
Exchange,JPY,USD,2010-03-15,0.011073829219405779
Exchange,JPY,USD,2010-03-16,0.011073951850457354
Exchange,JPY,USD,2010-03-17,0.011064149941360004
Exchange,JPY,USD,2010-03-18,0.011044110176043115
Exchange,JPY,USD,2010-03-19,0.011042037034992215
Exchange,JPY,USD,2010-03-20,0.011049723756906077
Exchange,JPY,USD,2010-03-21,0.011093977079843354
Exchange,JPY,USD,2010-03-22,0.011061824537339188
Exchange,JPY,USD,2010-03-23,0.01083317986328527
Exchange,JPY,USD,2010-03-24,0.010783647676663108
Exchange,JPY,USD,2010-03-25,0.01080905799059612
Exchange,JPY,USD,2010-03-26,0.010808473843493299
Exchange,JPY,USD,2010-03-27,0.010814669017054733
Exchange,JPY,USD,2010-03-28,0.010814785975385547
Exchange,JPY,USD,2010-03-29,0.010780276406287058
Exchange,JPY,USD,2010-03-30,0.010699879091366268
Exchange,JPY,USD,2010-03-31,0.01065836735128913
Exchange,JPY,USD,2010-04-01,0.010569707219110032
Exchange,JPY,USD,2010-04-03,0.010562562055052073
Exchange,JPY,USD,2010-04-04,0.01059692477243104
Exchange,JPY,USD,2010-04-05,0.01066177646519463
Exchange,JPY,USD,2010-04-06,0.010712028536844023
Exchange,JPY,USD,2010-04-07,0.010708701891156754
Exchange,JPY,USD,2010-04-08,0.01073191672032625
Exchange,JPY,USD,2010-04-09,0.010731340881043086
Exchange,JPY,USD,2010-04-10,0.010755579456843238
Exchange,JPY,USD,2010-04-11,0.01072535581367912
Exchange,JPY,USD,2010-04-12,0.010729498610529931
Exchange,JPY,USD,2010-04-13,0.010726506269642914
Exchange,JPY,USD,2010-04-14,0.01074922068150059
Exchange,JPY,USD,2010-04-15,0.010848810970317653
Exchange,JPY,USD,2010-04-17,0.010885657058260036
Exchange,JPY,USD,2010-04-18,0.010822745081062362
Exchange,JPY,USD,2010-04-19,0.010727541891051084
Exchange,JPY,USD,2010-04-20,0.010731225720601806
Exchange,JPY,USD,2010-04-21,0.01069667440392782
Exchange,JPY,USD,2010-04-22,0.010641920653839605
Exchange,JPY,USD,2010-04-23,0.010641354431592052
Exchange,JPY,USD,2010-04-24,0.010637845198076677
Exchange,JPY,USD,2010-04-25,0.010642826734780758
Exchange,JPY,USD,2010-04-26,0.010722480753147048
Exchange,JPY,USD,2010-04-27,0.010634677556576485
Exchange,JPY,USD,2010-04-28,0.010634338278300633
Exchange,JPY,USD,2010-04-29,0.010654960416822052
Exchange,JPY,USD,2010-04-30,0.010657004316086748
Exchange,JPY,USD,2010-05-01,0.010653030787258974
Exchange,JPY,USD,2010-05-02,0.010578092769873593
Exchange,JPY,USD,2010-05-03,0.010577868982514782
Exchange,JPY,USD,2010-05-04,0.010659730735201628
Exchange,JPY,USD,2010-05-05,0.011043256435457689
Exchange,JPY,USD,2010-05-06,0.0109173881240652
Exchange,JPY,USD,2010-05-07,0.010925976509150505
Exchange,JPY,USD,2010-05-08,0.01081852997814657
Exchange,JPY,USD,2010-05-09,0.010717768989207207
Exchange,JPY,USD,2010-05-10,0.010793541144978845
Exchange,JPY,USD,2010-05-11,0.01072443562657515
Exchange,JPY,USD,2010-05-12,0.010781438675176816
Exchange,JPY,USD,2010-05-13,0.01081537080498805
Exchange,JPY,USD,2010-05-14,0.010815487778498811
Exchange,JPY,USD,2010-05-15,0.01083928590784439
Exchange,JPY,USD,2010-05-16,0.010800652359402507
Exchange,JPY,USD,2010-05-17,0.010842459069717012
Exchange,JPY,USD,2010-05-18,0.01090429302016204
Exchange,JPY,USD,2010-05-19,0.011150136589173217
Exchange,JPY,USD,2010-05-20,0.011110617305897515
Exchange,JPY,USD,2010-05-21,0.011109259567849803
Exchange,JPY,USD,2010-05-22,0.01107235785860599
Exchange,JPY,USD,2010-05-23,0.011075423634954036
Exchange,JPY,USD,2010-05-24,0.011082542778615126
Exchange,JPY,USD,2010-05-25,0.011120501757039276
Exchange,JPY,USD,2010-05-26,0.010983700188919643
Exchange,JPY,USD,2010-05-27,0.010981046713372718
Exchange,JPY,USD,2010-05-29,0.01098961481400077
Exchange,JPY,USD,2010-05-30,0.010956982885192732
Exchange,JPY,USD,2010-05-31,0.010995777621393385
Exchange,JPY,USD,2010-06-01,0.010854345537235832
Exchange,JPY,USD,2010-06-02,0.0107863229425089
Exchange,JPY,USD,2010-06-03,0.010879972147271303
Exchange,JPY,USD,2010-06-04,0.01087086499472763
Exchange,JPY,USD,2010-06-05,0.010896688496365955
Exchange,JPY,USD,2010-06-06,0.010944271768156547
Exchange,JPY,USD,2010-06-07,0.010933741526350318
Exchange,JPY,USD,2010-06-08,0.010953382404486504
Exchange,JPY,USD,2010-06-09,0.010948945069142589
Exchange,JPY,USD,2010-06-10,0.010910836642953782
Exchange,JPY,USD,2010-06-12,0.010884353741496598
Exchange,JPY,USD,2010-06-13,0.010920010920010919
Exchange,JPY,USD,2010-06-14,0.010935056698268981
Exchange,JPY,USD,2010-06-15,0.010936252583689673
Exchange,JPY,USD,2010-06-16,0.010988527976792228
Exchange,JPY,USD,2010-06-17,0.011024993660628644
Exchange,JPY,USD,2010-06-18,0.011023778289771037
Exchange,JPY,USD,2010-06-19,0.01106941630967799
Exchange,JPY,USD,2010-06-20,0.010976345974425114
Exchange,JPY,USD,2010-06-21,0.011041427435738892
Exchange,JPY,USD,2010-06-22,0.011133749735573444
Exchange,JPY,USD,2010-06-23,0.011159842423024986
Exchange,JPY,USD,2010-06-24,0.011206490799471055
Exchange,JPY,USD,2010-06-25,0.011207621182404036
Exchange,JPY,USD,2010-06-26,0.011197330556395355
Exchange,JPY,USD,2010-06-27,0.011189687583922657
Exchange,JPY,USD,2010-06-28,0.011286809106197587
Exchange,JPY,USD,2010-06-29,0.011307868014564534
Exchange,JPY,USD,2010-06-30,0.011415525114155252
Exchange,JPY,USD,2010-07-01,0.01139588152841563
Exchange,JPY,USD,2010-07-03,0.011400948558920102
Exchange,JPY,USD,2010-07-04,0.011393544417732911
Exchange,JPY,USD,2010-07-05,0.011425698681474371
Exchange,JPY,USD,2010-07-06,0.011401728502040909
Exchange,JPY,USD,2010-07-07,0.01131874724105536
Exchange,JPY,USD,2010-07-08,0.01128528060850233
Exchange,JPY,USD,2010-07-09,0.011286681715575621
Exchange,JPY,USD,2010-07-10,0.011267859557398476
Exchange,JPY,USD,2010-07-11,0.01128821059285682
Exchange,JPY,USD,2010-07-12,0.011269891358247306
Exchange,JPY,USD,2010-07-13,0.011311577399468356
Exchange,JPY,USD,2010-07-14,0.01144269498352252
Exchange,JPY,USD,2010-07-15,0.011552012938254492
Exchange,JPY,USD,2010-07-16,0.0115492111888758
Exchange,JPY,USD,2010-07-17,0.011557620517087943
Exchange,JPY,USD,2010-07-18,0.01153469058192514
Exchange,JPY,USD,2010-07-19,0.011427787808835965
Exchange,JPY,USD,2010-07-20,0.011487782743052762
Exchange,JPY,USD,2010-07-21,0.011501523951923632
Exchange,JPY,USD,2010-07-22,0.0114356288452302
Exchange,JPY,USD,2010-07-23,0.011430138990490125
Exchange,JPY,USD,2010-07-24,0.011429224527115835
Exchange,JPY,USD,2010-07-25,0.011510526376371191
Exchange,JPY,USD,2010-07-26,0.011375399560909575
Exchange,JPY,USD,2010-07-27,0.011432752549503818
Exchange,JPY,USD,2010-07-28,0.011522330276075033
Exchange,JPY,USD,2010-07-29,0.011565105762892202
Exchange,JPY,USD,2010-07-30,0.011564838265736855
Exchange,JPY,USD,2010-07-31,0.011580910027909992
Exchange,JPY,USD,2010-08-01,0.01156096094707392
Exchange,JPY,USD,2010-08-02,0.01165650607886792
Exchange,JPY,USD,2010-08-03,0.01159151501101194
Exchange,JPY,USD,2010-08-04,0.011651616661811826
Exchange,JPY,USD,2010-08-05,0.011694401889815347
Exchange,JPY,USD,2010-08-06,0.011693034459372552
Exchange,JPY,USD,2010-08-07,0.011710013232314952
Exchange,JPY,USD,2010-08-08,0.011636566747346862
Exchange,JPY,USD,2010-08-09,0.011703434958160222
Exchange,JPY,USD,2010-08-10,0.011720169239243815
Exchange,JPY,USD,2010-08-11,0.011640630456545526
Exchange,JPY,USD,2010-08-12,0.011603216411589292
Exchange,JPY,USD,2010-08-13,0.01160065891742651
Exchange,JPY,USD,2010-08-14,0.011603351047782599
Exchange,JPY,USD,2010-08-15,0.011719345122994529
Exchange,JPY,USD,2010-08-16,0.011692214154594455
Exchange,JPY,USD,2010-08-17,0.011701517686843983
Exchange,JPY,USD,2010-08-18,0.01171028748755782
Exchange,JPY,USD,2010-08-19,0.01168046908763856
Exchange,JPY,USD,2010-08-20,0.011677877428998505
Exchange,JPY,USD,2010-08-21,0.01168401743255401
Exchange,JPY,USD,2010-08-22,0.01174301584132837
Exchange,JPY,USD,2010-08-23,0.011917388661796428
Exchange,JPY,USD,2010-08-24,0.011824384245190432
Exchange,JPY,USD,2010-08-25,0.011841186013191082
Exchange,JPY,USD,2010-08-26,0.011732957878681215
Exchange,JPY,USD,2010-08-27,0.011732544906315628
Exchange,JPY,USD,2010-08-28,0.011719207781553968
Exchange,JPY,USD,2010-08-29,0.01181781654021603
Exchange,JPY,USD,2010-08-30,0.011876907728303859
Exchange,JPY,USD,2010-08-31,0.011842728564661299
Exchange,JPY,USD,2010-09-01,0.011866337573571292
Exchange,JPY,USD,2010-09-02,0.011862255489258728
Exchange,JPY,USD,2010-09-03,0.01186253692214617
Exchange,JPY,USD,2010-09-04,0.011881564564421843
Exchange,JPY,USD,2010-09-05,0.011874369174137624
Exchange,JPY,USD,2010-09-06,0.011927623182528418
Exchange,JPY,USD,2010-09-07,0.011922077302749232
Exchange,JPY,USD,2010-09-08,0.01193588045022141
Exchange,JPY,USD,2010-09-09,0.011883258864911114
Exchange,JPY,USD,2010-09-10,0.011897679952409281
Exchange,JPY,USD,2010-09-11,0.01187140889880811
Exchange,JPY,USD,2010-09-12,0.01194628948248674
Exchange,JPY,USD,2010-09-13,0.012042679255280716
Exchange,JPY,USD,2010-09-14,0.011663031688457098
Exchange,JPY,USD,2010-09-15,0.011657593173313437
Exchange,JPY,USD,2010-09-16,0.011647273955530708
Exchange,JPY,USD,2010-09-17,0.01164578189779662
Exchange,JPY,USD,2010-09-18,0.011662351596575934
Exchange,JPY,USD,2010-09-19,0.011669973159061734
Exchange,JPY,USD,2010-09-20,0.01175212419644851
Exchange,JPY,USD,2010-09-21,0.01183529996567763
Exchange,JPY,USD,2010-09-22,0.011850166494839252
Exchange,JPY,USD,2010-09-23,0.01187507421921387
Exchange,JPY,USD,2010-09-25,0.011870281563078676
Exchange,JPY,USD,2010-09-26,0.011863944286917628
Exchange,JPY,USD,2010-09-27,0.011922645873572264
Exchange,JPY,USD,2010-09-28,0.011947003094273802
Exchange,JPY,USD,2010-09-29,0.01197289336941165
Exchange,JPY,USD,2010-09-30,0.012015764683264443
Exchange,JPY,USD,2010-10-02,0.012011146343807053
Exchange,JPY,USD,2010-10-03,0.01199644905108088
Exchange,JPY,USD,2010-10-04,0.01201648661964215
Exchange,JPY,USD,2010-10-05,0.012057635497678906
Exchange,JPY,USD,2010-10-06,0.012134155220113576
Exchange,JPY,USD,2010-10-07,0.012205988257839294
Exchange,JPY,USD,2010-10-08,0.012205243372552849
Exchange,JPY,USD,2010-10-09,0.012207329280500012
Exchange,JPY,USD,2010-10-10,0.01218501730272457
Exchange,JPY,USD,2010-10-11,0.012237206001125822
Exchange,JPY,USD,2010-10-12,0.012223743399178564
Exchange,JPY,USD,2010-10-13,0.012273101044440899
Exchange,JPY,USD,2010-10-14,0.012277621579147687
Exchange,JPY,USD,2010-10-16,0.012287427504177726
Exchange,JPY,USD,2010-10-17,0.012303906490310672
Exchange,JPY,USD,2010-10-18,0.012257004878287943
Exchange,JPY,USD,2010-10-19,0.012331824740106795
Exchange,JPY,USD,2010-10-20,0.012295585884667405
Exchange,JPY,USD,2010-10-21,0.012289541600098316
Exchange,JPY,USD,2010-10-23,0.01230163611760364
Exchange,JPY,USD,2010-10-24,0.012374552969273984
Exchange,JPY,USD,2010-10-25,0.012279430725591562
Exchange,JPY,USD,2010-10-26,0.01223091976516634
Exchange,JPY,USD,2010-10-27,0.01234186979327368
Exchange,JPY,USD,2010-10-28,0.012436264146250467
Exchange,JPY,USD,2010-10-29,0.012440441386860407
Exchange,JPY,USD,2010-10-30,0.012452369685951236
Exchange,JPY,USD,2010-10-31,0.012420817289777666
Exchange,JPY,USD,2010-11-01,0.01240294694019299
Exchange,JPY,USD,2010-11-02,0.01233380201781001
Exchange,JPY,USD,2010-11-03,0.012384361028892715
Exchange,JPY,USD,2010-11-04,0.012305117698450786
Exchange,JPY,USD,2010-11-05,0.01230375510605837
Exchange,JPY,USD,2010-11-06,0.012308449750753892
Exchange,JPY,USD,2010-11-07,0.012318153262462892
Exchange,JPY,USD,2010-11-08,0.012241100719776724
Exchange,JPY,USD,2010-11-09,0.01215347407056307
Exchange,JPY,USD,2010-11-10,0.012122240674966362
Exchange,JPY,USD,2010-11-11,0.01211754013935171
Exchange,JPY,USD,2010-11-13,0.012124739318104661
Exchange,JPY,USD,2010-11-14,0.012036446359576798
Exchange,JPY,USD,2010-11-15,0.012006387398095788
Exchange,JPY,USD,2010-11-16,0.01202154260434699
Exchange,JPY,USD,2010-11-17,0.01197146003926639
Exchange,JPY,USD,2010-11-18,0.01196945395351064
Exchange,JPY,USD,2010-11-19,0.011968737657239291
Exchange,JPY,USD,2010-11-20,0.011973180076628353
Exchange,JPY,USD,2010-11-21,0.011999904000767994
Exchange,JPY,USD,2010-11-22,0.012023421625326134
Exchange,JPY,USD,2010-11-23,0.011970743502878963
Exchange,JPY,USD,2010-11-24,0.011961722488038277
Exchange,JPY,USD,2010-11-25,0.011889616797650613
Exchange,JPY,USD,2010-11-26,0.011900086870634156
Exchange,JPY,USD,2010-11-27,0.0118962645729241
Exchange,JPY,USD,2010-11-28,0.011868450099101558
Exchange,JPY,USD,2010-11-29,0.011949715596768797
Exchange,JPY,USD,2010-11-30,0.011877471998859763
Exchange,JPY,USD,2010-12-01,0.011930042232349503
Exchange,JPY,USD,2010-12-02,0.012116071969467498
Exchange,JPY,USD,2010-12-03,0.01211754013935171
Exchange,JPY,USD,2010-12-04,0.012099652739966361
Exchange,JPY,USD,2010-12-05,0.012098481640554111
Exchange,JPY,USD,2010-12-06,0.011977482333213559
Exchange,JPY,USD,2010-12-07,0.01190206976993299
Exchange,JPY,USD,2010-12-08,0.01194086881761517
Exchange,JPY,USD,2010-12-09,0.011911710402496695
Exchange,JPY,USD,2010-12-11,0.011906888134785973
Exchange,JPY,USD,2010-12-12,0.011992420790060682
Exchange,JPY,USD,2010-12-13,0.011951429390955158
Exchange,JPY,USD,2010-12-14,0.011870281563078676
Exchange,JPY,USD,2010-12-15,0.011917814749487533
Exchange,JPY,USD,2010-12-16,0.011906746362488986
Exchange,JPY,USD,2010-12-17,0.011909015124449208
Exchange,JPY,USD,2010-12-18,0.011911852293031567
Exchange,JPY,USD,2010-12-19,0.011936735302894658
Exchange,JPY,USD,2010-12-20,0.01194101140366589
Exchange,JPY,USD,2010-12-21,0.011965730148853682
Exchange,JPY,USD,2010-12-22,0.012061271257990593
Exchange,JPY,USD,2010-12-23,0.0120635992954858
Exchange,JPY,USD,2010-12-24,0.012061707696575682
Exchange,JPY,USD,2010-12-25,0.012076419583121997
Exchange,JPY,USD,2010-12-26,0.01207437816952427
Exchange,JPY,USD,2010-12-27,0.012137689954847793
Exchange,JPY,USD,2010-12-28,0.012252649635483674
Exchange,JPY,USD,2010-12-29,0.012265574212856775
Exchange,JPY,USD,2010-12-30,0.012324681406985628
Exchange,JPY,USD,2010-12-31,0.012318305001231829
Exchange,JPY,USD,2011-01-01,0.012310267994534241
Exchange,JPY,USD,2011-01-02,0.01223391240518718
Exchange,JPY,USD,2011-01-03,0.012190216132532029
Exchange,JPY,USD,2011-01-04,0.012012156302177805
Exchange,JPY,USD,2011-01-05,0.012000336009408263
Exchange,JPY,USD,2011-01-06,0.01202573507305634
Exchange,JPY,USD,2011-01-08,0.01201562030639832
Exchange,JPY,USD,2011-01-09,0.012090875016624954
Exchange,JPY,USD,2011-01-10,0.012013022115973717
Exchange,JPY,USD,2011-01-11,0.01204877343486433
Exchange,JPY,USD,2011-01-12,0.012074961360123647
Exchange,JPY,USD,2011-01-13,0.01206752989730532
Exchange,JPY,USD,2011-01-14,0.012067093037287317
Exchange,JPY,USD,2011-01-15,0.0120775864151308
Exchange,JPY,USD,2011-01-16,0.012095115992162364
Exchange,JPY,USD,2011-01-17,0.012113723637508934
Exchange,JPY,USD,2011-01-18,0.01219185096681378
Exchange,JPY,USD,2011-01-19,0.012047176744130013
Exchange,JPY,USD,2011-01-20,0.01211108285191779
Exchange,JPY,USD,2011-01-21,0.012110349504686705
Exchange,JPY,USD,2011-01-22,0.01211225639224331
Exchange,JPY,USD,2011-01-23,0.01211754013935171
Exchange,JPY,USD,2011-01-24,0.0121580547112462
Exchange,JPY,USD,2011-01-25,0.012171076653440763
Exchange,JPY,USD,2011-01-26,0.012058944118852954
Exchange,JPY,USD,2011-01-27,0.0121765601217656
Exchange,JPY,USD,2011-01-28,0.0121765601217656
Exchange,JPY,USD,2011-01-29,0.01219422969051045
Exchange,JPY,USD,2011-01-30,0.012188878866921821
Exchange,JPY,USD,2011-01-31,0.012291958600683432
Exchange,JPY,USD,2011-02-01,0.012260912211868563
Exchange,JPY,USD,2011-02-02,0.012251298637655592
Exchange,JPY,USD,2011-02-03,0.01216826273712902
Exchange,JPY,USD,2011-02-04,0.012166930283489476
Exchange,JPY,USD,2011-02-05,0.012169299291746781
Exchange,JPY,USD,2011-02-06,0.012146535807987562
Exchange,JPY,USD,2011-02-07,0.012141079341953501
Exchange,JPY,USD,2011-02-08,0.012142111270307681
Exchange,JPY,USD,2011-02-09,0.01201562030639832
Exchange,JPY,USD,2011-02-10,0.011985521490040032
Exchange,JPY,USD,2011-02-11,0.011985521490040032
Exchange,JPY,USD,2011-02-12,0.011977195419920471
Exchange,JPY,USD,2011-02-13,0.012001056092936179
Exchange,JPY,USD,2011-02-14,0.011937590278026477
Exchange,JPY,USD,2011-02-15,0.011950143999235191
Exchange,JPY,USD,2011-02-16,0.012003649109329235
Exchange,JPY,USD,2011-02-17,0.012022120702091847
Exchange,JPY,USD,2011-02-18,0.012022120702091847
Exchange,JPY,USD,2011-02-19,0.012034997773525413
Exchange,JPY,USD,2011-02-20,0.012027470743177417
Exchange,JPY,USD,2011-02-21,0.01208181807198347
Exchange,JPY,USD,2011-02-22,0.012119596175055447
Exchange,JPY,USD,2011-02-23,0.01221075767751389
Exchange,JPY,USD,2011-02-24,0.012243049008925182
Exchange,JPY,USD,2011-02-25,0.012243348800763984
Exchange,JPY,USD,2011-02-26,0.012241700127313682
Exchange,JPY,USD,2011-02-27,0.0122276295517351
Exchange,JPY,USD,2011-02-28,0.012218068079075337
Exchange,JPY,USD,2011-03-01,0.01221359128438126
Exchange,JPY,USD,2011-03-02,0.012129151201998884
Exchange,JPY,USD,2011-03-03,0.012148601695944799
Exchange,JPY,USD,2011-03-04,0.012148601695944799
Exchange,JPY,USD,2011-03-05,0.012145650642504918
Exchange,JPY,USD,2011-03-06,0.012159385221483202
Exchange,JPY,USD,2011-03-07,0.012096432761978493
Exchange,JPY,USD,2011-03-08,0.012085760556911846
Exchange,JPY,USD,2011-03-09,0.012051096649795132
Exchange,JPY,USD,2011-03-10,0.012213442114391099
Exchange,JPY,USD,2011-03-11,0.012217172457606411
Exchange,JPY,USD,2011-03-12,0.012246047588140926
Exchange,JPY,USD,2011-03-13,0.012250548212032487
Exchange,JPY,USD,2011-03-14,0.012388349995664077
Exchange,JPY,USD,2011-03-15,0.01256376108751916
Exchange,JPY,USD,2011-03-16,0.012674592511850744
Exchange,JPY,USD,2011-03-17,0.012409719292149613
Exchange,JPY,USD,2011-03-18,0.012408333436736113
Exchange,JPY,USD,2011-03-19,0.012362314719808136
Exchange,JPY,USD,2011-03-20,0.012339280866711088
Exchange,JPY,USD,2011-03-21,0.012351626091574957
Exchange,JPY,USD,2011-03-22,0.01235880070197988
Exchange,JPY,USD,2011-03-23,0.012349185571211578
Exchange,JPY,USD,2011-03-24,0.012295585884667405
Exchange,JPY,USD,2011-03-25,0.012295585884667405
Exchange,JPY,USD,2011-03-26,0.01228380503144654
Exchange,JPY,USD,2011-03-27,0.012240651202643981
Exchange,JPY,USD,2011-03-28,0.012124886329190664
Exchange,JPY,USD,2011-03-29,0.0120635992954858
Exchange,JPY,USD,2011-03-30,0.012028772824596435
Exchange,JPY,USD,2011-03-31,0.011896972220569863
Exchange,JPY,USD,2011-04-01,0.011895557009456968
Exchange,JPY,USD,2011-04-02,0.011875779348019713
Exchange,JPY,USD,2011-04-03,0.01189654762188013
Exchange,JPY,USD,2011-04-04,0.011783004194749494
Exchange,JPY,USD,2011-04-05,0.011697274535033338
Exchange,JPY,USD,2011-04-06,0.01177717583323519
Exchange,JPY,USD,2011-04-07,0.011797322007904206
Exchange,JPY,USD,2011-04-08,0.011793426344155767
Exchange,JPY,USD,2011-04-09,0.011783559577677225
Exchange,JPY,USD,2011-04-10,0.011820330969267141
Exchange,JPY,USD,2011-04-11,0.011965014298192087
Exchange,JPY,USD,2011-04-12,0.011927765452420145
Exchange,JPY,USD,2011-04-13,0.011976334762509281
Exchange,JPY,USD,2011-04-14,0.012029206914388134
Exchange,JPY,USD,2011-04-15,0.012029206914388134
Exchange,JPY,USD,2011-04-16,0.012015331563074482
Exchange,JPY,USD,2011-04-17,0.012098335269066975
Exchange,JPY,USD,2011-04-18,0.012108296604833632
Exchange,JPY,USD,2011-04-19,0.012112696528501174
Exchange,JPY,USD,2011-04-20,0.012217172457606411
Exchange,JPY,USD,2011-04-21,0.012217769523995699
Exchange,JPY,USD,2011-04-22,0.012217769523995699
Exchange,JPY,USD,2011-04-23,0.012221054432576444
Exchange,JPY,USD,2011-04-24,0.012220158373252517
Exchange,JPY,USD,2011-04-25,0.012261663907792287
Exchange,JPY,USD,2011-04-26,0.012172854534388313
Exchange,JPY,USD,2011-04-27,0.012264822037432236
Exchange,JPY,USD,2011-04-28,0.012312693155373875
Exchange,JPY,USD,2011-04-29,0.012312693155373875
Exchange,JPY,USD,2011-04-30,0.012312693155373875
Exchange,JPY,USD,2011-05-01,0.0123108741951766
Exchange,JPY,USD,2011-05-02,0.012355593995181317
Exchange,JPY,USD,2011-05-03,0.012404639335111333
Exchange,JPY,USD,2011-05-04,0.012487356551491614
Exchange,JPY,USD,2011-05-05,0.0124024854580858
Exchange,JPY,USD,2011-05-06,0.0124024854580858
Exchange,JPY,USD,2011-05-07,0.01240294694019299
Exchange,JPY,USD,2011-05-08,0.012443692292376995
Exchange,JPY,USD,2011-05-09,0.012363996043521267
Exchange,JPY,USD,2011-05-10,0.012338062924120914
Exchange,JPY,USD,2011-05-11,0.01235452546267698
Exchange,JPY,USD,2011-05-12,0.012377309915462972
Exchange,JPY,USD,2011-05-13,0.012377309915462972
Exchange,JPY,USD,2011-05-14,0.012364301787878038
Exchange,JPY,USD,2011-05-15,0.012377616318649354
Exchange,JPY,USD,2011-05-16,0.012282598015132162
Exchange,JPY,USD,2011-05-17,0.012242449469289814
Exchange,JPY,USD,2011-05-18,0.01225385077260529
Exchange,JPY,USD,2011-05-19,0.012240051897820048
Exchange,JPY,USD,2011-05-20,0.012240051897820048
Exchange,JPY,USD,2011-05-21,0.012225985108750137
Exchange,JPY,USD,2011-05-22,0.01219437839156149
Exchange,JPY,USD,2011-05-23,0.012201818070892564
Exchange,JPY,USD,2011-05-24,0.012199734045797803
Exchange,JPY,USD,2011-05-25,0.012301484789214058
Exchange,JPY,USD,2011-05-26,0.012376850339125698
Exchange,JPY,USD,2011-05-27,0.012376850339125698
Exchange,JPY,USD,2011-05-28,0.012385127938371602
Exchange,JPY,USD,2011-05-29,0.012354983382547351
Exchange,JPY,USD,2011-05-30,0.012266025562397273
Exchange,JPY,USD,2011-05-31,0.012353304508956145
Exchange,JPY,USD,2011-06-01,0.012362161894872176
Exchange,JPY,USD,2011-06-02,0.012456092274731571
Exchange,JPY,USD,2011-06-03,0.012456092274731571
Exchange,JPY,USD,2011-06-04,0.012463544133409778
Exchange,JPY,USD,2011-06-05,0.012484082794437091
Exchange,JPY,USD,2011-06-06,0.01248532973755837
Exchange,JPY,USD,2011-06-07,0.01251705448673818
Exchange,JPY,USD,2011-06-08,0.01244322777328439
Exchange,JPY,USD,2011-06-09,0.012449424214130096
Exchange,JPY,USD,2011-06-10,0.012449424214130096
Exchange,JPY,USD,2011-06-11,0.012452834887862222
Exchange,JPY,USD,2011-06-12,0.012462456848743161
Exchange,JPY,USD,2011-06-13,0.012424521034714111
Exchange,JPY,USD,2011-06-14,0.012352236372395223
Exchange,JPY,USD,2011-06-15,0.012403100775193798
Exchange,JPY,USD,2011-06-16,0.012492972702854644
Exchange,JPY,USD,2011-06-17,0.012492972702854644
Exchange,JPY,USD,2011-06-18,0.012476917702250836
Exchange,JPY,USD,2011-06-19,0.01245686809422375
Exchange,JPY,USD,2011-06-20,0.012466962549244502
Exchange,JPY,USD,2011-06-21,0.012453765395967471
Exchange,JPY,USD,2011-06-22,0.01242066301499174
Exchange,JPY,USD,2011-06-23,0.012431626056688214
Exchange,JPY,USD,2011-06-24,0.012428999341263037
Exchange,JPY,USD,2011-06-25,0.012449269227896324
Exchange,JPY,USD,2011-06-26,0.012362161894872176
Exchange,JPY,USD,2011-06-27,0.012326808342783888
Exchange,JPY,USD,2011-06-28,0.012379455056388418
Exchange,JPY,USD,2011-06-29,0.012411875682653162
Exchange,JPY,USD,2011-06-30,0.012371644191513053
Exchange,JPY,USD,2011-07-01,0.012371644191513053
Exchange,JPY,USD,2011-07-02,0.01237286877335379
Exchange,JPY,USD,2011-07-03,0.012376084454400317
Exchange,JPY,USD,2011-07-04,0.012335019119279636
Exchange,JPY,USD,2011-07-05,0.012358647963912747
Exchange,JPY,USD,2011-07-06,0.012308449750753892
Exchange,JPY,USD,2011-07-07,0.0124024854580858
Exchange,JPY,USD,2011-07-08,0.0124024854580858
Exchange,JPY,USD,2011-07-09,0.012414803411587976
Exchange,JPY,USD,2011-07-10,0.01245919613266552
Exchange,JPY,USD,2011-07-11,0.012619570429822568
Exchange,JPY,USD,2011-07-12,0.012661914228193018
Exchange,JPY,USD,2011-07-13,0.012636154565442644
Exchange,JPY,USD,2011-07-14,0.012637432073802603
Exchange,JPY,USD,2011-07-15,0.012637432073802603
Exchange,JPY,USD,2011-07-16,0.012640467191667403
Exchange,JPY,USD,2011-07-17,0.012651821862348178
Exchange,JPY,USD,2011-07-18,0.01262945188178833
Exchange,JPY,USD,2011-07-19,0.012693899311990657
Exchange,JPY,USD,2011-07-20,0.012770902775117174
Exchange,JPY,USD,2011-07-21,0.012732689908069979
Exchange,JPY,USD,2011-07-22,0.012732689908069979
Exchange,JPY,USD,2011-07-23,0.012767478678310608
Exchange,JPY,USD,2011-07-24,0.012773023374632774
Exchange,JPY,USD,2011-07-25,0.01283977247923167
Exchange,JPY,USD,2011-07-26,0.012823800974608873
Exchange,JPY,USD,2011-07-27,0.012874320879573601
Exchange,JPY,USD,2011-07-28,0.01302677001237543
Exchange,JPY,USD,2011-07-29,0.01302677001237543
Exchange,JPY,USD,2011-07-30,0.012958739373833713
Exchange,JPY,USD,2011-07-31,0.012951354711702844
Exchange,JPY,USD,2011-08-01,0.012961258797454408
Exchange,JPY,USD,2011-08-02,0.012976564324829359
Exchange,JPY,USD,2011-08-03,0.01267652054863981
Exchange,JPY,USD,2011-08-04,0.012754613981607845
Exchange,JPY,USD,2011-08-05,0.012759821872886655
Exchange,JPY,USD,2011-08-06,0.012823143208863358
Exchange,JPY,USD,2011-08-07,0.012860082304526748
Exchange,JPY,USD,2011-08-08,0.012993425326784646
Exchange,JPY,USD,2011-08-09,0.013010668748373666
Exchange,JPY,USD,2011-08-10,0.013014224547430342
Exchange,JPY,USD,2011-08-11,0.013037979634675812
Exchange,JPY,USD,2011-08-12,0.013037979634675812
Exchange,JPY,USD,2011-08-13,0.013013039065143273
Exchange,JPY,USD,2011-08-14,0.013014393919675162
Exchange,JPY,USD,2011-08-15,0.01302049425796203
Exchange,JPY,USD,2011-08-16,0.013054319021448248
Exchange,JPY,USD,2011-08-17,0.013058239749281797
Exchange,JPY,USD,2011-08-18,0.013063357282821686
Exchange,JPY,USD,2011-08-19,0.013063357282821686
Exchange,JPY,USD,2011-08-20,0.01302626094205919
Exchange,JPY,USD,2011-08-21,0.013021850665416569
Exchange,JPY,USD,2011-08-22,0.013044612575006522
Exchange,JPY,USD,2011-08-23,0.012991062149241322
Exchange,JPY,USD,2011-08-24,0.012909388998618697
Exchange,JPY,USD,2011-08-25,0.013038659625790469
Exchange,JPY,USD,2011-08-26,0.013038659625790469
Exchange,JPY,USD,2011-08-27,0.013028467200833822
Exchange,JPY,USD,2011-08-28,0.013014902062861978
Exchange,JPY,USD,2011-08-29,0.013031183622408423
Exchange,JPY,USD,2011-08-30,0.013044782739143479
Exchange,JPY,USD,2011-08-31,0.012999337033811275
Exchange,JPY,USD,2011-09-01,0.013020663793440189
Exchange,JPY,USD,2011-09-02,0.013020663793440189
Exchange,JPY,USD,2011-09-03,0.01300221037576388
Exchange,JPY,USD,2011-09-04,0.013005254122665557
Exchange,JPY,USD,2011-09-05,0.012876475966057609
Exchange,JPY,USD,2011-09-06,0.012944481120474286
Exchange,JPY,USD,2011-09-07,0.012902393393974584
Exchange,JPY,USD,2011-09-08,0.012887594401628993
Exchange,JPY,USD,2011-09-09,0.012887594401628993
Exchange,JPY,USD,2011-09-10,0.01290955565309442
Exchange,JPY,USD,2011-09-11,0.01295152245146417
Exchange,JPY,USD,2011-09-12,0.01299545159194282
Exchange,JPY,USD,2011-09-13,0.013050741282104825
Exchange,JPY,USD,2011-09-14,0.01303763966571492
Exchange,JPY,USD,2011-09-15,0.013021511537059221
Exchange,JPY,USD,2011-09-16,0.013021511537059221
Exchange,JPY,USD,2011-09-17,0.012996296055624149
Exchange,JPY,USD,2011-09-18,0.01305653479566523
Exchange,JPY,USD,2011-09-19,0.013080273639324536
Exchange,JPY,USD,2011-09-20,0.013079589300895951
Exchange,JPY,USD,2011-09-21,0.013116302252069096
Exchange,JPY,USD,2011-09-22,0.013055852938872497
Exchange,JPY,USD,2011-09-23,0.013055852938872497
Exchange,JPY,USD,2011-09-24,0.013075826719144317
Exchange,JPY,USD,2011-09-25,0.013096204719872181
Exchange,JPY,USD,2011-09-26,0.01301846017653032
Exchange,JPY,USD,2011-09-27,0.013053467000835421
Exchange,JPY,USD,2011-09-28,0.013014563296328592
Exchange,JPY,USD,2011-09-29,0.012978080022841421
Exchange,JPY,USD,2011-09-30,0.012978080022841421
Exchange,JPY,USD,2011-10-01,0.01296831839815331
Exchange,JPY,USD,2011-10-02,0.01305006003027614
Exchange,JPY,USD,2011-10-03,0.013019477137798144
Exchange,JPY,USD,2011-10-04,0.013022020236219446
Exchange,JPY,USD,2011-10-05,0.013034240950978219
Exchange,JPY,USD,2011-10-06,0.013022868156482785
Exchange,JPY,USD,2011-10-07,0.013022868156482785
Exchange,JPY,USD,2011-10-08,0.013019477137798144
Exchange,JPY,USD,2011-10-09,0.013042060645582002
Exchange,JPY,USD,2011-10-10,0.01304648462471787
Exchange,JPY,USD,2011-10-11,0.012942805741428627
Exchange,JPY,USD,2011-10-12,0.013004239382038546
Exchange,JPY,USD,2011-10-13,0.012952025696818983
Exchange,JPY,USD,2011-10-14,0.012952025696818983
Exchange,JPY,USD,2011-10-15,0.012973702305426901
Exchange,JPY,USD,2011-10-16,0.01301557964883966
Exchange,JPY,USD,2011-10-17,0.013017443374121324
Exchange,JPY,USD,2011-10-18,0.013019477137798144
Exchange,JPY,USD,2011-10-19,0.013019477137798144
Exchange,JPY,USD,2011-10-20,0.013115786160222444
Exchange,JPY,USD,2011-10-21,0.013115786160222444
Exchange,JPY,USD,2011-10-22,0.013121981944152846
Exchange,JPY,USD,2011-10-23,0.013140777145560388
Exchange,JPY,USD,2011-10-24,0.013140949827853557
Exchange,JPY,USD,2011-10-25,0.013127321895060188
Exchange,JPY,USD,2011-10-26,0.013166903670932744
Exchange,JPY,USD,2011-10-27,0.01318982800464282
Exchange,JPY,USD,2011-10-28,0.01318982800464282
Exchange,JPY,USD,2011-10-29,0.01321824646742363
Exchange,JPY,USD,2011-10-30,0.01279279509780092
Exchange,JPY,USD,2011-10-31,0.012759659061909866
Exchange,JPY,USD,2011-11-01,0.012812792291824159
Exchange,JPY,USD,2011-11-02,0.01281082258291805
Exchange,JPY,USD,2011-11-03,0.01278151281985736
Exchange,JPY,USD,2011-11-05,0.01278935925310142
Exchange,JPY,USD,2011-11-06,0.012812299807815503
Exchange,JPY,USD,2011-11-07,0.012865542218276788
Exchange,JPY,USD,2011-11-08,0.012850662451649383
Exchange,JPY,USD,2011-11-09,0.0128783000643915
Exchange,JPY,USD,2011-11-10,0.012963947262662536
Exchange,JPY,USD,2011-11-11,0.012963947262662536
Exchange,JPY,USD,2011-11-12,0.012941633234114146
Exchange,JPY,USD,2011-11-13,0.012975217334890361
Exchange,JPY,USD,2011-11-14,0.01298212361578107
Exchange,JPY,USD,2011-11-15,0.012977069518161409
Exchange,JPY,USD,2011-11-16,0.012990218365570726
Exchange,JPY,USD,2011-11-17,0.013004239382038546
Exchange,JPY,USD,2011-11-19,0.013005592404734036
Exchange,JPY,USD,2011-11-20,0.013005930704401206
Exchange,JPY,USD,2011-11-21,0.012991737255105754
Exchange,JPY,USD,2011-11-22,0.012935104580320532
Exchange,JPY,USD,2011-11-23,0.012967141264036931
Exchange,JPY,USD,2011-11-24,0.01286587327114828
Exchange,JPY,USD,2011-11-25,0.01286587327114828
Exchange,JPY,USD,2011-11-26,0.012890750886239123
Exchange,JPY,USD,2011-11-27,0.012823143208863358
Exchange,JPY,USD,2011-11-28,0.012832522745646566
Exchange,JPY,USD,2011-11-29,0.012883277505797474
Exchange,JPY,USD,2011-11-30,0.012869515977504086
Exchange,JPY,USD,2011-12-01,0.012821992281160648
Exchange,JPY,USD,2011-12-02,0.012821992281160648
Exchange,JPY,USD,2011-12-03,0.012814598390486442
Exchange,JPY,USD,2011-12-04,0.012850497314246062
Exchange,JPY,USD,2011-12-05,0.01286454916187462
Exchange,JPY,USD,2011-12-06,0.012873823654363582
Exchange,JPY,USD,2011-12-07,0.012880290579355469
Exchange,JPY,USD,2011-12-08,0.012886764004690781
Exchange,JPY,USD,2011-12-10,0.012872663611554503
Exchange,JPY,USD,2011-12-11,0.012833016785585955
Exchange,JPY,USD,2011-12-12,0.01282084156004
Exchange,JPY,USD,2011-12-13,0.012808033198422051
Exchange,JPY,USD,2011-12-14,0.012844390212574658
Exchange,JPY,USD,2011-12-15,0.012855288022728149
Exchange,JPY,USD,2011-12-17,0.012854792266556973
Exchange,JPY,USD,2011-12-18,0.012812956461573943
Exchange,JPY,USD,2011-12-19,0.012838948233360722
Exchange,JPY,USD,2011-12-20,0.012810494356977235
Exchange,JPY,USD,2011-12-21,0.012792304149823467
Exchange,JPY,USD,2011-12-22,0.012806228949761163
Exchange,JPY,USD,2011-12-24,0.012807541080188016
Exchange,JPY,USD,2011-12-25,0.012824952227052955
Exchange,JPY,USD,2011-12-26,0.012840596830940703
Exchange,JPY,USD,2011-12-27,0.012830382345393894
Exchange,JPY,USD,2011-12-28,0.012880290579355469
Exchange,JPY,USD,2011-12-29,0.013002548499505903
Exchange,JPY,USD,2011-12-31,0.012993425326784646
Exchange,JPY,USD,2012-01-01,0.013004915858194396
Exchange,JPY,USD,2012-01-02,0.013031862904802242
Exchange,JPY,USD,2012-01-03,0.013034750645220156
Exchange,JPY,USD,2012-01-04,0.012967645723918824
Exchange,JPY,USD,2012-01-05,0.012992412431140214
Exchange,JPY,USD,2012-01-06,0.012992412431140214
Exchange,JPY,USD,2012-01-07,0.013002041320487316
Exchange,JPY,USD,2012-01-08,0.013014732677390806
Exchange,JPY,USD,2012-01-09,0.013013039065143273
Exchange,JPY,USD,2012-01-10,0.013011345893619236
Exchange,JPY,USD,2012-01-11,0.013027618551328815
Exchange,JPY,USD,2012-01-12,0.01299258123611418
Exchange,JPY,USD,2012-01-14,0.012973365680258428
Exchange,JPY,USD,2012-01-15,0.013023885806569248
Exchange,JPY,USD,2012-01-16,0.01301557964883966
Exchange,JPY,USD,2012-01-17,0.01301557964883966
Exchange,JPY,USD,2012-01-18,0.01296882294962909
Exchange,JPY,USD,2012-01-19,0.012981955082435414
Exchange,JPY,USD,2012-01-20,0.012981955082435414
Exchange,JPY,USD,2012-01-21,0.0129939318338336
Exchange,JPY,USD,2012-01-22,0.012983134907754827
Exchange,JPY,USD,2012-01-23,0.012875149673614956
Exchange,JPY,USD,2012-01-24,0.01285644493584634
Exchange,JPY,USD,2012-01-25,0.012911389136357181
Exchange,JPY,USD,2012-01-26,0.013037979634675812
Exchange,JPY,USD,2012-01-28,0.013040529967137865
Exchange,JPY,USD,2012-01-29,0.01309774849703336
Exchange,JPY,USD,2012-01-30,0.013111658887082394
Exchange,JPY,USD,2012-01-31,0.013123359580052493
Exchange,JPY,USD,2012-02-01,0.013119571777177194
Exchange,JPY,USD,2012-02-02,0.013053467000835421
Exchange,JPY,USD,2012-02-04,0.013052274358807023
Exchange,JPY,USD,2012-02-05,0.013063698594346031
Exchange,JPY,USD,2012-02-06,0.013026430627743692
Exchange,JPY,USD,2012-02-07,0.012980269989615783
Exchange,JPY,USD,2012-02-08,0.012875812785682094
Exchange,JPY,USD,2012-02-09,0.012883775461561255
Exchange,JPY,USD,2012-02-10,0.012883443486775146
Exchange,JPY,USD,2012-02-11,0.012892911477269798
Exchange,JPY,USD,2012-02-12,0.012891083237724468
Exchange,JPY,USD,2012-02-13,0.012749085253133088
Exchange,JPY,USD,2012-02-14,0.01274957288930821
Exchange,JPY,USD,2012-02-15,0.012668811918818254
Exchange,JPY,USD,2012-02-16,0.012569446190200858
Exchange,JPY,USD,2012-02-17,0.012569446190200858
Exchange,JPY,USD,2012-02-18,0.012561867195940005
Exchange,JPY,USD,2012-02-19,0.01255808112520407
Exchange,JPY,USD,2012-02-20,0.012540757461750691
Exchange,JPY,USD,2012-02-21,0.012454385811963682
Exchange,JPY,USD,2012-02-22,0.01250015625195315
Exchange,JPY,USD,2012-02-23,0.01231527093596059
Exchange,JPY,USD,2012-02-24,0.01231527093596059
Exchange,JPY,USD,2012-02-25,0.012305723391949595
Exchange,JPY,USD,2012-02-26,0.012406178276781837
Exchange,JPY,USD,2012-02-27,0.012428226989137729
Exchange,JPY,USD,2012-02-28,0.012322858903265557
Exchange,JPY,USD,2012-02-29,0.012327872085999236
Exchange,JPY,USD,2012-03-01,0.01222314574878991
Exchange,JPY,USD,2012-03-02,0.01222314574878991
Exchange,JPY,USD,2012-03-03,0.012228676245796391
Exchange,JPY,USD,2012-03-04,0.012261062543680036
Exchange,JPY,USD,2012-03-05,0.01236185625633545
Exchange,JPY,USD,2012-03-06,0.012331976815883586
Exchange,JPY,USD,2012-03-07,0.012262114969589955
Exchange,JPY,USD,2012-03-08,0.01212415130940834
Exchange,JPY,USD,2012-03-10,0.012120477546815346
Exchange,JPY,USD,2012-03-11,0.012160420264124328
Exchange,JPY,USD,2012-03-12,0.012055745768433237
Exchange,JPY,USD,2012-03-13,0.011943007965986314
Exchange,JPY,USD,2012-03-14,0.011965300628178282
Exchange,JPY,USD,2012-03-15,0.011984803269454333
Exchange,JPY,USD,2012-03-16,0.011984803269454333
Exchange,JPY,USD,2012-03-17,0.011990982780948727
Exchange,JPY,USD,2012-03-18,0.011998176277205863
Exchange,JPY,USD,2012-03-19,0.01194643219802406
Exchange,JPY,USD,2012-03-20,0.011989545116658272
Exchange,JPY,USD,2012-03-21,0.012116071969467498
Exchange,JPY,USD,2012-03-22,0.012143438293118314
Exchange,JPY,USD,2012-03-23,0.012143438293118314
Exchange,JPY,USD,2012-03-24,0.01213489145339595
Exchange,JPY,USD,2012-03-25,0.012073503489242509
Exchange,JPY,USD,2012-03-26,0.012022843402464683
Exchange,JPY,USD,2012-03-27,0.01206301720186253
Exchange,JPY,USD,2012-03-28,0.012127533138484302
Exchange,JPY,USD,2012-03-29,0.012067821154890485
Exchange,JPY,USD,2012-03-30,0.012067821154890485
Exchange,JPY,USD,2012-03-31,0.0120436945237321
Exchange,JPY,USD,2012-04-01,0.012183829621326577
Exchange,JPY,USD,2012-04-02,0.012075544607061778
Exchange,JPY,USD,2012-04-03,0.01212665074033203
Exchange,JPY,USD,2012-04-04,0.012139458094590657
Exchange,JPY,USD,2012-04-05,0.01224904763654626
Exchange,JPY,USD,2012-04-07,0.012268282808455301
Exchange,JPY,USD,2012-04-08,0.01227114317969862
Exchange,JPY,USD,2012-04-09,0.012395874652915511
Exchange,JPY,USD,2012-04-10,0.012366748287205362
Exchange,JPY,USD,2012-04-11,0.012362467548522686
Exchange,JPY,USD,2012-04-12,0.012359106189440378
Exchange,JPY,USD,2012-04-13,0.012359106189440378
Exchange,JPY,USD,2012-04-14,0.012368583797155226
Exchange,JPY,USD,2012-04-15,0.012436418808839805
Exchange,JPY,USD,2012-04-16,0.01236950175646925
Exchange,JPY,USD,2012-04-17,0.012306329145079314
Exchange,JPY,USD,2012-04-18,0.01225445142948176
Exchange,JPY,USD,2012-04-19,0.01226692836113837
Exchange,JPY,USD,2012-04-20,0.01225940909648155
Exchange,JPY,USD,2012-04-21,0.01226737981034631
Exchange,JPY,USD,2012-04-22,0.012317546344768122
Exchange,JPY,USD,2012-04-23,0.01229785402447273
Exchange,JPY,USD,2012-04-24,0.012293167457527105
Exchange,JPY,USD,2012-04-25,0.012346441138341872
Exchange,JPY,USD,2012-04-26,0.012458420023172661
Exchange,JPY,USD,2012-04-27,0.0124522146263713
Exchange,JPY,USD,2012-04-28,0.012458420023172661
Exchange,JPY,USD,2012-04-29,0.012527717575134987
Exchange,JPY,USD,2012-04-30,0.012485485622963305
Exchange,JPY,USD,2012-05-01,0.012477696118188738
Exchange,JPY,USD,2012-05-02,0.012471471508923337
Exchange,JPY,USD,2012-05-03,0.01252238376097274
Exchange,JPY,USD,2012-05-05,0.012523638367418502
Exchange,JPY,USD,2012-05-06,0.012512982219052267
Exchange,JPY,USD,2012-05-07,0.012520502322553181
Exchange,JPY,USD,2012-05-08,0.012557134964086595
Exchange,JPY,USD,2012-05-09,0.012511416667709283
Exchange,JPY,USD,2012-05-10,0.012508912600227663
Exchange,JPY,USD,2012-05-11,0.012508912600227663
Exchange,JPY,USD,2012-05-12,0.012502031580131773
Exchange,JPY,USD,2012-05-13,0.012523952058311522
Exchange,JPY,USD,2012-05-14,0.012471471508923337
Exchange,JPY,USD,2012-05-15,0.012448339391525171
Exchange,JPY,USD,2012-05-16,0.012614317250078838
Exchange,JPY,USD,2012-05-17,0.012653422750854106
Exchange,JPY,USD,2012-05-18,0.012653422750854106
Exchange,JPY,USD,2012-05-19,0.01263807092485403
Exchange,JPY,USD,2012-05-20,0.012609545425887396
Exchange,JPY,USD,2012-05-21,0.012505940321652784
Exchange,JPY,USD,2012-05-22,0.012582098190694281
Exchange,JPY,USD,2012-05-23,0.012562971896631867
Exchange,JPY,USD,2012-05-24,0.012549413314927527
Exchange,JPY,USD,2012-05-25,0.012549413314927527
Exchange,JPY,USD,2012-05-26,0.012545792141315803
Exchange,JPY,USD,2012-05-27,0.012582256501881047
Exchange,JPY,USD,2012-05-28,0.012579724000855422
Exchange,JPY,USD,2012-05-29,0.012646701740186159
Exchange,JPY,USD,2012-05-30,0.012769108971575965
Exchange,JPY,USD,2012-05-31,0.012817390635614401
Exchange,JPY,USD,2012-06-02,0.012806228949761163
Exchange,JPY,USD,2012-06-03,0.012763893498072651
Exchange,JPY,USD,2012-06-04,0.012697767732432638
Exchange,JPY,USD,2012-06-05,0.012627059789128103
Exchange,JPY,USD,2012-06-06,0.012557923421782973
Exchange,JPY,USD,2012-06-07,0.012582573136206355
Exchange,JPY,USD,2012-06-09,0.01255839654392927
Exchange,JPY,USD,2012-06-10,0.01258748300689794
Exchange,JPY,USD,2012-06-11,0.012574662055957244
Exchange,JPY,USD,2012-06-12,0.0125806735692629
Exchange,JPY,USD,2012-06-13,0.012602553277293978
Exchange,JPY,USD,2012-06-14,0.012702929295495543
Exchange,JPY,USD,2012-06-16,0.012689389132807148
Exchange,JPY,USD,2012-06-17,0.012640307412276267
Exchange,JPY,USD,2012-06-18,0.012665763175560143
Exchange,JPY,USD,2012-06-19,0.012572606804294803
Exchange,JPY,USD,2012-06-20,0.01245655775483003
Exchange,JPY,USD,2012-06-21,0.01243332628778177
Exchange,JPY,USD,2012-06-22,0.01243332628778177
Exchange,JPY,USD,2012-06-23,0.012433790067888494
Exchange,JPY,USD,2012-06-24,0.012552406296286999
Exchange,JPY,USD,2012-06-25,0.012576401639962775
Exchange,JPY,USD,2012-06-26,0.012544061014312775
Exchange,JPY,USD,2012-06-27,0.012585898759030384
Exchange,JPY,USD,2012-06-28,0.012532270596786726
Exchange,JPY,USD,2012-06-30,0.012521756552009116
Exchange,JPY,USD,2012-07-01,0.012575136440230375
Exchange,JPY,USD,2012-07-02,0.012532741787920944
Exchange,JPY,USD,2012-07-03,0.012519405077870699
Exchange,JPY,USD,2012-07-04,0.012512512512512512
Exchange,JPY,USD,2012-07-05,0.012553982123129456
Exchange,JPY,USD,2012-07-06,0.012553982123129456
Exchange,JPY,USD,2012-07-07,0.012559658377292136
Exchange,JPY,USD,2012-07-08,0.012569288201209165
Exchange,JPY,USD,2012-07-09,0.012590018633227578
Exchange,JPY,USD,2012-07-10,0.012537141281045095
Exchange,JPY,USD,2012-07-11,0.01260827354910292
Exchange,JPY,USD,2012-07-12,0.012629611386857626
Exchange,JPY,USD,2012-07-13,0.012629611386857626
Exchange,JPY,USD,2012-07-14,0.012614794631143404
Exchange,JPY,USD,2012-07-15,0.012680056806654494
Exchange,JPY,USD,2012-07-16,0.012647981382171406
Exchange,JPY,USD,2012-07-17,0.012689550155446988
Exchange,JPY,USD,2012-07-18,0.012724750913000878
Exchange,JPY,USD,2012-07-19,0.012739989553208568
Exchange,JPY,USD,2012-07-21,0.012746972594008922
Exchange,JPY,USD,2012-07-22,0.012755752844532885
Exchange,JPY,USD,2012-07-23,0.01279115875107126
Exchange,JPY,USD,2012-07-24,0.01279344975372609
Exchange,JPY,USD,2012-07-25,0.012786088735455826
Exchange,JPY,USD,2012-07-26,0.012750548273575765
Exchange,JPY,USD,2012-07-28,0.01274664763167287
Exchange,JPY,USD,2012-07-29,0.0127914859869271
Exchange,JPY,USD,2012-07-30,0.012800327688388822
Exchange,JPY,USD,2012-07-31,0.01274957288930821
Exchange,JPY,USD,2012-08-01,0.012780532692602627
Exchange,JPY,USD,2012-08-02,0.012745672844069439
Exchange,JPY,USD,2012-08-03,0.012745672844069439
Exchange,JPY,USD,2012-08-04,0.012722970050128502
Exchange,JPY,USD,2012-08-05,0.012780206016920993
Exchange,JPY,USD,2012-08-06,0.012721837033267604
Exchange,JPY,USD,2012-08-07,0.01274957288930821
Exchange,JPY,USD,2012-08-08,0.012727990123079666
Exchange,JPY,USD,2012-08-09,0.012776287210936502
Exchange,JPY,USD,2012-08-11,0.012782819890067748
Exchange,JPY,USD,2012-08-12,0.012768293772903127
Exchange,JPY,USD,2012-08-13,0.012700670595407438
Exchange,JPY,USD,2012-08-14,0.012659029052471675
Exchange,JPY,USD,2012-08-15,0.012603347449082477
Exchange,JPY,USD,2012-08-16,0.012568498315821226
Exchange,JPY,USD,2012-08-17,0.012568498315821226
Exchange,JPY,USD,2012-08-18,0.012568814258062895
Exchange,JPY,USD,2012-08-19,0.012590177143792411
Exchange,JPY,USD,2012-08-20,0.012612726240776945
Exchange,JPY,USD,2012-08-21,0.012725560560942711
Exchange,JPY,USD,2012-08-22,0.012739827247942518
Exchange,JPY,USD,2012-08-23,0.012711002643888551
Exchange,JPY,USD,2012-08-25,0.012705995959493285
Exchange,JPY,USD,2012-08-26,0.012699380270242812
Exchange,JPY,USD,2012-08-27,0.012737555408366028
Exchange,JPY,USD,2012-08-28,0.012705511650954184
Exchange,JPY,USD,2012-08-29,0.012718277436504001
Exchange,JPY,USD,2012-08-30,0.01275721739574164
Exchange,JPY,USD,2012-09-01,0.012764708134948495
Exchange,JPY,USD,2012-09-02,0.01277824631347594
Exchange,JPY,USD,2012-09-03,0.012750223128904755
Exchange,JPY,USD,2012-09-04,0.012756403714664763
Exchange,JPY,USD,2012-09-05,0.012680378382490934
Exchange,JPY,USD,2012-09-06,0.012782166321548176
Exchange,JPY,USD,2012-09-08,0.012779226090067985
Exchange,JPY,USD,2012-09-09,0.012774002350416432
Exchange,JPY,USD,2012-09-10,0.012859090090785175
Exchange,JPY,USD,2012-09-11,0.012844390212574658
Exchange,JPY,USD,2012-09-12,0.012904890953671443
Exchange,JPY,USD,2012-09-13,0.01275591555583902
Exchange,JPY,USD,2012-09-15,0.012763893498072651
Exchange,JPY,USD,2012-09-16,0.012705188799105555
Exchange,JPY,USD,2012-09-17,0.012688262088741705
Exchange,JPY,USD,2012-09-18,0.012758519501397057
Exchange,JPY,USD,2012-09-19,0.012780369352674292
Exchange,JPY,USD,2012-09-20,0.012792958755500971
Exchange,JPY,USD,2012-09-21,0.012792958755500971
Exchange,JPY,USD,2012-09-22,0.01279263144428809
Exchange,JPY,USD,2012-09-23,0.012845215157353887
Exchange,JPY,USD,2012-09-24,0.012853966091237451
Exchange,JPY,USD,2012-09-25,0.012862563508907325
Exchange,JPY,USD,2012-09-26,0.012885767669608916
Exchange,JPY,USD,2012-09-27,0.012833840270024
Exchange,JPY,USD,2012-09-29,0.012824458807838309
Exchange,JPY,USD,2012-09-30,0.012821663482620236
Exchange,JPY,USD,2012-10-01,0.012795086686712302
Exchange,JPY,USD,2012-10-02,0.012740314176147583
Exchange,JPY,USD,2012-10-03,0.0127420998980632
Exchange,JPY,USD,2012-10-04,0.012711002643888551
Exchange,JPY,USD,2012-10-06,0.012712456936552128
Exchange,JPY,USD,2012-10-07,0.012765685836471566
Exchange,JPY,USD,2012-10-08,0.01277889948117668
Exchange,JPY,USD,2012-10-09,0.012790340734677172
Exchange,JPY,USD,2012-10-10,0.012765685836471566
Exchange,JPY,USD,2012-10-11,0.012748272609061473
Exchange,JPY,USD,2012-10-13,0.012746972594008922
Exchange,JPY,USD,2012-10-14,0.012714881497304445
Exchange,JPY,USD,2012-10-15,0.01267603848445284
Exchange,JPY,USD,2012-10-16,0.012668330440731216
Exchange,JPY,USD,2012-10-17,0.012614635500107226
Exchange,JPY,USD,2012-10-18,0.012608114582545328
Exchange,JPY,USD,2012-10-20,0.012612726240776945
Exchange,JPY,USD,2012-10-21,0.012508912600227663
Exchange,JPY,USD,2012-10-22,0.012523167860542002
Exchange,JPY,USD,2012-10-23,0.012530543199047678
Exchange,JPY,USD,2012-10-24,0.012453300124533002
Exchange,JPY,USD,2012-10-25,0.012555085437356402
Exchange,JPY,USD,2012-10-26,0.012555085437356402
Exchange,JPY,USD,2012-10-27,0.012561078242956375
Exchange,JPY,USD,2012-10-28,0.012531014260294227
Exchange,JPY,USD,2012-10-29,0.012558238832586117
Exchange,JPY,USD,2012-10-30,0.0125365125929269
Exchange,JPY,USD,2012-10-31,0.012480654984773602
Exchange,JPY,USD,2012-11-01,0.012432244268735392
Exchange,JPY,USD,2012-11-02,0.012432244268735392
Exchange,JPY,USD,2012-11-03,0.012431935155026231
Exchange,JPY,USD,2012-11-04,0.01245516141889199
Exchange,JPY,USD,2012-11-05,0.012444466567940566
Exchange,JPY,USD,2012-11-06,0.012500625031251563
Exchange,JPY,USD,2012-11-07,0.012583048117576002
Exchange,JPY,USD,2012-11-08,0.012579565753390193
Exchange,JPY,USD,2012-11-09,0.012579565753390193
Exchange,JPY,USD,2012-11-10,0.012579882252302117
Exchange,JPY,USD,2012-11-11,0.012579724000855422
Exchange,JPY,USD,2012-11-12,0.012597631645250693
Exchange,JPY,USD,2012-11-13,0.012461369753763333
Exchange,JPY,USD,2012-11-14,0.012320126158091858
Exchange,JPY,USD,2012-11-15,0.012299669138900165
Exchange,JPY,USD,2012-11-17,0.012286521685710775
Exchange,JPY,USD,2012-11-18,0.0122832014936373
Exchange,JPY,USD,2012-11-19,0.01224319890300938
Exchange,JPY,USD,2012-11-20,0.01211754013935171
Exchange,JPY,USD,2012-11-21,0.012125327383839365
Exchange,JPY,USD,2012-11-22,0.012136069612495297
Exchange,JPY,USD,2012-11-23,0.012136069612495297
Exchange,JPY,USD,2012-11-24,0.012143733226468481
Exchange,JPY,USD,2012-11-25,0.012183384300490992
Exchange,JPY,USD,2012-11-26,0.012172113687541841
Exchange,JPY,USD,2012-11-27,0.012183829621326577
Exchange,JPY,USD,2012-11-28,0.01217759809055262
Exchange,JPY,USD,2012-11-29,0.012124004316145538
Exchange,JPY,USD,2012-12-02,0.01215835035502383
Exchange,JPY,USD,2012-12-03,0.012210459479590216
Exchange,JPY,USD,2012-12-04,0.012125768470576824
Exchange,JPY,USD,2012-12-05,0.01213577505127365
Exchange,JPY,USD,2012-12-06,0.012122387625466712
Exchange,JPY,USD,2012-12-07,0.012122387625466712
Exchange,JPY,USD,2012-12-09,0.012142553579017668
Exchange,JPY,USD,2012-12-10,0.012118861796500072
Exchange,JPY,USD,2012-12-11,0.012010857815465181
Exchange,JPY,USD,2012-12-12,0.0119548584544759
Exchange,JPY,USD,2012-12-13,0.01197389690474765
Exchange,JPY,USD,2012-12-15,0.01185733257446405
Exchange,JPY,USD,2012-12-16,0.011920371915603767
Exchange,JPY,USD,2012-12-17,0.011875638315559461
Exchange,JPY,USD,2012-12-18,0.011846937566639024
Exchange,JPY,USD,2012-12-19,0.011850728227249564
Exchange,JPY,USD,2012-12-20,0.011871127044801633
Exchange,JPY,USD,2012-12-22,0.0118517113871243
Exchange,JPY,USD,2012-12-23,0.011796626164916835
Exchange,JPY,USD,2012-12-25,0.011677877428998505
Exchange,JPY,USD,2012-12-26,0.011614132075909967
Exchange,JPY,USD,2012-12-27,0.011642527825641505
Exchange,JPY,USD,2012-12-29,0.011652974421721144
Exchange,JPY,USD,2012-12-30,0.011544944468817106
Exchange,JPY,USD,2013-01-01,0.01144885225256168
Exchange,JPY,USD,2013-01-02,0.011463157412077582
Exchange,JPY,USD,2013-01-03,0.01134365606034825
Exchange,JPY,USD,2013-01-04,0.01134365606034825
Exchange,JPY,USD,2013-01-05,0.011348290380054245
Exchange,JPY,USD,2013-01-06,0.011390429760914879
Exchange,JPY,USD,2013-01-07,0.011487518810812053
Exchange,JPY,USD,2013-01-08,0.011379412367145361
Exchange,JPY,USD,2013-01-09,0.011263798152737103
Exchange,JPY,USD,2013-01-10,0.011212899319377011
Exchange,JPY,USD,2013-01-11,0.011212899319377011
Exchange,JPY,USD,2013-01-12,0.011198459092028937
Exchange,JPY,USD,2013-01-13,0.01117605641673279
Exchange,JPY,USD,2013-01-14,0.011262022208707796
Exchange,JPY,USD,2013-01-15,0.011314521056323685
Exchange,JPY,USD,2013-01-16,0.011126069493430056
Exchange,JPY,USD,2013-01-17,0.011100996869518884
Exchange,JPY,USD,2013-01-18,0.011100996869518884
Exchange,JPY,USD,2013-01-19,0.01109951828090661
Exchange,JPY,USD,2013-01-20,0.011160091512750403
Exchange,JPY,USD,2013-01-21,0.011272940433782748
Exchange,JPY,USD,2013-01-22,0.011284898548762046
Exchange,JPY,USD,2013-01-23,0.011071009454642075
Exchange,JPY,USD,2013-01-24,0.01100376328704417
Exchange,JPY,USD,2013-01-26,0.010983217643440821
Exchange,JPY,USD,2013-01-27,0.011006548896593473
Exchange,JPY,USD,2013-01-28,0.011022684685081899
Exchange,JPY,USD,2013-01-29,0.010978635575170719
Exchange,JPY,USD,2013-01-30,0.010903698534542917
Exchange,JPY,USD,2013-01-31,0.010772611711983453
Exchange,JPY,USD,2013-02-01,0.010772611711983453
Exchange,JPY,USD,2013-02-02,0.010778184953653805
Exchange,JPY,USD,2013-02-03,0.01082485386447283
Exchange,JPY,USD,2013-02-04,0.010679881239720614
Exchange,JPY,USD,2013-02-05,0.010681706509431947
Exchange,JPY,USD,2013-02-06,0.01068056564275644
Exchange,JPY,USD,2013-02-07,0.010793075162975434
Exchange,JPY,USD,2013-02-08,0.010793075162975434
Exchange,JPY,USD,2013-02-10,0.010602654904788159
Exchange,JPY,USD,2013-02-11,0.010697589833010623
Exchange,JPY,USD,2013-02-12,0.010707899217252568
Exchange,JPY,USD,2013-02-13,0.0107670442310177
Exchange,JPY,USD,2013-02-14,0.010695072779970267
Exchange,JPY,USD,2013-02-15,0.010695072779970267
Exchange,JPY,USD,2013-02-17,0.010643506396747346
Exchange,JPY,USD,2013-02-18,0.010686957636899927
Exchange,JPY,USD,2013-02-19,0.010687757174157004
Exchange,JPY,USD,2013-02-20,0.010739292924953821
Exchange,JPY,USD,2013-02-21,0.010705033506754875
Exchange,JPY,USD,2013-02-24,0.010890873448050535
Exchange,JPY,USD,2013-02-25,0.010872046880266148
Exchange,JPY,USD,2013-02-26,0.010841988854435458
Exchange,JPY,USD,2013-02-27,0.010803802938634399
Exchange,JPY,USD,2013-02-28,0.010685130572295594
Exchange,JPY,USD,2013-03-01,0.010685130572295594
Exchange,JPY,USD,2013-03-03,0.010697017671473194
Exchange,JPY,USD,2013-03-04,0.010719032714487844
Exchange,JPY,USD,2013-03-05,0.01063060764553302
Exchange,JPY,USD,2013-03-06,0.010546075805192887
Exchange,JPY,USD,2013-03-07,0.010416341156005541
Exchange,JPY,USD,2013-03-08,0.010416341156005541
Exchange,JPY,USD,2013-03-10,0.01038626520289569
Exchange,JPY,USD,2013-03-11,0.010407668370055056
Exchange,JPY,USD,2013-03-12,0.010403337390634915
Exchange,JPY,USD,2013-03-13,0.010404419797529992
Exchange,JPY,USD,2013-03-14,0.010496263330254428
Exchange,JPY,USD,2013-03-15,0.010496263330254428
Exchange,JPY,USD,2013-03-17,0.010502657172264583
Exchange,JPY,USD,2013-03-18,0.010508175360430414
Exchange,JPY,USD,2013-03-19,0.010415147790947155
Exchange,JPY,USD,2013-03-20,0.010536630596267926
Exchange,JPY,USD,2013-03-21,0.010585595122157768
Exchange,JPY,USD,2013-03-22,0.010585483068519832
Exchange,JPY,USD,2013-03-24,0.010619318664514484
Exchange,JPY,USD,2013-03-25,0.010588285121341747
Exchange,JPY,USD,2013-03-26,0.010587164122218223
Exchange,JPY,USD,2013-03-27,0.010621687361254208
Exchange,JPY,USD,2013-03-28,0.010614809782608696
Exchange,JPY,USD,2013-03-31,0.010725815966449647
Exchange,JPY,USD,2013-04-01,0.010702054794520547
Exchange,JPY,USD,2013-04-02,0.010747718796685403
Exchange,JPY,USD,2013-04-03,0.010380335492443117
Exchange,JPY,USD,2013-04-04,0.01025010250102501
Exchange,JPY,USD,2013-04-07,0.010064817424211926
Exchange,JPY,USD,2013-04-08,0.010098561964776216
Exchange,JPY,USD,2013-04-09,0.01002285210279437
Exchange,JPY,USD,2013-04-10,0.010032505317227818
Exchange,JPY,USD,2013-04-11,0.01016218852892159
Exchange,JPY,USD,2013-04-12,0.01016218852892159
Exchange,JPY,USD,2013-04-14,0.010334421892439338
Exchange,JPY,USD,2013-04-15,0.010252834908852298
Exchange,JPY,USD,2013-04-16,0.010192121490088163
Exchange,JPY,USD,2013-04-17,0.010186307565370627
Exchange,JPY,USD,2013-04-18,0.010048433449225265
Exchange,JPY,USD,2013-04-21,0.010077191285244978
Exchange,JPY,USD,2013-04-22,0.01005267602235715
Exchange,JPY,USD,2013-04-23,0.010048635395313315
Exchange,JPY,USD,2013-04-24,0.010075160698813146
Exchange,JPY,USD,2013-04-25,0.010199294208840748
Exchange,JPY,USD,2013-04-28,0.010229551127296534
Exchange,JPY,USD,2013-04-29,0.010261251462228334
Exchange,JPY,USD,2013-04-30,0.010267783801544274
Exchange,JPY,USD,2013-05-01,0.010211166932157007
Exchange,JPY,USD,2013-05-02,0.010101214165942746
Exchange,JPY,USD,2013-05-05,0.010067857358596943
Exchange,JPY,USD,2013-05-06,0.010101418239120773
Exchange,JPY,USD,2013-05-07,0.010100499974748751
Exchange,JPY,USD,2013-05-08,0.009940950752529973
Exchange,JPY,USD,2013-05-09,0.009840776240429845
Exchange,JPY,USD,2013-05-12,0.009820481596417487
Exchange,JPY,USD,2013-05-13,0.009764290038471303
Exchange,JPY,USD,2013-05-14,0.009779951100244499
Exchange,JPY,USD,2013-05-15,0.009778994719342852
Exchange,JPY,USD,2013-05-16,0.009687857239735715
Exchange,JPY,USD,2013-05-19,0.009777942916369254
Exchange,JPY,USD,2013-05-20,0.009756668683044862
Exchange,JPY,USD,2013-05-21,0.009693867659318714
Exchange,JPY,USD,2013-05-22,0.00980267220844402
Exchange,JPY,USD,2013-05-23,0.009873422720720365
Exchange,JPY,USD,2013-05-26,0.009905207167407906
Exchange,JPY,USD,2013-05-27,0.009768296018442544
Exchange,JPY,USD,2013-05-28,0.009885330170027679
Exchange,JPY,USD,2013-05-29,0.00992733193027042
Exchange,JPY,USD,2013-05-30,0.009954805184462541
Exchange,JPY,USD,2013-06-02,0.010047423840527288
Exchange,JPY,USD,2013-06-03,0.009997800483893543
Exchange,JPY,USD,2013-06-04,0.010095299628492973
Exchange,JPY,USD,2013-06-05,0.010312361427643316
Exchange,JPY,USD,2013-06-06,0.010250312634535352
Exchange,JPY,USD,2013-06-09,0.010124941781584755
Exchange,JPY,USD,2013-06-10,0.010413629358103886
Exchange,JPY,USD,2013-06-11,0.010414280060819394
Exchange,JPY,USD,2013-06-12,0.010485697508598273
Exchange,JPY,USD,2013-06-13,0.010628009055063715
Exchange,JPY,USD,2013-06-16,0.010581226787433734
Exchange,JPY,USD,2013-06-17,0.01049009734810339
Exchange,JPY,USD,2013-06-18,0.010368173853539176
Exchange,JPY,USD,2013-06-19,0.010278865624389691
Exchange,JPY,USD,2013-06-20,0.010214713272998428
Exchange,JPY,USD,2013-06-23,0.010231958499176326
Exchange,JPY,USD,2013-06-24,0.010223485390639378
Exchange,JPY,USD,2013-06-25,0.010232481990831696
Exchange,JPY,USD,2013-06-26,0.010167974946109734
Exchange,JPY,USD,2013-06-27,0.010087153001936734
Exchange,JPY,USD,2013-06-30,0.010034317365389633
Exchange,JPY,USD,2013-07-01,0.009937690679439913
Exchange,JPY,USD,2013-07-02,0.010008807750820721
Exchange,JPY,USD,2013-07-03,0.009996601155607092
Exchange,JPY,USD,2013-07-04,0.009882497109369595
Exchange,JPY,USD,2013-07-07,0.009904128040567308
Exchange,JPY,USD,2013-07-08,0.0098864052042037
Exchange,JPY,USD,2013-07-09,0.010031498906566618
Exchange,JPY,USD,2013-07-10,0.010104888745174916
Exchange,JPY,USD,2013-07-11,0.010079222690346121
Exchange,JPY,USD,2013-07-14,0.010013919347893571
Exchange,JPY,USD,2013-07-15,0.010091021009505742
Exchange,JPY,USD,2013-07-16,0.010041773778920309
Exchange,JPY,USD,2013-07-17,0.009957977335643584
Exchange,JPY,USD,2013-07-18,0.00993966622600813
Exchange,JPY,USD,2013-07-21,0.010033813953021683
Exchange,JPY,USD,2013-07-22,0.010053888844204939
Exchange,JPY,USD,2013-07-23,0.009973570039395602
Exchange,JPY,USD,2013-07-24,0.010072319252231019
Exchange,JPY,USD,2013-07-25,0.010175838489091501
Exchange,JPY,USD,2013-07-28,0.01020908199934662
Exchange,JPY,USD,2013-07-29,0.01020075077525706
Exchange,JPY,USD,2013-07-30,0.010217218055867748
Exchange,JPY,USD,2013-07-31,0.010046010729139458
Exchange,JPY,USD,2013-08-01,0.01010590993613065
Exchange,JPY,USD,2013-08-04,0.010173146961281002
Exchange,JPY,USD,2013-08-05,0.010231016349164125
Exchange,JPY,USD,2013-08-06,0.010380335492443117
Exchange,JPY,USD,2013-08-07,0.010344256868586562
Exchange,JPY,USD,2013-08-08,0.010393281782655693
Exchange,JPY,USD,2013-08-11,0.010319597948463927
Exchange,JPY,USD,2013-08-12,0.010182884607551628
Exchange,JPY,USD,2013-08-13,0.010189732825205322
Exchange,JPY,USD,2013-08-14,0.010270314682441871
Exchange,JPY,USD,2013-08-15,0.010253675942825504
Exchange,JPY,USD,2013-08-18,0.01025073292740431
Exchange,JPY,USD,2013-08-19,0.010280556383711486
Exchange,JPY,USD,2013-08-20,0.010237510237510237
Exchange,JPY,USD,2013-08-21,0.010129762254479887
Exchange,JPY,USD,2013-08-22,0.010128018149408523
Exchange,JPY,USD,2013-08-25,0.010150841504760744
Exchange,JPY,USD,2013-08-26,0.010305984685306756
Exchange,JPY,USD,2013-08-27,0.01024191400888998
Exchange,JPY,USD,2013-08-28,0.010168181725743802
Exchange,JPY,USD,2013-08-29,0.010186411327289396
Exchange,JPY,USD,2013-09-01,0.010067046529889061
Exchange,JPY,USD,2013-09-02,0.010043185698503565
Exchange,JPY,USD,2013-09-03,0.010026369351394167
Exchange,JPY,USD,2013-09-04,0.009989311436762663
Exchange,JPY,USD,2013-09-05,0.010089901018071014
Exchange,JPY,USD,2013-09-08,0.010042580541495944
Exchange,JPY,USD,2013-09-09,0.009961548423086886
Exchange,JPY,USD,2013-09-10,0.010011012113324657
Exchange,JPY,USD,2013-09-11,0.010046515366145252
Exchange,JPY,USD,2013-09-12,0.01006299434459718
Exchange,JPY,USD,2013-09-15,0.010093669250645995
Exchange,JPY,USD,2013-09-16,0.01008806884098177
Exchange,JPY,USD,2013-09-17,0.010210749877471
Exchange,JPY,USD,2013-09-18,0.010055101958733862
Exchange,JPY,USD,2013-09-19,0.010065121335037695
Exchange,JPY,USD,2013-09-22,0.010116849613030502
Exchange,JPY,USD,2013-09-23,0.010127095042786976
Exchange,JPY,USD,2013-09-24,0.01015909137086779
Exchange,JPY,USD,2013-09-25,0.010102336670471881
Exchange,JPY,USD,2013-09-26,0.01017759910437128
Exchange,JPY,USD,2013-09-27,0.010178324240697012
Exchange,JPY,USD,2013-09-29,0.010176149141641819
Exchange,JPY,USD,2013-09-30,0.010204706410596566
Exchange,JPY,USD,2013-10-01,0.010271475086537177
Exchange,JPY,USD,2013-10-02,0.010280979160455242
Exchange,JPY,USD,2013-10-03,0.01025935653315824
Exchange,JPY,USD,2013-10-06,0.010340620023576613
Exchange,JPY,USD,2013-10-07,0.01032204789430223
Exchange,JPY,USD,2013-10-08,0.010272635752881475
Exchange,JPY,USD,2013-10-09,0.010187345279693564
Exchange,JPY,USD,2013-10-10,0.01014425125281503
Exchange,JPY,USD,2013-10-13,0.010144868725398694
Exchange,JPY,USD,2013-10-14,0.010187241498746969
Exchange,JPY,USD,2013-10-15,0.010124736756844322
Exchange,JPY,USD,2013-10-16,0.010213044099924424
Exchange,JPY,USD,2013-10-17,0.010234052787244277
Exchange,JPY,USD,2013-10-20,0.010184440212243734
Exchange,JPY,USD,2013-10-21,0.01018962899560827
Exchange,JPY,USD,2013-10-22,0.010269681845256435
Exchange,JPY,USD,2013-10-23,0.010279393926934069
Exchange,JPY,USD,2013-10-24,0.010266097240473062
Exchange,JPY,USD,2013-10-27,0.010238034297414897
Exchange,JPY,USD,2013-10-28,0.010184958852766235
Exchange,JPY,USD,2013-10-29,0.010151047588111093
Exchange,JPY,USD,2013-10-30,0.010167354657665169
Exchange,JPY,USD,2013-10-31,0.010134998175700329
Exchange,JPY,USD,2013-11-03,0.010141782113953064
Exchange,JPY,USD,2013-11-04,0.010152181196129989
Exchange,JPY,USD,2013-11-05,0.01013602546169596
Exchange,JPY,USD,2013-11-06,0.010195134881634484
Exchange,JPY,USD,2013-11-07,0.010096013084432956
Exchange,JPY,USD,2013-11-10,0.010084813279682126
Exchange,JPY,USD,2013-11-11,0.010036633713052641
Exchange,JPY,USD,2013-11-12,0.010076074361428787
Exchange,JPY,USD,2013-11-13,0.009998800143982722
Exchange,JPY,USD,2013-11-14,0.009982032341784786
Exchange,JPY,USD,2013-11-17,0.01000080006400512
Exchange,JPY,USD,2013-11-18,0.009986617931971158
Exchange,JPY,USD,2013-11-19,0.009996601155607092
Exchange,JPY,USD,2013-11-20,0.009885818792941526
Exchange,JPY,USD,2013-11-21,0.009873812674025947
Exchange,JPY,USD,2013-11-24,0.00983516267359062
Exchange,JPY,USD,2013-11-25,0.009872935322400703
Exchange,JPY,USD,2013-11-26,0.009788566953797965
Exchange,JPY,USD,2013-11-27,0.009772591789068379
Exchange,JPY,USD,2013-11-28,0.00976124006793823
Exchange,JPY,USD,2013-12-01,0.009714585478637626
Exchange,JPY,USD,2013-12-02,0.0097551458394303
Exchange,JPY,USD,2013-12-03,0.00976982297080777
Exchange,JPY,USD,2013-12-04,0.009824533825869963
Exchange,JPY,USD,2013-12-05,0.009717039800995024
Exchange,JPY,USD,2013-12-08,0.009682697986967088
Exchange,JPY,USD,2013-12-09,0.00972337012008362
Exchange,JPY,USD,2013-12-10,0.00976305075810089
Exchange,JPY,USD,2013-12-11,0.009673144449066057
Exchange,JPY,USD,2013-12-12,0.009684667234833811
Exchange,JPY,USD,2013-12-15,0.009707418409148271
Exchange,JPY,USD,2013-12-16,0.009740133245022792
Exchange,JPY,USD,2013-12-17,0.009588463161124534
Exchange,JPY,USD,2013-12-18,0.009593246354566386
Exchange,JPY,USD,2013-12-19,0.009607993850883935
Exchange,JPY,USD,2013-12-22,0.009605778836548068
Exchange,JPY,USD,2013-12-23,0.009592970271385129
Exchange,JPY,USD,2013-12-25,0.009541620548834014
Exchange,JPY,USD,2013-12-26,0.009509319132750096
Exchange,JPY,USD,2013-12-29,0.00951103755908732
Exchange,JPY,USD,2013-12-30,0.009500555782513277
Exchange,JPY,USD,2014-01-01,0.009541074324968991
Exchange,JPY,USD,2014-01-02,0.009537343468350326
Exchange,JPY,USD,2014-01-05,0.009595363520346968
Exchange,JPY,USD,2014-01-06,0.009560229445506692
Exchange,JPY,USD,2014-01-07,0.009536797734056858
Exchange,JPY,USD,2014-01-08,0.009540892264244552
Exchange,JPY,USD,2014-01-09,0.009598955633627062
Exchange,JPY,USD,2014-01-12,0.009708737864077669
Exchange,JPY,USD,2014-01-13,0.009595823897439834
Exchange,JPY,USD,2014-01-14,0.009564252649297984
Exchange,JPY,USD,2014-01-15,0.009583133684714902
Exchange,JPY,USD,2014-01-16,0.009584787026032281
Exchange,JPY,USD,2014-01-19,0.009598955633627062
Exchange,JPY,USD,2014-01-20,0.009587543863013174
Exchange,JPY,USD,2014-01-21,0.009568096140230017
Exchange,JPY,USD,2014-01-22,0.009684761028521621
Exchange,JPY,USD,2014-01-23,0.009767437317471015
Exchange,JPY,USD,2014-01-26,0.009751435898936118
Exchange,JPY,USD,2014-01-27,0.009714019272614236
Exchange,JPY,USD,2014-01-28,0.009776509004164793
Exchange,JPY,USD,2014-01-29,0.009735392044237621
Exchange,JPY,USD,2014-01-30,0.00980228785398512
Exchange,JPY,USD,2014-02-02,0.009902362703741112
Exchange,JPY,USD,2014-02-03,0.009838065442811326
Exchange,JPY,USD,2014-02-04,0.009857072449482503
Exchange,JPY,USD,2014-02-05,0.009793935595079527
Exchange,JPY,USD,2014-02-06,0.00976810518295661
Exchange,JPY,USD,2014-02-09,0.009778516599031927
Exchange,JPY,USD,2014-02-10,0.009743929531901625
Exchange,JPY,USD,2014-02-11,0.00975267223219162
Exchange,JPY,USD,2014-02-12,0.00978799209130239
Exchange,JPY,USD,2014-02-13,0.009822603775808892
Exchange,JPY,USD,2014-02-16,0.009812002040896425
Exchange,JPY,USD,2014-02-17,0.009769536630877597
Exchange,JPY,USD,2014-02-18,0.00977497996129108
Exchange,JPY,USD,2014-02-19,0.00977784730913642
Exchange,JPY,USD,2014-02-20,0.009758192002185835
Exchange,JPY,USD,2014-02-23,0.009756668683044862
Exchange,JPY,USD,2014-02-24,0.009781386022399374
Exchange,JPY,USD,2014-02-25,0.009767723534353083
Exchange,JPY,USD,2014-02-26,0.009792209318266387
Exchange,JPY,USD,2014-02-27,0.009824823398799407
Exchange,JPY,USD,2014-03-02,0.009856975288562952
Exchange,JPY,USD,2014-03-03,0.009784544333770377
Exchange,JPY,USD,2014-03-04,0.009774788864560525
Exchange,JPY,USD,2014-03-05,0.009701485297399032
Exchange,JPY,USD,2014-03-06,0.009685699065330039
Exchange,JPY,USD,2014-03-09,0.009683448082193107
Exchange,JPY,USD,2014-03-10,0.009706853038245
Exchange,JPY,USD,2014-03-11,0.00973179181750944
Exchange,JPY,USD,2014-03-12,0.009819517272530883
Exchange,JPY,USD,2014-03-13,0.009865824782951855
Exchange,JPY,USD,2014-03-16,0.009826174964871424
Exchange,JPY,USD,2014-03-17,0.009858335715764464
Exchange,JPY,USD,2014-03-18,0.009772496286451412
Exchange,JPY,USD,2014-03-19,0.009766387999062428
Exchange,JPY,USD,2014-03-20,0.009779568525436657
Exchange,JPY,USD,2014-03-23,0.00978023805099416
Exchange,JPY,USD,2014-03-24,0.009778994719342852
Exchange,JPY,USD,2014-03-25,0.009799790284487912
Exchange,JPY,USD,2014-03-26,0.009786076370539996
Exchange,JPY,USD,2014-03-27,0.00972582888376662
Exchange,JPY,USD,2014-03-30,0.009687669534216849
Exchange,JPY,USD,2014-03-31,0.009646922631680495
Exchange,JPY,USD,2014-04-01,0.009626955475330927
Exchange,JPY,USD,2014-04-02,0.00962149056131776
Exchange,JPY,USD,2014-04-03,0.00968110442039228
Exchange,JPY,USD,2014-04-06,0.009699321047526674
Exchange,JPY,USD,2014-04-07,0.009822603775808892
Exchange,JPY,USD,2014-04-08,0.009804209927742972
Exchange,JPY,USD,2014-04-09,0.009849111610132766
Exchange,JPY,USD,2014-04-10,0.009840969925995906
Exchange,JPY,USD,2014-04-13,0.009818167537210855
Exchange,JPY,USD,2014-04-14,0.009812194595443217
Exchange,JPY,USD,2014-04-15,0.009781481698847742
Exchange,JPY,USD,2014-04-16,0.009766960326607154
Exchange,JPY,USD,2014-04-17,0.00976390868792595
Exchange,JPY,USD,2014-04-20,0.009746398705678252
Exchange,JPY,USD,2014-04-21,0.009745068995088485
Exchange,JPY,USD,2014-04-22,0.009752482006670699
Exchange,JPY,USD,2014-04-23,0.009774597775301546
Exchange,JPY,USD,2014-04-24,0.009785501800532332
Exchange,JPY,USD,2014-04-27,0.009756859071927564
Exchange,JPY,USD,2014-04-28,0.009742695414113269
Exchange,JPY,USD,2014-04-29,0.009781003335322136
Exchange,JPY,USD,2014-04-30,0.009772496286451412
Exchange,JPY,USD,2014-05-01,0.009782438566285804
Exchange,JPY,USD,2014-05-04,0.009790100250626566
Exchange,JPY,USD,2014-05-05,0.009834582325288645
Exchange,JPY,USD,2014-05-06,0.009813157481551264
Exchange,JPY,USD,2014-05-07,0.009836904129532354
Exchange,JPY,USD,2014-05-08,0.009818745949767295
Exchange,JPY,USD,2014-05-11,0.009792209318266387
Exchange,JPY,USD,2014-05-12,0.009778803465607949
Exchange,JPY,USD,2014-05-13,0.009813735303931382
Exchange,JPY,USD,2014-05-14,0.009844457570387872
Exchange,JPY,USD,2014-05-15,0.009850858009732648
Exchange,JPY,USD,2014-05-18,0.009852410884943544
Exchange,JPY,USD,2014-05-19,0.009868745682423763
Exchange,JPY,USD,2014-05-20,0.009865824782951855
Exchange,JPY,USD,2014-05-21,0.009829555507499952
Exchange,JPY,USD,2014-05-22,0.00980507510687532
Exchange,JPY,USD,2014-05-25,0.009809691975671964
Exchange,JPY,USD,2014-05-26,0.009806805923310779
Exchange,JPY,USD,2014-05-27,0.009818745949767295
Exchange,JPY,USD,2014-05-28,0.009824533825869963
Exchange,JPY,USD,2014-05-29,0.009830038632051823
Exchange,JPY,USD,2014-06-01,0.009766387999062428
Exchange,JPY,USD,2014-06-02,0.0097551458394303
Exchange,JPY,USD,2014-06-03,0.009732738987405835
Exchange,JPY,USD,2014-06-04,0.009764480724915049
Exchange,JPY,USD,2014-06-05,0.009758192002185835
Exchange,JPY,USD,2014-06-08,0.009753242953281966
Exchange,JPY,USD,2014-06-09,0.009770777558478104
Exchange,JPY,USD,2014-06-10,0.0097964301808421
Exchange,JPY,USD,2014-06-11,0.00983303506460304
Exchange,JPY,USD,2014-06-12,0.009801423166643798
Exchange,JPY,USD,2014-06-15,0.009819324430479183
Exchange,JPY,USD,2014-06-16,0.00978952520802741
Exchange,JPY,USD,2014-06-17,0.00981065437064652
Exchange,JPY,USD,2014-06-18,0.009809595746559284
Exchange,JPY,USD,2014-06-19,0.009796526151826563
Exchange,JPY,USD,2014-06-22,0.009809691975671964
Exchange,JPY,USD,2014-06-23,0.009806421244630985
Exchange,JPY,USD,2014-06-24,0.0098159509202454
Exchange,JPY,USD,2014-06-25,0.009830038632051823
Exchange,JPY,USD,2014-06-26,0.009857752629555514
Exchange,JPY,USD,2014-06-29,0.00986845351464972
Exchange,JPY,USD,2014-06-30,0.009849790691947795
Exchange,JPY,USD,2014-07-01,0.009825402595871367
Exchange,JPY,USD,2014-07-02,0.009785310292189365
Exchange,JPY,USD,2014-07-03,0.009796622124691408
Exchange,JPY,USD,2014-07-06,0.0098173964264677
Exchange,JPY,USD,2014-07-07,0.009845523732634958
Exchange,JPY,USD,2014-07-08,0.009839033413357472
Exchange,JPY,USD,2014-07-09,0.009867771857114663
Exchange,JPY,USD,2014-07-10,0.009869330069874857
Exchange,JPY,USD,2014-07-13,0.009848529614528551
Exchange,JPY,USD,2014-07-14,0.009834582325288645
Exchange,JPY,USD,2014-07-15,0.00983477576711251
Exchange,JPY,USD,2014-07-16,0.009883669213358766
Exchange,JPY,USD,2014-07-17,0.009868940470551082
Exchange,JPY,USD,2014-07-20,0.00986232198508817
Exchange,JPY,USD,2014-07-21,0.00985590664485226
Exchange,JPY,USD,2014-07-22,0.0098542555602637
Exchange,JPY,USD,2014-07-23,0.009821831968098691
Exchange,JPY,USD,2014-07-24,0.00982009584413544
Exchange,JPY,USD,2014-07-27,0.00981730004614131
Exchange,JPY,USD,2014-07-28,0.009792496988807176
Exchange,JPY,USD,2014-07-29,0.009728383531792357
Exchange,JPY,USD,2014-07-30,0.009728099615740065
Exchange,JPY,USD,2014-07-31,0.009745638826625085
Exchange,JPY,USD,2014-08-03,0.009748679053988185
Exchange,JPY,USD,2014-08-04,0.009746968692736559
Exchange,JPY,USD,2014-08-05,0.009794607089336611
Exchange,JPY,USD,2014-08-06,0.009794703024604294
Exchange,JPY,USD,2014-08-07,0.009801615306202462
Exchange,JPY,USD,2014-08-10,0.009785310292189365
Exchange,JPY,USD,2014-08-11,0.009779185980558979
Exchange,JPY,USD,2014-08-12,0.009764099359475082
Exchange,JPY,USD,2014-08-13,0.009760668410572756
Exchange,JPY,USD,2014-08-14,0.009769727522299404
Exchange,JPY,USD,2014-08-17,0.009749439407234085
Exchange,JPY,USD,2014-08-18,0.00971685096293993
Exchange,JPY,USD,2014-08-19,0.009637625289128758
Exchange,JPY,USD,2014-08-20,0.009629458439257376
Exchange,JPY,USD,2014-08-21,0.009620379812595002
Exchange,JPY,USD,2014-08-24,0.009610209886983932
Exchange,JPY,USD,2014-08-25,0.009609471094710947
Exchange,JPY,USD,2014-08-26,0.009626492106276474
Exchange,JPY,USD,2014-08-27,0.009640784374216687
Exchange,JPY,USD,2014-08-28,0.009607993850883935
Exchange,JPY,USD,2014-08-31,0.009583133684714902
Exchange,JPY,USD,2014-09-01,0.009515472157728466
Exchange,JPY,USD,2014-09-02,0.009542348944616206
Exchange,JPY,USD,2014-09-03,0.009500194753992457
Exchange,JPY,USD,2014-09-04,0.009516196566556279
Exchange,JPY,USD,2014-09-07,0.009431470932206587
Exchange,JPY,USD,2014-09-08,0.009415841211253814
Exchange,JPY,USD,2014-09-09,0.009358038555118848
Exchange,JPY,USD,2014-09-10,0.009337068160597572
Exchange,JPY,USD,2014-09-11,0.009315150160220583
Exchange,JPY,USD,2014-09-14,0.009329576623812811
Exchange,JPY,USD,2014-09-15,0.009334453467749464
Exchange,JPY,USD,2014-09-16,0.009227560878832898
Exchange,JPY,USD,2014-09-17,0.009201071004664942
Exchange,JPY,USD,2014-09-18,0.009171114657275445
Exchange,JPY,USD,2014-09-21,0.009188051857364682
Exchange,JPY,USD,2014-09-22,0.009184085816097866
Exchange,JPY,USD,2014-09-23,0.009170610028979127
Exchange,JPY,USD,2014-09-24,0.009195233191113728
Exchange,JPY,USD,2014-09-25,0.009150135422004246
Exchange,JPY,USD,2014-09-28,0.009133587855981586
Exchange,JPY,USD,2014-09-29,0.009119760697479298
Exchange,JPY,USD,2014-09-30,0.009183748438762764
Exchange,JPY,USD,2014-10-01,0.009223390518354546
Exchange,JPY,USD,2014-10-02,0.009110455158339711
Exchange,JPY,USD,2014-10-05,0.009192866335723478
Exchange,JPY,USD,2014-10-06,0.009256945023003508
Exchange,JPY,USD,2014-10-07,0.00925266245362103
Exchange,JPY,USD,2014-10-08,0.009273083021912295
Exchange,JPY,USD,2014-10-09,0.009289277387112056
Exchange,JPY,USD,2014-10-12,0.00935970273584111
Exchange,JPY,USD,2014-10-13,0.009341080202514618
Exchange,JPY,USD,2014-10-14,0.009440196356084205
Exchange,JPY,USD,2014-10-15,0.009405391170218769
Exchange,JPY,USD,2014-10-16,0.00935558715664995
Exchange,JPY,USD,2014-10-19,0.009350425911900287
Exchange,JPY,USD,2014-10-20,0.00934596908353427
Exchange,JPY,USD,2014-10-21,0.009334192079004601
Exchange,JPY,USD,2014-10-22,0.009236339453947612
Exchange,JPY,USD,2014-10-23,0.009245562130177515
Exchange,JPY,USD,2014-10-26,0.009274373052381659
Exchange,JPY,USD,2014-10-27,0.00924470740501063
Exchange,JPY,USD,2014-10-28,0.00918366409830194
Exchange,JPY,USD,2014-10-29,0.009155999926752
Exchange,JPY,USD,2014-10-30,0.008902579077158653
Exchange,JPY,USD,2014-11-02,0.008767930417704205
Exchange,JPY,USD,2014-11-03,0.008802971883307805
Exchange,JPY,USD,2014-11-04,0.00872288273828735
Exchange,JPY,USD,2014-11-05,0.008679952781056871
Exchange,JPY,USD,2014-11-06,0.008726308073580229
Exchange,JPY,USD,2014-11-09,0.00870663009882025
Exchange,JPY,USD,2014-11-10,0.00863759253020998
Exchange,JPY,USD,2014-11-11,0.008660858117822313
Exchange,JPY,USD,2014-11-12,0.008638114817822158
Exchange,JPY,USD,2014-11-13,0.008600301010535369
Exchange,JPY,USD,2014-11-16,0.008574343848337006
Exchange,JPY,USD,2014-11-17,0.00855776060520483
Exchange,JPY,USD,2014-11-18,0.008476946942789085
Exchange,JPY,USD,2014-11-19,0.008458161703135441
Exchange,JPY,USD,2014-11-20,0.008484210883545722
Exchange,JPY,USD,2014-11-23,0.008454872120059184
Exchange,JPY,USD,2014-11-24,0.00847658766486963
Exchange,JPY,USD,2014-11-25,0.00849307389823599
Exchange,JPY,USD,2014-11-26,0.008495021917156547
Exchange,JPY,USD,2014-11-27,0.008430494785738974
Exchange,JPY,USD,2014-11-30,0.008445803280349993
Exchange,JPY,USD,2014-12-01,0.00838813582069521
Exchange,JPY,USD,2014-12-02,0.0083478028582877
Exchange,JPY,USD,2014-12-03,0.008348360382020971
Exchange,JPY,USD,2014-12-04,0.008232349841938883
Exchange,JPY,USD,2014-12-07,0.008285690612312536
Exchange,JPY,USD,2014-12-08,0.008354637659364714
Exchange,JPY,USD,2014-12-09,0.008487451303248147
Exchange,JPY,USD,2014-12-10,0.008428292090890702
Exchange,JPY,USD,2014-12-11,0.008416658250008417
Exchange,JPY,USD,2014-12-14,0.008488243782361429
Exchange,JPY,USD,2014-12-15,0.00859017970655946
Exchange,JPY,USD,2014-12-16,0.008428931464358264
Exchange,JPY,USD,2014-12-17,0.008414604387374729
Exchange,JPY,USD,2014-12-18,0.008367220576668843
Exchange,JPY,USD,2014-12-21,0.008330695279828054
Exchange,JPY,USD,2014-12-22,0.008285690612312536
Exchange,JPY,USD,2014-12-23,0.008301510874979247
Exchange,JPY,USD,2014-12-25,0.008306889734345665
Exchange,JPY,USD,2014-12-28,0.008286857872100635
Exchange,JPY,USD,2014-12-29,0.008370162046337217
Exchange,JPY,USD,2014-12-30,0.008341396683460678
Exchange,JPY,USD,2015-01-01,0.008299168423323983
Exchange,JPY,USD,2015-01-04,0.008358688020328329
Exchange,JPY,USD,2015-01-05,0.008447087444249223
Exchange,JPY,USD,2015-01-06,0.008385533277988813
Exchange,JPY,USD,2015-01-07,0.008356941693617803
Exchange,JPY,USD,2015-01-08,0.00843575748884371
Exchange,JPY,USD,2015-01-11,0.008449656943928076
Exchange,JPY,USD,2015-01-12,0.008480109902224333
Exchange,JPY,USD,2015-01-13,0.008522824123001399
Exchange,JPY,USD,2015-01-14,0.008608593097630055
Exchange,JPY,USD,2015-01-15,0.008501666326600014
Exchange,JPY,USD,2015-01-18,0.008506439374606576
Exchange,JPY,USD,2015-01-19,0.00841651657212113
Exchange,JPY,USD,2015-01-20,0.008477881207928514
Exchange,JPY,USD,2015-01-21,0.008438676140487081
Exchange,JPY,USD,2015-01-22,0.008488964346349746
Exchange,JPY,USD,2015-01-25,0.00844195313027622
Exchange,JPY,USD,2015-01-26,0.008484354849657231
Exchange,JPY,USD,2015-01-27,0.008508031581813232
Exchange,JPY,USD,2015-01-28,0.008453728516962406
Exchange,JPY,USD,2015-01-29,0.008508103969030501
Exchange,JPY,USD,2015-02-01,0.008503545978673107
Exchange,JPY,USD,2015-02-02,0.008505715841045182
Exchange,JPY,USD,2015-02-03,0.008527911855503062
Exchange,JPY,USD,2015-02-04,0.008508465923593975
Exchange,JPY,USD,2015-02-05,0.008393909379354341
Exchange,JPY,USD,2015-02-08,0.008429357767231714
Exchange,JPY,USD,2015-02-09,0.008373596375907488
Exchange,JPY,USD,2015-02-10,0.00830137304710199
Exchange,JPY,USD,2015-02-11,0.00839567119193344
Exchange,JPY,USD,2015-02-12,0.0084175792725528
Exchange,JPY,USD,2015-02-15,0.008440243079000674
Exchange,JPY,USD,2015-02-16,0.008386306838194595
Exchange,JPY,USD,2015-02-17,0.008418500496691529
Exchange,JPY,USD,2015-02-18,0.00840738841293729
Exchange,JPY,USD,2015-02-19,0.008402655239055541
Exchange,JPY,USD,2015-02-22,0.008416587410468551
Exchange,JPY,USD,2015-02-23,0.008404773911581778
Exchange,JPY,USD,2015-02-24,0.008413259296651522
Exchange,JPY,USD,2015-02-25,0.008373946976167746
Exchange,JPY,USD,2015-02-26,0.008360784576024615
Exchange,JPY,USD,2015-03-01,0.008324176738920521
Exchange,JPY,USD,2015-03-02,0.0083515675892365
Exchange,JPY,USD,2015-03-03,0.008355056480181805
Exchange,JPY,USD,2015-03-04,0.008324038157390913
Exchange,JPY,USD,2015-03-05,0.00827629586102444
Exchange,JPY,USD,2015-03-08,0.008254230293025175
Exchange,JPY,USD,2015-03-09,0.008254502831294471
Exchange,JPY,USD,2015-03-10,0.00823363770347377
Exchange,JPY,USD,2015-03-11,0.008245110649384914
Exchange,JPY,USD,2015-03-12,0.008238318064983853
Exchange,JPY,USD,2015-03-15,0.008241305422778967
Exchange,JPY,USD,2015-03-16,0.008238996819747229
Exchange,JPY,USD,2015-03-17,0.00832514693884347
Exchange,JPY,USD,2015-03-18,0.00828006491570894
Exchange,JPY,USD,2015-03-19,0.008328475056217206
Exchange,JPY,USD,2015-03-22,0.008352404657300838
Exchange,JPY,USD,2015-03-23,0.008350521490067054
Exchange,JPY,USD,2015-03-24,0.008369041242635244
Exchange,JPY,USD,2015-03-25,0.00838982482045775
Exchange,JPY,USD,2015-03-26,0.008394473078924835
Exchange,JPY,USD,2015-03-29,0.008328336331534413
Exchange,JPY,USD,2015-03-30,0.00832348387741173
Exchange,JPY,USD,2015-03-31,0.008350660954814574
Exchange,JPY,USD,2015-04-01,0.008352544184958738
Exchange,JPY,USD,2015-04-02,0.008403926314374074
Exchange,JPY,USD,2015-04-05,0.008365680631776201
Exchange,JPY,USD,2015-04-06,0.008314901967305804
Exchange,JPY,USD,2015-04-07,0.008324176738920521
Exchange,JPY,USD,2015-04-08,0.00829338685332316
Exchange,JPY,USD,2015-04-09,0.008319605983460624
Exchange,JPY,USD,2015-04-12,0.008324315325064514
Exchange,JPY,USD,2015-04-13,0.008375419817918372
Exchange,JPY,USD,2015-04-14,0.008393768466290627
Exchange,JPY,USD,2015-04-15,0.008403149500432762
Exchange,JPY,USD,2015-04-16,0.008409085175623745
Exchange,JPY,USD,2015-04-19,0.008390106386548982
Exchange,JPY,USD,2015-04-20,0.008356313194618534
Exchange,JPY,USD,2015-04-21,0.008339588024351597
Exchange,JPY,USD,2015-04-22,0.008362322718758362
Exchange,JPY,USD,2015-04-23,0.008405762991106703
Exchange,JPY,USD,2015-04-26,0.008400537634408602
Exchange,JPY,USD,2015-04-27,0.008412126922171002
Exchange,JPY,USD,2015-04-28,0.008402090440101498
Exchange,JPY,USD,2015-04-29,0.008376893177858195
Exchange,JPY,USD,2015-04-30,0.008318775476249896
Exchange,JPY,USD,2015-05-03,0.008324869715788948
Exchange,JPY,USD,2015-05-04,0.008342927700188551
Exchange,JPY,USD,2015-05-05,0.008370862701109975
Exchange,JPY,USD,2015-05-06,0.008351288603831572
Exchange,JPY,USD,2015-05-07,0.008347663488989432
Exchange,JPY,USD,2015-05-10,0.008327226700419693
Exchange,JPY,USD,2015-05-11,0.008342440497543152
Exchange,JPY,USD,2015-05-12,0.00839278220730172
Exchange,JPY,USD,2015-05-13,0.00839137366786943
Exchange,JPY,USD,2015-05-14,0.008378788259641891
Exchange,JPY,USD,2015-05-17,0.008334444592612348
Exchange,JPY,USD,2015-05-18,0.008285896575438946
Exchange,JPY,USD,2015-05-19,0.008239675686364984
Exchange,JPY,USD,2015-05-20,0.008262687356435807
Exchange,JPY,USD,2015-05-21,0.008228150147283887
Exchange,JPY,USD,2015-05-24,0.008226390259953932
Exchange,JPY,USD,2015-05-25,0.00812209127606176
Exchange,JPY,USD,2015-05-26,0.008086296961169602
Exchange,JPY,USD,2015-05-27,0.00806750891459735
Exchange,JPY,USD,2015-05-28,0.008055031978476955
Exchange,JPY,USD,2015-05-31,0.00801371948776305
Exchange,JPY,USD,2015-06-01,0.008057108787082844
Exchange,JPY,USD,2015-06-02,0.008049715040087582
Exchange,JPY,USD,2015-06-03,0.008040653544320082
Exchange,JPY,USD,2015-06-04,0.007961846829990684
Exchange,JPY,USD,2015-06-07,0.00803264466793047
Exchange,JPY,USD,2015-06-08,0.008041946794480007
Exchange,JPY,USD,2015-06-09,0.00815168658395422
Exchange,JPY,USD,2015-06-10,0.008102283223412358
Exchange,JPY,USD,2015-06-11,0.008103268048003761
Exchange,JPY,USD,2015-06-14,0.008104121756325267
Exchange,JPY,USD,2015-06-15,0.008106683960925783
Exchange,JPY,USD,2015-06-16,0.008100970496265453
Exchange,JPY,USD,2015-06-17,0.008133122956552857
Exchange,JPY,USD,2015-06-18,0.008149361497526668
Exchange,JPY,USD,2015-06-21,0.008105369807497468
Exchange,JPY,USD,2015-06-22,0.008068420203324189
Exchange,JPY,USD,2015-06-23,0.00807434860192654
Exchange,JPY,USD,2015-06-24,0.008089305937550558
Exchange,JPY,USD,2015-06-25,0.008074544191980362
Exchange,JPY,USD,2015-06-28,0.00816006789176486
Exchange,JPY,USD,2015-06-29,0.008163331945566904
Exchange,JPY,USD,2015-06-30,0.008118794196685908
Exchange,JPY,USD,2015-07-01,0.00812598527571468
Exchange,JPY,USD,2015-07-02,0.00814524602715625
Exchange,JPY,USD,2015-07-05,0.008158403563590677
Exchange,JPY,USD,2015-07-06,0.00816046743157448
Exchange,JPY,USD,2015-07-07,0.008285004142502071
Exchange,JPY,USD,2015-07-08,0.008241441263248116
Exchange,JPY,USD,2015-07-09,0.008143455105132005
Exchange,JPY,USD,2015-07-12,0.008101758081503686
Exchange,JPY,USD,2015-07-13,0.008104712890545852
Exchange,JPY,USD,2015-07-14,0.008079632861482774
Exchange,JPY,USD,2015-07-15,0.008055031978476955
Exchange,JPY,USD,2015-07-16,0.008060355945318546
Exchange,JPY,USD,2015-07-19,0.008046217473165865
Exchange,JPY,USD,2015-07-20,0.008071676487206393
Exchange,JPY,USD,2015-07-21,0.008066207430590284
Exchange,JPY,USD,2015-07-22,0.008070438789756999
Exchange,JPY,USD,2015-07-23,0.008077544426494346
Exchange,JPY,USD,2015-07-26,0.008113853593625757
Exchange,JPY,USD,2015-07-27,0.008093561571769657
Exchange,JPY,USD,2015-07-28,0.008068355104444857
Exchange,JPY,USD,2015-07-29,0.008055096862539772
Exchange,JPY,USD,2015-07-30,0.008073696703509636
Exchange,JPY,USD,2015-08-02,0.008062435500515996
Exchange,JPY,USD,2015-08-03,0.008039877793857534
Exchange,JPY,USD,2015-08-04,0.008008456930518628
Exchange,JPY,USD,2015-08-05,0.00801667468334135
Exchange,JPY,USD,2015-08-06,0.008050103846339618
Exchange,JPY,USD,2015-08-09,0.008023943447246584
Exchange,JPY,USD,2015-08-10,0.007992071864710208
Exchange,JPY,USD,2015-08-11,0.008050881571532083
Exchange,JPY,USD,2015-08-12,0.008036517937508036
Exchange,JPY,USD,2015-08-13,0.008042917005139424
Exchange,JPY,USD,2015-08-16,0.008039360710036338
Exchange,JPY,USD,2015-08-17,0.008037939072421832
Exchange,JPY,USD,2015-08-18,0.008077479180297413
Exchange,JPY,USD,2015-08-19,0.008103465041651811
Exchange,JPY,USD,2015-08-20,0.008194639067122289
Exchange,JPY,USD,2015-08-23,0.008443877766425453
Exchange,JPY,USD,2015-08-24,0.00841283462049703
Exchange,JPY,USD,2015-08-25,0.008340144451301896
Exchange,JPY,USD,2015-08-26,0.008262277744728668
Exchange,JPY,USD,2015-08-27,0.008214901831923109
Exchange,JPY,USD,2015-08-28,0.008215914225855481
Exchange,JPY,USD,2015-08-30,0.008249191579225235
Exchange,JPY,USD,2015-08-31,0.008376612497905847
Exchange,JPY,USD,2015-09-01,0.008310410451172184
Exchange,JPY,USD,2015-09-02,0.008329238124588745
Exchange,JPY,USD,2015-09-03,0.008402090440101498
Exchange,JPY,USD,2015-09-06,0.008383775717232013
Exchange,JPY,USD,2015-09-07,0.008346200392271418
Exchange,JPY,USD,2015-09-08,0.00829827312936178
Exchange,JPY,USD,2015-09-09,0.008289811821271658
Exchange,JPY,USD,2015-09-10,0.008292561572269675
Exchange,JPY,USD,2015-09-13,0.008317045785337047
Exchange,JPY,USD,2015-09-14,0.008304130474498015
Exchange,JPY,USD,2015-09-15,0.008294143505270928
Exchange,JPY,USD,2015-09-16,0.0083329861255781
Exchange,JPY,USD,2015-09-17,0.008334305668994716
Exchange,JPY,USD,2015-09-20,0.00829462508294625
Exchange,JPY,USD,2015-09-21,0.00832209850035785
Exchange,JPY,USD,2015-09-22,0.00831434890333738
Exchange,JPY,USD,2015-09-23,0.008329168748958853
Exchange,JPY,USD,2015-09-24,0.008291873963515755
Exchange,JPY,USD,2015-09-27,0.00833861445582202
Exchange,JPY,USD,2015-09-28,0.008351497841137808
Exchange,JPY,USD,2015-09-29,0.008341814177747377
Exchange,JPY,USD,2015-09-30,0.00833861445582202
Exchange,JPY,USD,2015-10-01,0.008340005337603417
Exchange,JPY,USD,2015-10-04,0.008301441960468534
Exchange,JPY,USD,2015-10-05,0.008317184134139545
Exchange,JPY,USD,2015-10-06,0.008332500083325001
Exchange,JPY,USD,2015-10-07,0.008337919188887221
Exchange,JPY,USD,2015-10-08,0.008317875947198124
Exchange,JPY,USD,2015-10-11,0.008330556481172941
Exchange,JPY,USD,2015-10-12,0.008351288603831572
Exchange,JPY,USD,2015-10-13,0.008415312502629784
Exchange,JPY,USD,2015-10-14,0.00841057040488486
Exchange,JPY,USD,2015-10-15,0.008371703641691083
Exchange,JPY,USD,2015-10-18,0.008368200836820083
Exchange,JPY,USD,2015-10-19,0.008344180768332165
Exchange,JPY,USD,2015-10-20,0.008338058232998699
Exchange,JPY,USD,2015-10-21,0.008285553309249993
Exchange,JPY,USD,2015-10-22,0.008232688713807043
Exchange,JPY,USD,2015-10-25,0.008257911078813502
Exchange,JPY,USD,2015-10-26,0.008301786544464368
Exchange,JPY,USD,2015-10-27,0.008258320257659591
Exchange,JPY,USD,2015-10-28,0.008256274768824306
Exchange,JPY,USD,2015-10-29,0.008291048983517395
Exchange,JPY,USD,2015-11-01,0.008281230590865803
Exchange,JPY,USD,2015-11-02,0.00825941159951765
Exchange,JPY,USD,2015-11-03,0.008227067050596462
Exchange,JPY,USD,2015-11-04,0.008213552361396304
Exchange,JPY,USD,2015-11-05,0.008119651179785317
Exchange,JPY,USD,2015-11-08,0.008118596457044505
Exchange,JPY,USD,2015-11-09,0.008119123784161214
Exchange,JPY,USD,2015-11-10,0.008139478096664442
Exchange,JPY,USD,2015-11-11,0.008155542506687544
Exchange,JPY,USD,2015-11-12,0.00815620768967261
Exchange,JPY,USD,2015-11-15,0.00811853054597118
Exchange,JPY,USD,2015-11-16,0.008100970496265453
Exchange,JPY,USD,2015-11-17,0.008087997411840828
Exchange,JPY,USD,2015-11-18,0.008139014365360355
Exchange,JPY,USD,2015-11-19,0.008143786697938808
Exchange,JPY,USD,2015-11-22,0.0081406707912732
Exchange,JPY,USD,2015-11-23,0.008160867010511197
Exchange,JPY,USD,2015-11-24,0.008149427910160706
Exchange,JPY,USD,2015-11-25,0.008157405292524554
Exchange,JPY,USD,2015-11-26,0.008144781638404274
Exchange,JPY,USD,2015-11-29,0.00812248710555172
Exchange,JPY,USD,2015-11-30,0.008138020833333334
Exchange,JPY,USD,2015-12-01,0.008113853593625757
Exchange,JPY,USD,2015-12-02,0.00815600812338409
Exchange,JPY,USD,2015-12-03,0.008122289185984177
Exchange,JPY,USD,2015-12-06,0.008105698305909053
Exchange,JPY,USD,2015-12-07,0.008134644638048987
Exchange,JPY,USD,2015-12-08,0.008234519104084322
Exchange,JPY,USD,2015-12-09,0.008225984239014198
Exchange,JPY,USD,2015-12-10,0.008265692417053777
Exchange,JPY,USD,2015-12-13,0.008261868173631422
Exchange,JPY,USD,2015-12-14,0.0082185476182649
Exchange,JPY,USD,2015-12-15,0.008182770358732652
Exchange,JPY,USD,2015-12-16,0.008159268929503916
Exchange,JPY,USD,2015-12-17,0.008253344667926677
Exchange,JPY,USD,2015-12-20,0.008251914444151043
Exchange,JPY,USD,2015-12-21,0.008259684480052862
Exchange,JPY,USD,2015-12-22,0.00827006731834797
Exchange,JPY,USD,2015-12-23,0.008313726794310085
Exchange,JPY,USD,2015-12-27,0.008306130755110348
Exchange,JPY,USD,2015-12-28,0.008301510874979247
Exchange,JPY,USD,2015-12-29,0.008296414289743972
Exchange,JPY,USD,2015-12-30,0.008318844678851
Exchange,JPY,USD,2016-01-03,0.00837205408346938
Exchange,JPY,USD,2016-01-04,0.008398914860200063
Exchange,JPY,USD,2016-01-05,0.00844059928254906
Exchange,JPY,USD,2016-01-06,0.008498342823149485
Exchange,JPY,USD,2016-01-07,0.008529657619543152
Exchange,JPY,USD,2016-01-10,0.00849177571521981
Exchange,JPY,USD,2016-01-11,0.008500293260117473
Exchange,JPY,USD,2016-01-12,0.008498631720293033
Exchange,JPY,USD,2016-01-13,0.008469910642442723
Exchange,JPY,USD,2016-01-14,0.008546058984899114
Exchange,JPY,USD,2016-01-17,0.008521952549768202
Exchange,JPY,USD,2016-01-18,0.008500943604740126
Exchange,JPY,USD,2016-01-19,0.008550882023480722
Exchange,JPY,USD,2016-01-20,0.008496465470364329
Exchange,JPY,USD,2016-01-21,0.008419280151547042
Exchange,JPY,USD,2016-01-24,0.008453371204436328
Exchange,JPY,USD,2016-01-25,0.00844430558253042
Exchange,JPY,USD,2016-01-26,0.008426019548365351
Exchange,JPY,USD,2016-01-27,0.008416233230655289
Exchange,JPY,USD,2016-01-28,0.008255320554097115
Exchange,JPY,USD,2016-01-31,0.008265009256810367
Exchange,JPY,USD,2016-02-01,0.008335973058135077
Exchange,JPY,USD,2016-02-02,0.008483131293423029
Exchange,JPY,USD,2016-02-03,0.008563330107812326
Exchange,JPY,USD,2016-02-04,0.008556735434297106
Exchange,JPY,USD,2016-02-07,0.008632075064524762
Exchange,JPY,USD,2016-02-08,0.00868628609151871
Exchange,JPY,USD,2016-02-09,0.008822854722874134
Exchange,JPY,USD,2016-02-10,0.008894423196655697
Exchange,JPY,USD,2016-02-11,0.00883197173769044
Exchange,JPY,USD,2016-02-14,0.008726155779332972
Exchange,JPY,USD,2016-02-15,0.008765471056414571
Exchange,JPY,USD,2016-02-16,0.008765010079761592
Exchange,JPY,USD,2016-02-17,0.00882978817338172
Exchange,JPY,USD,2016-02-18,0.00888288800454804
Exchange,JPY,USD,2016-02-21,0.008855670285683924
Exchange,JPY,USD,2016-02-22,0.008920129163470288
Exchange,JPY,USD,2016-02-23,0.00891472177153351
Exchange,JPY,USD,2016-02-24,0.008850497397953764
Exchange,JPY,USD,2016-02-25,0.008773238114455665
Exchange,JPY,USD,2016-02-28,0.008873114463176575
Exchange,JPY,USD,2016-02-29,0.008771698990377446
Exchange,JPY,USD,2016-03-01,0.008812902088657796
Exchange,JPY,USD,2016-03-02,0.008795538902668567
Exchange,JPY,USD,2016-03-03,0.00878943158745924
Exchange,JPY,USD,2016-03-06,0.008813989564236355
Exchange,JPY,USD,2016-03-07,0.008878786802571297
Exchange,JPY,USD,2016-03-08,0.008823010411152285
Exchange,JPY,USD,2016-03-09,0.008832829862031197
Exchange,JPY,USD,2016-03-10,0.00878410428488607
Exchange,JPY,USD,2016-03-13,0.008785956527087104
Exchange,JPY,USD,2016-03-14,0.008835795575033575
Exchange,JPY,USD,2016-03-15,0.00888351929500391
Exchange,JPY,USD,2016-03-16,0.008976660682226212
Exchange,JPY,USD,2016-03-17,0.008964268426053749
Exchange,JPY,USD,2016-03-20,0.008932559178204555
Exchange,JPY,USD,2016-03-21,0.008899805984229544
Exchange,JPY,USD,2016-03-22,0.008898301314279104
Exchange,JPY,USD,2016-03-23,0.008857709750566893
Exchange,JPY,USD,2016-03-24,0.008842358433841475
Exchange,JPY,USD,2016-03-27,0.008814921899791968
Exchange,JPY,USD,2016-03-28,0.008870753126940478
Exchange,JPY,USD,2016-03-29,0.008893632159373888
Exchange,JPY,USD,2016-03-30,0.008882730195953028
Exchange,JPY,USD,2016-03-31,0.00895038799931977
Exchange,JPY,USD,2016-04-03,0.008982304859426929
Exchange,JPY,USD,2016-04-04,0.009061910975786574
Exchange,JPY,USD,2016-04-05,0.00910854654922714
Exchange,JPY,USD,2016-04-06,0.009241460890137512
Exchange,JPY,USD,2016-04-07,0.009252576842650679
Exchange,JPY,USD,2016-04-10,0.009263547938860583
Exchange,JPY,USD,2016-04-11,0.009213023530062096
Exchange,JPY,USD,2016-04-12,0.009145783793671118
Exchange,JPY,USD,2016-04-13,0.009141436302471845
Exchange,JPY,USD,2016-04-14,0.009195571412807592
Exchange,JPY,USD,2016-04-17,0.009189065012634964
Exchange,JPY,USD,2016-04-18,0.009155832265152902
Exchange,JPY,USD,2016-04-19,0.009103654206798609
Exchange,JPY,USD,2016-04-20,0.009135506974959576
Exchange,JPY,USD,2016-04-21,0.008946224246056952
Exchange,JPY,USD,2016-04-24,0.008992967499415458
Exchange,JPY,USD,2016-04-25,0.008984080209868113
Exchange,JPY,USD,2016-04-26,0.00897223094522453
Exchange,JPY,USD,2016-04-27,0.009250608227490957
Exchange,JPY,USD,2016-04-28,0.009403799134850479
Exchange,JPY,USD,2016-05-01,0.009397524691996128
Exchange,JPY,USD,2016-05-02,0.009380599045055017
Exchange,JPY,USD,2016-05-03,0.009344833708684155
Exchange,JPY,USD,2016-05-04,0.00932331387868504
Exchange,JPY,USD,2016-05-05,0.009335150575978791
Exchange,JPY,USD,2016-05-08,0.00923122369101248
Exchange,JPY,USD,2016-05-09,0.00915197774239013
Exchange,JPY,USD,2016-05-10,0.009222624943511422
Exchange,JPY,USD,2016-05-11,0.009173133725943456
Exchange,JPY,USD,2016-05-12,0.009204289198766626
Exchange,JPY,USD,2016-05-15,0.009172124080494561
Exchange,JPY,USD,2016-05-16,0.00916237562075095
Exchange,JPY,USD,2016-05-17,0.009074739554974773
Exchange,JPY,USD,2016-05-18,0.00909438149111479
Exchange,JPY,USD,2016-05-19,0.009081414884438995
Exchange,JPY,USD,2016-05-22,0.009154742614411395
Exchange,JPY,USD,2016-05-23,0.009091652953423462
Exchange,JPY,USD,2016-05-24,0.00907391612071938
Exchange,JPY,USD,2016-05-25,0.009110123168865242
Exchange,JPY,USD,2016-05-26,0.00906758067879909
Exchange,JPY,USD,2016-05-29,0.008999766006083841
Exchange,JPY,USD,2016-05-30,0.009030650026188886
Exchange,JPY,USD,2016-05-31,0.009129251949095292
Exchange,JPY,USD,2016-06-01,0.009184845005740528
Exchange,JPY,USD,2016-06-02,0.009387379606856542
Exchange,JPY,USD,2016-06-05,0.009297914477782634
Exchange,JPY,USD,2016-06-06,0.00931298136472429
Exchange,JPY,USD,2016-06-07,0.009346755273906663
Exchange,JPY,USD,2016-06-08,0.009335847788337659
Exchange,JPY,USD,2016-06-09,0.009349551688996514
Exchange,JPY,USD,2016-06-12,0.009411321820149641
Exchange,JPY,USD,2016-06-13,0.009423916014060483
Exchange,JPY,USD,2016-06-14,0.00943360627900834
Exchange,JPY,USD,2016-06-15,0.009591866097549279
Exchange,JPY,USD,2016-06-16,0.009603288165867993
Exchange,JPY,USD,2016-06-19,0.009621120283245781
Exchange,JPY,USD,2016-06-20,0.009545445867776484
Exchange,JPY,USD,2016-06-21,0.009576892872876323
Exchange,JPY,USD,2016-06-22,0.009418679124439588
Exchange,JPY,USD,2016-06-23,0.009784735812133072
Exchange,JPY,USD,2016-06-26,0.009803633226473731
Exchange,JPY,USD,2016-06-27,0.009731981236740175
Exchange,JPY,USD,2016-06-28,0.00972582888376662
Exchange,JPY,USD,2016-06-29,0.009690861517588915
Exchange,JPY,USD,2016-06-30,0.009754099160172062
Exchange,JPY,USD,2016-07-03,0.00975124572164094
Exchange,JPY,USD,2016-07-04,0.00982936227097586
Exchange,JPY,USD,2016-07-05,0.009870499052432091
Exchange,JPY,USD,2016-07-06,0.00992299753909661
Exchange,JPY,USD,2016-07-07,0.009944212965264864
Exchange,JPY,USD,2016-07-10,0.009727058731980624
Exchange,JPY,USD,2016-07-11,0.009552101940031905
Exchange,JPY,USD,2016-07-12,0.009571026588311863
Exchange,JPY,USD,2016-07-13,0.009492439272119757
Exchange,JPY,USD,2016-07-14,0.009536706784413205
Exchange,JPY,USD,2016-07-17,0.009419921249458355
Exchange,JPY,USD,2016-07-18,0.009422850412249705
Exchange,JPY,USD,2016-07-19,0.009356637598712527
Exchange,JPY,USD,2016-07-20,0.00945072392545269
Exchange,JPY,USD,2016-07-21,0.009423738397022098
Exchange,JPY,USD,2016-07-24,0.009450902561194593
Exchange,JPY,USD,2016-07-25,0.009557488292076843
Exchange,JPY,USD,2016-07-26,0.009488386215272506
Exchange,JPY,USD,2016-07-27,0.009500104501149513
Exchange,JPY,USD,2016-07-28,0.009797389975310577
Exchange,JPY,USD,2016-07-31,0.00976629261765941
Exchange,JPY,USD,2016-08-01,0.009911785112498761
Exchange,JPY,USD,2016-08-02,0.009877518767285659
Exchange,JPY,USD,2016-08-03,0.00987917765725181
Exchange,JPY,USD,2016-08-04,0.009821253191907287
Exchange,JPY,USD,2016-08-07,0.009760763682150493
Exchange,JPY,USD,2016-08-08,0.009815276496338902
Exchange,JPY,USD,2016-08-09,0.009873227755617865
Exchange,JPY,USD,2016-08-10,0.009807382997920834
Exchange,JPY,USD,2016-08-11,0.009871375971096611
Exchange,JPY,USD,2016-08-14,0.009876250580229722
Exchange,JPY,USD,2016-08-15,0.009969294572716034
Exchange,JPY,USD,2016-08-16,0.009973172166871117
Exchange,JPY,USD,2016-08-17,0.01001181394044973
Exchange,JPY,USD,2016-08-18,0.009978048293753742
Exchange,JPY,USD,2016-08-21,0.009967704636976197
Exchange,JPY,USD,2016-08-22,0.009975758905858764
Exchange,JPY,USD,2016-08-23,0.009955201592832254
Exchange,JPY,USD,2016-08-24,0.00994708152628019
Exchange,JPY,USD,2016-08-25,0.009820674483923557
Exchange,JPY,USD,2016-08-28,0.009811713223245911
Exchange,JPY,USD,2016-08-29,0.00971203807118924
Exchange,JPY,USD,2016-08-30,0.009669122623813116
Exchange,JPY,USD,2016-08-31,0.009687012622177447
Exchange,JPY,USD,2016-09-01,0.009620750033672626
Exchange,JPY,USD,2016-09-04,0.009667907381447285
Exchange,JPY,USD,2016-09-05,0.009801999607920017
Exchange,JPY,USD,2016-09-06,0.009828782606986297
Exchange,JPY,USD,2016-09-07,0.009757430283160626
Exchange,JPY,USD,2016-09-08,0.009737572423194897
Exchange,JPY,USD,2016-09-11,0.009819131596001649
Exchange,JPY,USD,2016-09-12,0.009751055551763478
Exchange,JPY,USD,2016-09-13,0.009762955441871364
Exchange,JPY,USD,2016-09-14,0.009795470574406395
Exchange,JPY,USD,2016-09-15,0.009779185980558979
Exchange,JPY,USD,2016-09-18,0.009811616954474097
Exchange,JPY,USD,2016-09-19,0.009831294978174527
Exchange,JPY,USD,2016-09-20,0.0099676052828308
Exchange,JPY,USD,2016-09-21,0.009924179270374341
Exchange,JPY,USD,2016-09-22,0.009900990099009901
Exchange,JPY,USD,2016-09-25,0.009966512517939723
Exchange,JPY,USD,2016-09-26,0.009957184108334162
Exchange,JPY,USD,2016-09-27,0.00993147283742179
Exchange,JPY,USD,2016-09-28,0.009896972516107322
Exchange,JPY,USD,2016-09-29,0.00986650617149961
Exchange,JPY,USD,2016-10-02,0.00983767830791933
Exchange,JPY,USD,2016-10-03,0.009717795226618985
Exchange,JPY,USD,2016-10-04,0.009662209167504059
Exchange,JPY,USD,2016-10-05,0.009619546919340098
Exchange,JPY,USD,2016-10-06,0.009717417499125433
Exchange,JPY,USD,2016-10-09,0.009651298582224238
Exchange,JPY,USD,2016-10-10,0.009660715665816524
Exchange,JPY,USD,2016-10-11,0.009596376408268237
Exchange,JPY,USD,2016-10-12,0.00964348052499108
Exchange,JPY,USD,2016-10-13,0.009600061440393218
Exchange,JPY,USD,2016-10-16,0.009626121443148127
Exchange,JPY,USD,2016-10-17,0.009628160443665634
Exchange,JPY,USD,2016-10-18,0.009666692444513186
Exchange,JPY,USD,2016-10-19,0.009619639455913194
Exchange,JPY,USD,2016-10-20,0.009630942291393791
Exchange,JPY,USD,2016-10-23,0.00959858708798065
Exchange,JPY,USD,2016-10-24,0.009594719066625729
Exchange,JPY,USD,2016-10-25,0.00957139302054021
Exchange,JPY,USD,2016-10-26,0.00949811937236427
Exchange,JPY,USD,2016-10-27,0.00954890951453344
Exchange,JPY,USD,2016-10-30,0.00953980004579104
Exchange,JPY,USD,2016-10-31,0.009601351870343344
Exchange,JPY,USD,2016-11-01,0.00967997986564188
Exchange,JPY,USD,2016-11-02,0.009710812018100954
Exchange,JPY,USD,2016-11-03,0.009696875666660202
Exchange,JPY,USD,2016-11-06,0.009571576247176385
Exchange,JPY,USD,2016-11-07,0.009507872518445273
Exchange,JPY,USD,2016-11-08,0.009464498665505689
Exchange,JPY,USD,2016-11-09,0.009361893349310965
Exchange,JPY,USD,2016-11-10,0.00937356467290946
Exchange,JPY,USD,2016-11-13,0.009223135312618171
Exchange,JPY,USD,2016-11-14,0.009157844609692663
Exchange,JPY,USD,2016-11-15,0.00916791961568081
Exchange,JPY,USD,2016-11-16,0.009079600860746162
Exchange,JPY,USD,2016-11-17,0.009016238245079388
Exchange,JPY,USD,2016-11-20,0.009022827754218173
Exchange,JPY,USD,2016-11-21,0.00899668921836764
Exchange,JPY,USD,2016-11-22,0.00888683504256794
Exchange,JPY,USD,2016-11-23,0.008823944656219116
Exchange,JPY,USD,2016-11-24,0.00882978817338172
Exchange,JPY,USD,2016-11-27,0.00893479387430532
Exchange,JPY,USD,2016-11-28,0.008897588753447816
Exchange,JPY,USD,2016-11-29,0.008736523911865947
Exchange,JPY,USD,2016-11-30,0.008764549151591642
Exchange,JPY,USD,2016-12-01,0.008809408448222701
Exchange,JPY,USD,2016-12-04,0.008783332747777817
Exchange,JPY,USD,2016-12-05,0.008770545001666404
Exchange,JPY,USD,2016-12-06,0.008790436005625879
Exchange,JPY,USD,2016-12-07,0.008769622029290538
Exchange,JPY,USD,2016-12-08,0.008671522719389525
Exchange,JPY,USD,2016-12-11,0.008693837807761859
Exchange,JPY,USD,2016-12-12,0.00868145987429246
Exchange,JPY,USD,2016-12-13,0.008543868492776158
Exchange,JPY,USD,2016-12-14,0.008461668641056016
Exchange,JPY,USD,2016-12-15,0.008480829085851432
Exchange,JPY,USD,2016-12-18,0.008539928435399712
Exchange,JPY,USD,2016-12-19,0.008484354849657231
Exchange,JPY,USD,2016-12-20,0.008506511734732937
Exchange,JPY,USD,2016-12-21,0.008507742045261188
Exchange,JPY,USD,2016-12-22,0.008522751485089446
Exchange,JPY,USD,2016-12-26,0.008516436722875149
Exchange,JPY,USD,2016-12-27,0.008527984581403877
Exchange,JPY,USD,2016-12-28,0.008581039335484314
Exchange,JPY,USD,2016-12-29,0.00854576685438868
Exchange,JPY,USD,2017-01-02,0.008492713252029759
Exchange,JPY,USD,2017-01-03,0.008529002874273968
Exchange,JPY,USD,2017-01-04,0.008668215387815956
Exchange,JPY,USD,2017-01-05,0.008548323673727582
Exchange,JPY,USD,2017-01-08,0.008616975441619991
Exchange,JPY,USD,2017-01-09,0.008637219506296532
Exchange,JPY,USD,2017-01-10,0.008664460117490079
Exchange,JPY,USD,2017-01-11,0.008716951856274899
Exchange,JPY,USD,2017-01-12,0.0087337770092054
Exchange,JPY,USD,2017-01-15,0.008756644103713693
Exchange,JPY,USD,2017-01-16,0.008880442601259246
Exchange,JPY,USD,2017-01-17,0.008723872003349967
Exchange,JPY,USD,2017-01-18,0.008706251088281386
Exchange,JPY,USD,2017-01-19,0.008727145786970371
Exchange,JPY,USD,2017-01-22,0.008873114463176575
Exchange,JPY,USD,2017-01-23,0.008788736355486809
Exchange,JPY,USD,2017-01-24,0.00882768361581921
Exchange,JPY,USD,2017-01-25,0.008730803146581454
Exchange,JPY,USD,2017-01-26,0.008688550228508871
Exchange,JPY,USD,2017-01-29,0.008788890841975743
Exchange,JPY,USD,2017-01-30,0.008865091044485027
Exchange,JPY,USD,2017-01-31,0.00883017801638881
Exchange,JPY,USD,2017-02-01,0.008864776696275022
Exchange,JPY,USD,2017-02-02,0.008881310170876407
Exchange,JPY,USD,2017-02-05,0.008948946261577698
Exchange,JPY,USD,2017-02-06,0.008896955461840958
Exchange,JPY,USD,2017-02-07,0.008933995640210128
Exchange,JPY,USD,2017-02-08,0.00883017801638881
Exchange,JPY,USD,2017-02-09,0.008831815732996547
Exchange,JPY,USD,2017-02-12,0.008792136313281402
Exchange,JPY,USD,2017-02-13,0.008751662815935028
Exchange,JPY,USD,2017-02-14,0.008760096010652278
Exchange,JPY,USD,2017-02-15,0.00883033396323049
Exchange,JPY,USD,2017-02-16,0.008864540949746917
Exchange,JPY,USD,2017-02-19,0.008841498457158519
Exchange,JPY,USD,2017-02-20,0.008796389961559776
Exchange,JPY,USD,2017-02-21,0.008825034858887693
Exchange,JPY,USD,2017-02-22,0.00887910214519108
Exchange,JPY,USD,2017-02-23,0.008918617614269788
Exchange,JPY,USD,2017-02-26,0.008873901854645488
Exchange,JPY,USD,2017-02-27,0.008866112830151877
Exchange,JPY,USD,2017-02-28,0.008793064031092274
Exchange,JPY,USD,2017-03-01,0.008740800307676171
Exchange,JPY,USD,2017-03-02,0.008771545107670716
Exchange,JPY,USD,2017-03-05,0.008779939594015592
Exchange,JPY,USD,2017-03-06,0.008773469029654325
Exchange,JPY,USD,2017-03-07,0.008742252179006356
Exchange,JPY,USD,2017-03-08,0.008698526469616047
Exchange,JPY,USD,2017-03-09,0.008713989438644801
Exchange,JPY,USD,2017-03-12,0.008704583833846903
Exchange,JPY,USD,2017-03-13,0.008715508375603549
Exchange,JPY,USD,2017-03-14,0.00881974211074068
Exchange,JPY,USD,2017-03-15,0.008825657952800381
Exchange,JPY,USD,2017-03-16,0.008872405930316124
Exchange,JPY,USD,2017-03-19,0.008884308534266777
Exchange,JPY,USD,2017-03-20,0.008950708448573704
Exchange,JPY,USD,2017-03-21,0.00899644640367055
Exchange,JPY,USD,2017-03-22,0.009014693951140358
Exchange,JPY,USD,2017-03-23,0.008983031054338356
Exchange,JPY,USD,2017-03-26,0.009035954061209554
Exchange,JPY,USD,2017-03-27,0.008997660608241857
Exchange,JPY,USD,2017-03-28,0.009005114905266192
Exchange,JPY,USD,2017-03-29,0.008934953538241601
Exchange,JPY,USD,2017-03-30,0.008977627751642906
Exchange,JPY,USD,2017-04-02,0.009016969937422228
Exchange,JPY,USD,2017-04-03,0.009030160736861116
Exchange,JPY,USD,2017-04-04,0.009033586876004987
Exchange,JPY,USD,2017-04-05,0.009025189303345638
Exchange,JPY,USD,2017-04-06,0.009003331232556045
Exchange,JPY,USD,2017-04-09,0.009014693951140358
Exchange,JPY,USD,2017-04-10,0.009123588124737698
Exchange,JPY,USD,2017-04-11,0.009172713013327952
Exchange,JPY,USD,2017-04-12,0.009165734816960276
Exchange,JPY,USD,2017-04-13,0.00920420448060674
Exchange,JPY,USD,2017-04-16,0.009182483494485917
Exchange,JPY,USD,2017-04-17,0.009222710001106726
Exchange,JPY,USD,2017-04-18,0.009186616936446984
Exchange,JPY,USD,2017-04-19,0.009147959090326948
Exchange,JPY,USD,2017-04-20,0.00916867613485289
Exchange,JPY,USD,2017-04-23,0.009110040175277173
Exchange,JPY,USD,2017-04-24,0.009001872389457008
Exchange,JPY,USD,2017-04-25,0.009003817618670317
Exchange,JPY,USD,2017-04-26,0.008987633016968652
Exchange,JPY,USD,2017-04-27,0.008967886000233165
Exchange,JPY,USD,2017-04-30,0.008941824489868912
Exchange,JPY,USD,2017-05-01,0.00892920922923066
Exchange,JPY,USD,2017-05-02,0.00886815710827133
Exchange,JPY,USD,2017-05-03,0.00889236679234545
Exchange,JPY,USD,2017-05-04,0.008874216850362954
Exchange,JPY,USD,2017-05-07,0.00883033396323049
Exchange,JPY,USD,2017-05-08,0.008771391230363048
Exchange,JPY,USD,2017-05-09,0.008750667238376926
Exchange,JPY,USD,2017-05-10,0.008782252823494282
Exchange,JPY,USD,2017-05-11,0.008823166104925092
Exchange,JPY,USD,2017-05-14,0.00878750065906255
Exchange,JPY,USD,2017-05-15,0.00884040418327926
Exchange,JPY,USD,2017-05-16,0.009022664934315
Exchange,JPY,USD,2017-05-17,0.008970057946574335
Exchange,JPY,USD,2017-05-18,0.008990622780440001
Exchange,JPY,USD,2017-05-21,0.008985371814685691
Exchange,JPY,USD,2017-05-22,0.00894598414771609
Exchange,JPY,USD,2017-05-23,0.008969494748360824
Exchange,JPY,USD,2017-05-24,0.008941984405179198
Exchange,JPY,USD,2017-05-25,0.008984403076259613
Exchange,JPY,USD,2017-05-28,0.008988117708389509
Exchange,JPY,USD,2017-05-29,0.00902063018122446
Exchange,JPY,USD,2017-05-30,0.009027063135279567
Exchange,JPY,USD,2017-05-31,0.008979078746520607
Exchange,JPY,USD,2017-06-01,0.00905838126726754
Exchange,JPY,USD,2017-06-04,0.009051903615330304
Exchange,JPY,USD,2017-06-05,0.00913943116180449
Exchange,JPY,USD,2017-06-06,0.009105643677951594
Exchange,JPY,USD,2017-06-07,0.009091239681442962
Exchange,JPY,USD,2017-06-08,0.009066676337788094
Exchange,JPY,USD,2017-06-11,0.009095787740697282
Exchange,JPY,USD,2017-06-12,0.00908545781621936
Exchange,JPY,USD,2017-06-13,0.009127085539045673
Exchange,JPY,USD,2017-06-14,0.009013393903340364
Exchange,JPY,USD,2017-06-15,0.009017945711966813
Exchange,JPY,USD,2017-06-18,0.00896571510543681
Exchange,JPY,USD,2017-06-19,0.00897166747411674
Exchange,JPY,USD,2017-06-20,0.008978756262682493
Exchange,JPY,USD,2017-06-21,0.008983273145403259
Exchange,JPY,USD,2017-06-22,0.008984806691884024
Exchange,JPY,USD,2017-06-25,0.0089394264463992
Exchange,JPY,USD,2017-06-26,0.008901469632636348
Exchange,JPY,USD,2017-06-27,0.008904719501335707
Exchange,JPY,USD,2017-06-28,0.008915516565029778
Exchange,JPY,USD,2017-06-29,0.00889584741842508
Exchange,JPY,USD,2017-07-02,0.008819119851838787
Exchange,JPY,USD,2017-07-03,0.00882706023585905
Exchange,JPY,USD,2017-07-04,0.008829398364795423
Exchange,JPY,USD,2017-07-05,0.008833454057205448
Exchange,JPY,USD,2017-07-06,0.008777473492030055
Exchange,JPY,USD,2017-07-09,0.008769391316548717
Exchange,JPY,USD,2017-07-10,0.008777011252128425
Exchange,JPY,USD,2017-07-11,0.0088359517203598
Exchange,JPY,USD,2017-07-12,0.00882768361581921
Exchange,JPY,USD,2017-07-13,0.00888762487112944
Exchange,JPY,USD,2017-07-16,0.008879259824900997
Exchange,JPY,USD,2017-07-17,0.008922835320151331
Exchange,JPY,USD,2017-07-18,0.008932000678832052
Exchange,JPY,USD,2017-07-19,0.008935352723048741
Exchange,JPY,USD,2017-07-20,0.008998065415935574
Exchange,JPY,USD,2017-07-23,0.00900057603686636
Exchange,JPY,USD,2017-07-24,0.008937508937508937
Exchange,JPY,USD,2017-07-25,0.008994423457456376
Exchange,JPY,USD,2017-07-26,0.008988440865047548
Exchange,JPY,USD,2017-07-27,0.009034811127273383
Exchange,JPY,USD,2017-07-30,0.009069801189957916
Exchange,JPY,USD,2017-07-31,0.009059776404718332
Exchange,JPY,USD,2017-08-01,0.009030160736861116
Exchange,JPY,USD,2017-08-02,0.009086861307235867
Exchange,JPY,USD,2017-08-03,0.009034239768723463
Exchange,JPY,USD,2017-08-06,0.009029916112079319
Exchange,JPY,USD,2017-08-07,0.009064128710627692
Exchange,JPY,USD,2017-08-08,0.00908545781621936
Exchange,JPY,USD,2017-08-09,0.009157173729900004
Exchange,JPY,USD,2017-08-10,0.009159354448698457
Exchange,JPY,USD,2017-08-13,0.009121424401634558
Exchange,JPY,USD,2017-08-14,0.009035382558097509
Exchange,JPY,USD,2017-08-15,0.009075068970524177
Exchange,JPY,USD,2017-08-16,0.009126585744273068
Exchange,JPY,USD,2017-08-17,0.009156502948393949
Exchange,JPY,USD,2017-08-20,0.009176163996402944
Exchange,JPY,USD,2017-08-21,0.009126585744273068
Exchange,JPY,USD,2017-08-22,0.009170778232240788
Exchange,JPY,USD,2017-08-23,0.009127752017233195
Exchange,JPY,USD,2017-08-24,0.009145031047380405
Exchange,JPY,USD,2017-08-27,0.009152982957145733
Exchange,JPY,USD,2017-08-28,0.009111119209883741
Exchange,JPY,USD,2017-08-29,0.009070623877510295
Exchange,JPY,USD,2017-08-30,0.009093058359248549
Exchange,JPY,USD,2017-08-31,0.009069801189957916
Exchange,JPY,USD,2017-09-03,0.00911410864017499
Exchange,JPY,USD,2017-09-04,0.009190078391368678
Exchange,JPY,USD,2017-09-05,0.009155832265152902
Exchange,JPY,USD,2017-09-06,0.009220499013406606
Exchange,JPY,USD,2017-09-07,0.00927256711020446
Exchange,JPY,USD,2017-09-10,0.0091411020512633
Exchange,JPY,USD,2017-09-11,0.009077045966160772
Exchange,JPY,USD,2017-09-12,0.009050756643255376
Exchange,JPY,USD,2017-09-13,0.009070706154474126
Exchange,JPY,USD,2017-09-14,0.00902209511092666
Exchange,JPY,USD,2017-09-17,0.008963143553707156
Exchange,JPY,USD,2017-09-18,0.008960734063334468
Exchange,JPY,USD,2017-09-19,0.00891297372455346
Exchange,JPY,USD,2017-09-20,0.008890469416785205
Exchange,JPY,USD,2017-09-21,0.00892920922923066
Exchange,JPY,USD,2017-09-24,0.00895038799931977
Exchange,JPY,USD,2017-09-25,0.008909876598209115
Exchange,JPY,USD,2017-09-26,0.008863519526333517
Exchange,JPY,USD,2017-09-27,0.008901548869503293
Exchange,JPY,USD,2017-09-28,0.00888873086700681
Exchange,JPY,USD,2017-10-01,0.00886815710827133
Exchange,JPY,USD,2017-10-02,0.008861634439856087
Exchange,JPY,USD,2017-10-03,0.00886855034676032
Exchange,JPY,USD,2017-10-04,0.008863755218535885
Exchange,JPY,USD,2017-10-05,0.00887705281846427
Exchange,JPY,USD,2017-10-06,0.00887705281846427
Exchange,JPY,USD,2017-10-08,0.00887453186844394
Exchange,JPY,USD,2017-10-09,0.008892999430848036
Exchange,JPY,USD,2017-10-10,0.008889362988248262
Exchange,JPY,USD,2017-10-11,0.008905829756158381
Exchange,JPY,USD,2017-10-12,0.00894142472661594
Exchange,JPY,USD,2017-10-15,0.00891297372455346
Exchange,JPY,USD,2017-10-16,0.008912655971479501
Exchange,JPY,USD,2017-10-17,0.008854886126164417
Exchange,JPY,USD,2017-10-18,0.0088859663932751
Exchange,JPY,USD,2017-10-19,0.008809641271407428
Exchange,JPY,USD,2017-10-20,0.008809641271407428
Exchange,JPY,USD,2017-10-22,0.008815932152586154
Exchange,JPY,USD,2017-10-23,0.008778706369829341
Exchange,JPY,USD,2017-10-24,0.008791672527781685
Exchange,JPY,USD,2017-10-25,0.008773084177742686
Exchange,JPY,USD,2017-10-26,0.008796312585764047
Exchange,JPY,USD,2017-10-29,0.008835795575033575
Exchange,JPY,USD,2017-10-30,0.008799873281824742
Exchange,JPY,USD,2017-10-31,0.008758177948659561
Exchange,JPY,USD,2017-11-01,0.00876577840112202
Exchange,JPY,USD,2017-11-02,0.008766546857192952
Exchange,JPY,USD,2017-11-05,0.008794610662585967
Exchange,JPY,USD,2017-11-06,0.008772237622372715
Exchange,JPY,USD,2017-11-07,0.008781635843124858
Exchange,JPY,USD,2017-11-08,0.00881321276858266
Exchange,JPY,USD,2017-11-09,0.008808787646556205
Exchange,JPY,USD,2017-11-12,0.008800802633200147
Exchange,JPY,USD,2017-11-13,0.008813989564236355
Exchange,JPY,USD,2017-11-14,0.008859357696566999
Exchange,JPY,USD,2017-11-15,0.00884580001415328
Exchange,JPY,USD,2017-11-16,0.008919333547397339
Exchange,JPY,USD,2017-11-19,0.008879259824900997
Exchange,JPY,USD,2017-11-20,0.008892999430848036
Exchange,JPY,USD,2017-11-21,0.008991431166098709
Exchange,JPY,USD,2017-11-22,0.008991350320991206
Exchange,JPY,USD,2017-11-23,0.008966599417171038
Exchange,JPY,USD,2017-11-26,0.009000252007056198
Exchange,JPY,USD,2017-11-27,0.00897021887334051
Exchange,JPY,USD,2017-11-28,0.008934314916732185
Exchange,JPY,USD,2017-11-29,0.0088862822460967
Exchange,JPY,USD,2017-11-30,0.008909003438875327
Exchange,JPY,USD,2017-12-03,0.008896005693443645
Exchange,JPY,USD,2017-12-04,0.00888083693007229
Exchange,JPY,USD,2017-12-05,0.008905512512245079
Exchange,JPY,USD,2017-12-06,0.008842983976513034
Exchange,JPY,USD,2017-12-07,0.00881197018029291
Exchange,JPY,USD,2017-12-10,0.008805762490974093
Exchange,JPY,USD,2017-12-11,0.008807080893038003
Exchange,JPY,USD,2017-12-12,0.008885650562905963
Exchange,JPY,USD,2017-12-13,0.008896955461840958
Exchange,JPY,USD,2017-12-14,0.008879259824900997
Exchange,JPY,USD,2017-12-17,0.0088854137048621
Exchange,JPY,USD,2017-12-18,0.008858494410290027
Exchange,JPY,USD,2017-12-19,0.008818653215280962
Exchange,JPY,USD,2017-12-20,0.008823944656219116
Exchange,JPY,USD,2017-12-21,0.008826592758663302
Exchange,JPY,USD,2017-12-25,0.008831269759966088
Exchange,JPY,USD,2017-12-26,0.008822543362800628
Exchange,JPY,USD,2017-12-27,0.00886037816093991
Exchange,JPY,USD,2017-12-28,0.00887342940299567
Exchange,JPY,USD,2018-01-01,0.008905433204798247
Exchange,JPY,USD,2018-01-02,0.008888177834662116
Exchange,JPY,USD,2018-01-03,0.008869179600886918
Exchange,JPY,USD,2018-01-04,0.008845095836613389
Exchange,JPY,USD,2018-01-07,0.008842358433841475
Exchange,JPY,USD,2018-01-08,0.008877210425395923
Exchange,JPY,USD,2018-01-09,0.008973921783297737
Exchange,JPY,USD,2018-01-10,0.008987633016968652
Exchange,JPY,USD,2018-01-11,0.009005277092376132
Exchange,JPY,USD,2018-01-14,0.009046744528981245
Exchange,JPY,USD,2018-01-15,0.009053378720938653
Exchange,JPY,USD,2018-01-16,0.008985371814685691
Exchange,JPY,USD,2018-01-17,0.009000252007056198
Exchange,JPY,USD,2018-01-18,0.00902380479705463
Exchange,JPY,USD,2018-01-21,0.009014125134085112
Exchange,JPY,USD,2018-01-22,0.009065854366115463
Exchange,JPY,USD,2018-01-23,0.009155832265152902
Exchange,JPY,USD,2018-01-24,0.009140015903627672
Exchange,JPY,USD,2018-01-25,0.009207170544419994
Exchange,JPY,USD,2018-01-28,0.009177848345233943
Exchange,JPY,USD,2018-01-29,0.009192866335723478
Exchange,JPY,USD,2018-01-30,0.009159186664224217
Exchange,JPY,USD,2018-01-31,0.009140433622171037
Exchange,JPY,USD,2018-02-01,0.009077210754679302
Exchange,JPY,USD,2018-02-04,0.009163802978235968
Exchange,JPY,USD,2018-02-05,0.009127252149467881
Exchange,JPY,USD,2018-02-06,0.009145700149074914
Exchange,JPY,USD,2018-02-07,0.009195909659383507
Exchange,JPY,USD,2018-02-08,0.00919100751824415
Exchange,JPY,USD,2018-02-11,0.009203357384773965
Exchange,JPY,USD,2018-02-12,0.009275061215404022
Exchange,JPY,USD,2018-02-13,0.009345008363782485
Exchange,JPY,USD,2018-02-14,0.009423116790109497
Exchange,JPY,USD,2018-02-15,0.00940786874141532
Exchange,JPY,USD,2018-02-18,0.009381391072668256
Exchange,JPY,USD,2018-02-19,0.009317059536010435
Exchange,JPY,USD,2018-02-20,0.009278675747397332
Exchange,JPY,USD,2018-02-21,0.009367418245857259
Exchange,JPY,USD,2018-02-22,0.009356637598712527
Exchange,JPY,USD,2018-02-25,0.009351212852306943
Exchange,JPY,USD,2018-02-26,0.009317233154442457
Exchange,JPY,USD,2018-02-27,0.009374619156096784
Exchange,JPY,USD,2018-02-28,0.00941256200525221
Exchange,JPY,USD,2018-03-01,0.009456890763454791
Exchange,JPY,USD,2018-03-04,0.009416018530724468
Exchange,JPY,USD,2018-03-05,0.009423471984017792
Exchange,JPY,USD,2018-03-06,0.009427825283541845
Exchange,JPY,USD,2018-03-07,0.009414157009310602
Exchange,JPY,USD,2018-03-08,0.009361893349310965
Exchange,JPY,USD,2018-03-11,0.00939725975905426
Exchange,JPY,USD,2018-03-12,0.009382623381497467
Exchange,JPY,USD,2018-03-13,0.009405037337998232
Exchange,JPY,USD,2018-03-14,0.009404329753418473
Exchange,JPY,USD,2018-03-15,0.009434318276161365
Exchange,JPY,USD,2018-03-18,0.009425514868749705
Exchange,JPY,USD,2018-03-19,0.009386498460614252
Exchange,JPY,USD,2018-03-20,0.009429425465106412
Exchange,JPY,USD,2018-03-21,0.00949811937236427
Exchange,JPY,USD,2018-03-22,0.009547633141744161
Exchange,JPY,USD,2018-03-25,0.009487486005958142
Exchange,JPY,USD,2018-03-26,0.009493791060646338
Exchange,JPY,USD,2018-03-27,0.009358914365933552
Exchange,JPY,USD,2018-03-28,0.009395317373820888
Exchange,JPY,USD,2018-03-29,0.00940875390463287
Exchange,JPY,USD,2018-04-01,0.009443048971651968
Exchange,JPY,USD,2018-04-02,0.009380159087498124
Exchange,JPY,USD,2018-04-03,0.00936531275461944
Exchange,JPY,USD,2018-04-04,0.009312287563439959
Exchange,JPY,USD,2018-04-05,0.009352174848260963
Exchange,JPY,USD,2018-04-08,0.009365049634763064
Exchange,JPY,USD,2018-04-09,0.009328184175668365
Exchange,JPY,USD,2018-04-10,0.009363821937562036
Exchange,JPY,USD,2018-04-11,0.009316625518237295
Exchange,JPY,USD,2018-04-12,0.009314716320314465
Exchange,JPY,USD,2018-04-15,0.00933576063109742
Exchange,JPY,USD,2018-04-16,0.009345095693779904
Exchange,JPY,USD,2018-04-17,0.009325574455386452
Exchange,JPY,USD,2018-04-18,0.009313848761723807
Exchange,JPY,USD,2018-04-19,0.009289277387112056
Exchange,JPY,USD,2018-04-22,0.009199039620263645
Exchange,JPY,USD,2018-04-23,0.00918982502573151
Exchange,JPY,USD,2018-04-24,0.009138595946118839
Exchange,JPY,USD,2018-04-25,0.009148963422444237
Exchange,JPY,USD,2018-04-26,0.009170357735655268
Exchange,JPY,USD,2018-04-29,0.00914561650600867
Exchange,JPY,USD,2018-04-30,0.009102162673851307
Exchange,JPY,USD,2018-05-01,0.009104980424292088
Exchange,JPY,USD,2018-05-02,0.009158012345000641
Exchange,JPY,USD,2018-05-03,0.00916590284142988
Exchange,JPY,USD,2018-05-06,0.009166490975589634
Exchange,JPY,USD,2018-05-07,0.009163551059306503
Exchange,JPY,USD,2018-05-08,0.009112281533050244
Exchange,JPY,USD,2018-05-09,0.0091411020512633
Exchange,JPY,USD,2018-05-10,0.009141854150858877
Exchange,JPY,USD,2018-05-13,0.009119927040583675
Exchange,JPY,USD,2018-05-14,0.009061910975786574
Exchange,JPY,USD,2018-05-15,0.009058135111143319
Exchange,JPY,USD,2018-05-16,0.009027715085311907
Exchange,JPY,USD,2018-05-17,0.009028693186948121
Exchange,JPY,USD,2018-05-20,0.009004547296384674
Exchange,JPY,USD,2018-05-21,0.00901705124390222
Exchange,JPY,USD,2018-05-22,0.009084302325581396
Exchange,JPY,USD,2018-05-23,0.009153066735009565
Exchange,JPY,USD,2018-05-24,0.0091411020512633
Exchange,JPY,USD,2018-05-27,0.009139264106454147
Exchange,JPY,USD,2018-05-28,0.009193796026441357
Exchange,JPY,USD,2018-05-29,0.009182146234860937
Exchange,JPY,USD,2018-05-30,0.009189993934604004
Exchange,JPY,USD,2018-05-31,0.009130835745395775
Exchange,JPY,USD,2018-06-03,0.009105975341018776
Exchange,JPY,USD,2018-06-04,0.009107551070592627
Exchange,JPY,USD,2018-06-05,0.009075727873375445
Exchange,JPY,USD,2018-06-06,0.009115853380614226
Exchange,JPY,USD,2018-06-07,0.009129085265656381
Exchange,JPY,USD,2018-06-10,0.009088100041805259
Exchange,JPY,USD,2018-06-11,0.009060104734810734
Exchange,JPY,USD,2018-06-12,0.00906256796925977
Exchange,JPY,USD,2018-06-13,0.009039139473922084
Exchange,JPY,USD,2018-06-14,0.009036688957166094
Exchange,JPY,USD,2018-06-17,0.009045680687471733
Exchange,JPY,USD,2018-06-18,0.00908653103504675
Exchange,JPY,USD,2018-06-19,0.00906158251477038
Exchange,JPY,USD,2018-06-20,0.009093389106119851
Exchange,JPY,USD,2018-06-21,0.009092562284051645
Exchange,JPY,USD,2018-06-24,0.009110455158339711
Exchange,JPY,USD,2018-06-25,0.009087521923646641
Exchange,JPY,USD,2018-06-26,0.009069143147355439
Exchange,JPY,USD,2018-06-27,0.00905034708081055
Exchange,JPY,USD,2018-06-28,0.009031139368542735
Exchange,JPY,USD,2018-07-01,0.009017620430320847
Exchange,JPY,USD,2018-07-02,0.00904249066362839
Exchange,JPY,USD,2018-07-03,0.009050265172769563
Exchange,JPY,USD,2018-07-04,0.009037914049437391
Exchange,JPY,USD,2018-07-05,0.009052395263786797
Exchange,JPY,USD,2018-07-08,0.009021525359507785
Exchange,JPY,USD,2018-07-09,0.00900933366968179
Exchange,JPY,USD,2018-07-10,0.008927694601423074
Exchange,JPY,USD,2018-07-11,0.008886756067432704
Exchange,JPY,USD,2018-07-12,0.00889964757395607
Exchange,JPY,USD,2018-07-15,0.008905750443061085
Exchange,JPY,USD,2018-07-16,0.008859122238168642
Exchange,JPY,USD,2018-07-17,0.008862262712915863
Exchange,JPY,USD,2018-07-18,0.008891418003343173
Exchange,JPY,USD,2018-07-19,0.008973921783297737
Exchange,JPY,USD,2018-07-22,0.008981094795455566
Exchange,JPY,USD,2018-07-23,0.008992724885567576
Exchange,JPY,USD,2018-07-24,0.009011282125220777
Exchange,JPY,USD,2018-07-25,0.008989814540126038
Exchange,JPY,USD,2018-07-26,0.009006493681944682
Exchange,JPY,USD,2018-07-29,0.009003169115528667
Exchange,JPY,USD,2018-07-30,0.008938627384378854
Exchange,JPY,USD,2018-07-31,0.008951028920774444
Exchange,JPY,USD,2018-08-01,0.008955918966845187
Exchange,JPY,USD,2018-08-02,0.008988521657842934
Exchange,JPY,USD,2018-08-05,0.008976660682226212
Exchange,JPY,USD,2018-08-06,0.008978353190457805
Exchange,JPY,USD,2018-08-07,0.009012906482082342
Exchange,JPY,USD,2018-08-08,0.009002196535954772
Exchange,JPY,USD,2018-08-09,0.009020548810189611
Exchange,JPY,USD,2018-08-12,0.009031547194349863
Exchange,JPY,USD,2018-08-13,0.008996770159512736
Exchange,JPY,USD,2018-08-14,0.009029997652200611
Exchange,JPY,USD,2018-08-15,0.009017376484485603
Exchange,JPY,USD,2018-08-16,0.009049364282159179
Exchange,JPY,USD,2018-08-19,0.0090852927281317
Exchange,JPY,USD,2018-08-20,0.009066511931529702
Exchange,JPY,USD,2018-08-21,0.009045517041754107
Exchange,JPY,USD,2018-08-22,0.008985533291400845
Exchange,JPY,USD,2018-08-23,0.008989248858365394
Exchange,JPY,USD,2018-08-26,0.009002682799474243
Exchange,JPY,USD,2018-08-27,0.008993291004910337
Exchange,JPY,USD,2018-08-28,0.008954154727793696
Exchange,JPY,USD,2018-08-29,0.009009090171983532
Exchange,JPY,USD,2018-08-30,0.00900243966114817
Exchange,JPY,USD,2018-09-02,0.009003493355421903
Exchange,JPY,USD,2018-09-03,0.008973036026739647
Exchange,JPY,USD,2018-09-04,0.008966277829084813
Exchange,JPY,USD,2018-09-05,0.009030486923854934
Exchange,JPY,USD,2018-09-06,0.009009252502319882
Exchange,JPY,USD,2018-09-09,0.008998389288317392
Exchange,JPY,USD,2018-09-10,0.008960412895826239
Exchange,JPY,USD,2018-09-11,0.008987956138774043
Exchange,JPY,USD,2018-09-12,0.00893479387430532
Exchange,JPY,USD,2018-09-13,0.008923950097271056
Exchange,JPY,USD,2018-09-16,0.00894054537326777
Exchange,JPY,USD,2018-09-17,0.008899330770326072
Exchange,JPY,USD,2018-09-18,0.008906464311797502
Exchange,JPY,USD,2018-09-19,0.008889837138183629
Exchange,JPY,USD,2018-09-20,0.008882966910948257
Exchange,JPY,USD,2018-09-23,0.008865484011099586
Exchange,JPY,USD,2018-09-24,0.008851750876323337
Exchange,JPY,USD,2018-09-25,0.008870753126940478
Exchange,JPY,USD,2018-09-26,0.00881896430083251
Exchange,JPY,USD,2018-09-27,0.008795616264853597
Exchange,JPY,USD,2018-09-30,0.008775855865343268
Exchange,JPY,USD,2018-10-01,0.008796622097114707
Exchange,JPY,USD,2018-10-02,0.008730955603090758
Exchange,JPY,USD,2018-10-03,0.008777088288731095
Exchange,JPY,USD,2018-10-04,0.008793295991136358
Exchange,JPY,USD,2018-10-07,0.008831503740141834
Exchange,JPY,USD,2018-10-08,0.00885316146395878
Exchange,JPY,USD,2018-10-09,0.008907575001781515
Exchange,JPY,USD,2018-10-10,0.00891583452211127
Exchange,JPY,USD,2018-10-11,0.008911941109893146
Exchange,JPY,USD,2018-10-14,0.008947024666947006
Exchange,JPY,USD,2018-10-15,0.008908289163066234
Exchange,JPY,USD,2018-10-16,0.008876816418559648
Exchange,JPY,USD,2018-10-17,0.008913688751816164
Exchange,JPY,USD,2018-10-18,0.00888572951839346
Exchange,JPY,USD,2018-10-21,0.008863362405162022
Exchange,JPY,USD,2018-10-22,0.008893157604539069
Exchange,JPY,USD,2018-10-23,0.008908209806157355
Exchange,JPY,USD,2018-10-24,0.00889584741842508
Exchange,JPY,USD,2018-10-25,0.00893734918223255
Exchange,JPY,USD,2018-10-28,0.008898142957564756
Exchange,JPY,USD,2018-10-29,0.00884314037601033
Exchange,JPY,USD,2018-10-30,0.008853945318033716
Exchange,JPY,USD,2018-10-31,0.008872484650601555
Exchange,JPY,USD,2018-11-01,0.00883353208780531
Exchange,JPY,USD,2018-11-04,0.00883454661106792
Exchange,JPY,USD,2018-11-05,0.008815232722143865
Exchange,JPY,USD,2018-11-06,0.008809486054583576
Exchange,JPY,USD,2018-11-07,0.008766700564575517
Exchange,JPY,USD,2018-11-08,0.008786574114752657
Exchange,JPY,USD,2018-11-11,0.008783641346356546
Exchange,JPY,USD,2018-11-12,0.008786728525235484
Exchange,JPY,USD,2018-11-13,0.008800492827598346
Exchange,JPY,USD,2018-11-14,0.008800183043807312
Exchange,JPY,USD,2018-11-15,0.008863126733849168
Exchange,JPY,USD,2018-11-18,0.00888415067519545
Exchange,JPY,USD,2018-11-19,0.008868864962662077
Exchange,JPY,USD,2018-11-20,0.008844704675310892
Exchange,JPY,USD,2018-11-21,0.008853474988933156
Exchange,JPY,USD,2018-11-22,0.008853083086184764
Exchange,JPY,USD,2018-11-25,0.008803436861750828
Exchange,JPY,USD,2018-11-26,0.008788659114278934
Exchange,JPY,USD,2018-11-27,0.008796312585764047
Exchange,JPY,USD,2018-11-28,0.008812358451492372
Exchange,JPY,USD,2018-11-29,0.008810727942342595
Exchange,JPY,USD,2018-12-02,0.008799331250824938
Exchange,JPY,USD,2018-12-03,0.008866820358219542
Exchange,JPY,USD,2018-12-04,0.008834702712253733
Exchange,JPY,USD,2018-12-05,0.008875477056891809
Exchange,JPY,USD,2018-12-06,0.008872642095363157
Exchange,JPY,USD,2018-12-07,0.008872248493935819
Exchange,JPY,USD,2018-12-09,0.008822387691004694
Exchange,JPY,USD,2018-12-10,0.008819664323575845
Exchange,JPY,USD,2018-12-11,0.008827527762574814
Exchange,JPY,USD,2018-12-12,0.008802351988451314
Exchange,JPY,USD,2018-12-13,0.008819119851838787
Exchange,JPY,USD,2018-12-16,0.008862576882854458
Exchange,JPY,USD,2018-12-17,0.008887071976395938
Exchange,JPY,USD,2018-12-18,0.008890311338703081
Exchange,JPY,USD,2018-12-19,0.00898569477391992
Exchange,JPY,USD,2018-12-20,0.008991107794391346
Exchange,JPY,USD,2018-12-23,0.00905354265123943
Exchange,JPY,USD,2018-12-25,0.008979320624601543
Exchange,JPY,USD,2018-12-26,0.009010632546404758
Exchange,JPY,USD,2018-12-27,0.009067498458525261
Exchange,JPY,USD,2018-12-30,0.009124920156948626
Exchange,JPY,USD,2019-01-01,0.009183832780772727
Exchange,JPY,USD,2019-01-02,0.009288328286674963
Exchange,JPY,USD,2019-01-03,0.009215230933687198
Exchange,JPY,USD,2019-01-06,0.009198278082342986
Exchange,JPY,USD,2019-01-07,0.009196924548431004
Exchange,JPY,USD,2019-01-08,0.009245562130177515
Exchange,JPY,USD,2019-01-09,0.009222880121004187
Exchange,JPY,USD,2019-01-10,0.009215400777779825
Exchange,JPY,USD,2019-01-13,0.009245562130177515
Exchange,JPY,USD,2019-01-14,0.00919963201471941
Exchange,JPY,USD,2019-01-15,0.009166827086140675
Exchange,JPY,USD,2019-01-16,0.009152647861026195
Exchange,JPY,USD,2019-01-17,0.009109625230018037
Exchange,JPY,USD,2019-01-20,0.009118263882556762
Exchange,JPY,USD,2019-01-21,0.009142940735458153
Exchange,JPY,USD,2019-01-22,0.009122922254456546
Exchange,JPY,USD,2019-01-23,0.009120758847136081
Exchange,JPY,USD,2019-01-24,0.009128251939753538
Exchange,JPY,USD,2019-01-27,0.009145281949042489
Exchange,JPY,USD,2019-01-28,0.009141937725120217
Exchange,JPY,USD,2019-01-29,0.009170946441672781
Exchange,JPY,USD,2019-01-30,0.009185435573354888
Exchange,JPY,USD,2019-01-31,0.009132253292177312
Exchange,JPY,USD,2019-02-03,0.009099181073703366
Exchange,JPY,USD,2019-02-04,0.009093885271543414
Exchange,JPY,USD,2019-02-05,0.009092644959492267
Exchange,JPY,USD,2019-02-06,0.009105975341018776
Exchange,JPY,USD,2019-02-07,0.009111285237895657
Exchange,JPY,USD,2019-02-10,0.00905961224859576
Exchange,JPY,USD,2019-02-11,0.009051248167122246
Exchange,JPY,USD,2019-02-12,0.009008684371734351
Exchange,JPY,USD,2019-02-13,0.009050920478612674
Exchange,JPY,USD,2019-02-14,0.009053378720938653
Exchange,JPY,USD,2019-02-17,0.009040446959697686
Exchange,JPY,USD,2019-02-18,0.009041100844438819
Exchange,JPY,USD,2019-02-19,0.00902087430313746
Exchange,JPY,USD,2019-02-20,0.009032852484486077
Exchange,JPY,USD,2019-02-21,0.009034892755822988
Exchange,JPY,USD,2019-02-24,0.00900446621524276
Exchange,JPY,USD,2019-02-25,0.009042817742008411
Exchange,JPY,USD,2019-02-26,0.009009496008793269
Exchange,JPY,USD,2019-02-27,0.008977950154420742
Exchange,JPY,USD,2019-02-28,0.008936310912129255
Exchange,JPY,USD,2019-03-03,0.008949026345933562
Exchange,JPY,USD,2019-03-04,0.008937508937508937
Exchange,JPY,USD,2019-03-05,0.008946944618412812
Exchange,JPY,USD,2019-03-06,0.008961858330943505
Exchange,JPY,USD,2019-03-07,0.008995313441696877
Exchange,JPY,USD,2019-03-10,0.008991673710144407
Exchange,JPY,USD,2019-03-11,0.008981094795455566
Exchange,JPY,USD,2019-03-12,0.008996203602079922
Exchange,JPY,USD,2019-03-13,0.008953112549577862
Exchange,JPY,USD,2019-03-14,0.008970299338888939
Exchange,JPY,USD,2019-03-15,0.00897021887334051
Exchange,JPY,USD,2019-03-17,0.008974566079730045
Exchange,JPY,USD,2019-03-18,0.008976338372051274
Exchange,JPY,USD,2019-03-19,0.009033178865974725
Exchange,JPY,USD,2019-03-20,0.009023967658099914
Exchange,JPY,USD,2019-03-21,0.009096118686156618
Exchange,JPY,USD,2019-03-22,0.009097194425239256
Exchange,JPY,USD,2019-03-24,0.00909363718206371
Exchange,JPY,USD,2019-03-25,0.009038812661568776
Exchange,JPY,USD,2019-03-26,0.009048627323235066
Exchange,JPY,USD,2019-03-27,0.00903750564844103
Exchange,JPY,USD,2019-03-28,0.009021199819576005
Exchange,JPY,USD,2019-03-31,0.00898069151324652
Exchange,JPY,USD,2019-04-01,0.00898295036021631
Exchange,JPY,USD,2019-04-02,0.008969414297246391
Exchange,JPY,USD,2019-04-03,0.008956721123531098
Exchange,JPY,USD,2019-04-04,0.00895094880057286
Exchange,JPY,USD,2019-04-07,0.008969494748360824
Exchange,JPY,USD,2019-04-08,0.008997093938657812
Exchange,JPY,USD,2019-04-09,0.009008035167369293
Exchange,JPY,USD,2019-04-10,0.008955437741796819
Exchange,JPY,USD,2019-04-11,0.008926977325477594
Exchange,JPY,USD,2019-04-14,0.00892554311929881
Exchange,JPY,USD,2019-04-15,0.008927296100557062
Exchange,JPY,USD,2019-04-16,0.008923074177515637
Exchange,JPY,USD,2019-04-17,0.00893016610108948
Exchange,JPY,USD,2019-04-18,0.008934474563550917
Exchange,JPY,USD,2019-04-21,0.008933516768210973
Exchange,JPY,USD,2019-04-22,0.00893958627594715
Exchange,JPY,USD,2019-04-23,0.00891297372455346
Exchange,JPY,USD,2019-04-24,0.008958807403558438
Exchange,JPY,USD,2019-04-25,0.008961617392707035
Exchange,JPY,USD,2019-04-26,0.008961296161876854
Exchange,JPY,USD,2019-04-28,0.00895696179855793
Exchange,JPY,USD,2019-04-29,0.008974324457726444
Exchange,JPY,USD,2019-04-30,0.008977869551555415
Exchange,JPY,USD,2019-05-01,0.00896780557797507
Exchange,JPY,USD,2019-05-02,0.009001224166486643
Exchange,JPY,USD,2019-05-05,0.009024863498939578
Exchange,JPY,USD,2019-05-06,0.009070623877510295
Exchange,JPY,USD,2019-05-07,0.009082734629742323
Exchange,JPY,USD,2019-05-08,0.009109625230018037
Exchange,JPY,USD,2019-05-09,0.009094795048793574
Exchange,JPY,USD,2019-05-12,0.009148712318741137
Exchange,JPY,USD,2019-05-13,0.009123255177447314
Exchange,JPY,USD,2019-05-14,0.009124587112433163
Exchange,JPY,USD,2019-05-15,0.009103488456776637
Exchange,JPY,USD,2019-05-16,0.00908521018633766
Exchange,JPY,USD,2019-05-17,0.009084797499863729
Exchange,JPY,USD,2019-05-19,0.009085788010394141
Exchange,JPY,USD,2019-05-20,0.009050428990334142
Exchange,JPY,USD,2019-05-21,0.00906158251477038
Exchange,JPY,USD,2019-05-22,0.009124004343026067
Exchange,JPY,USD,2019-05-23,0.009148963422444237
Exchange,JPY,USD,2019-05-26,0.009131586156515386
Exchange,JPY,USD,2019-05-27,0.009143776745546981
Exchange,JPY,USD,2019-05-28,0.009124836893540529
Exchange,JPY,USD,2019-05-29,0.009122090053273007
Exchange,JPY,USD,2019-05-30,0.00923326931599941
Exchange,JPY,USD,2019-06-02,0.00925300491334561
Exchange,JPY,USD,2019-06-03,0.009246673509205062
Exchange,JPY,USD,2019-06-04,0.009219988936013277
Exchange,JPY,USD,2019-06-05,0.009225602893149066
Exchange,JPY,USD,2019-06-06,0.009242571283331023
Exchange,JPY,USD,2019-06-07,0.009246673509205062
Exchange,JPY,USD,2019-06-09,0.009220754073268113
Exchange,JPY,USD,2019-06-10,0.009214976179286577
Exchange,JPY,USD,2019-06-11,0.009216080216762207
Exchange,JPY,USD,2019-06-12,0.009225262458716951
Exchange,JPY,USD,2019-06-13,0.009211750508949216
Exchange,JPY,USD,2019-06-16,0.009213363061784814
Exchange,JPY,USD,2019-06-17,0.009221604374729115
Exchange,JPY,USD,2019-06-18,0.009250522654529981
Exchange,JPY,USD,2019-06-19,0.009319490783023614
Exchange,JPY,USD,2019-06-20,0.009317754048564135
Exchange,JPY,USD,2019-06-23,0.009319925067802454
Exchange,JPY,USD,2019-06-24,0.009330969487729775
Exchange,JPY,USD,2019-06-25,0.00927738451975619
Exchange,JPY,USD,2019-06-26,0.009277642736533502
Exchange,JPY,USD,2019-06-27,0.009267668810587385
Exchange,JPY,USD,2019-06-28,0.009266809993327896
Exchange,JPY,USD,2019-06-30,0.009221519337526051
Exchange,JPY,USD,2019-07-01,0.009267497034400949
Exchange,JPY,USD,2019-07-02,0.009274287039183862
Exchange,JPY,USD,2019-07-03,0.009274545083563651
Exchange,JPY,USD,2019-07-04,0.009218798974869553
Exchange,JPY,USD,2019-07-05,0.009219138932423711
Exchange,JPY,USD,2019-07-07,0.009197601265589933
Exchange,JPY,USD,2019-07-08,0.009186448151686632
Exchange,JPY,USD,2019-07-09,0.009219478915051722
Exchange,JPY,USD,2019-07-10,0.009217014608968154
Exchange,JPY,USD,2019-07-11,0.009267325264582136
Exchange,JPY,USD,2019-07-12,0.009267668810587385
Exchange,JPY,USD,2019-07-14,0.009267067621792436
Exchange,JPY,USD,2019-07-15,0.009238728750923873
Exchange,JPY,USD,2019-07-16,0.009263547938860583
Exchange,JPY,USD,2019-07-17,0.00932001192961527
Exchange,JPY,USD,2019-07-18,0.009282810092271132
Exchange,JPY,USD,2019-07-21,0.009270246217739543
Exchange,JPY,USD,2019-07-22,0.0092397531137968
Exchange,JPY,USD,2019-07-23,0.00924316929788886
Exchange,JPY,USD,2019-07-24,0.009205051732390737
Exchange,JPY,USD,2019-07-25,0.009201409655959293
Exchange,JPY,USD,2019-07-28,0.009192697321248
Exchange,JPY,USD,2019-07-29,0.009207594423880817
Exchange,JPY,USD,2019-07-30,0.009194218675296973
Exchange,JPY,USD,2019-07-31,0.009315323707498836
Exchange,JPY,USD,2019-08-01,0.009381391072668256
Exchange,JPY,USD,2019-08-02,0.00938191916538447
Exchange,JPY,USD,2019-08-04,0.009438147102960747
Exchange,JPY,USD,2019-08-05,0.009393022862617647
Exchange,JPY,USD,2019-08-06,0.009410081961813886
Exchange,JPY,USD,2019-08-07,0.009427647519114556
Exchange,JPY,USD,2019-08-08,0.00946190165299422
Exchange,JPY,USD,2019-08-09,0.009462528387585161
Exchange,JPY,USD,2019-08-11,0.00949631542961331
Exchange,JPY,USD,2019-08-12,0.009368208049164356
Exchange,JPY,USD,2019-08-13,0.009441800740237177
Exchange,JPY,USD,2019-08-14,0.009424182452172273
Exchange,JPY,USD,2019-08-15,0.00940114693992667
Exchange,JPY,USD,2019-08-16,0.009401677259223045
Exchange,JPY,USD,2019-08-18,0.009378047865556306
Exchange,JPY,USD,2019-08-19,0.009413359439716846
Exchange,JPY,USD,2019-08-20,0.009379367267884109
Exchange,JPY,USD,2019-08-21,0.009394964299135663
Exchange,JPY,USD,2019-08-22,0.00948712597005863
Exchange,JPY,USD,2019-08-23,0.009487846069185374
Exchange,JPY,USD,2019-08-25,0.00942240648261566
Exchange,JPY,USD,2019-08-26,0.009455549461979237
Exchange,JPY,USD,2019-08-27,0.009423116790109497
Exchange,JPY,USD,2019-08-28,0.009388260918547447
Exchange,JPY,USD,2019-08-29,0.00940875390463287
Exchange,JPY,USD,2019-08-30,0.00940937361799825
Exchange,JPY,USD,2019-09-01,0.009414157009310602
Exchange,JPY,USD,2019-09-02,0.009438770694504748
Exchange,JPY,USD,2019-09-03,0.0093977896398767
Exchange,JPY,USD,2019-09-04,0.009350425911900287
Exchange,JPY,USD,2019-09-05,0.009352962083091715
Exchange,JPY,USD,2019-09-08,0.009324704873090766
Exchange,JPY,USD,2019-09-09,0.009298692603819903
Exchange,JPY,USD,2019-09-10,0.009273856997125105
Exchange,JPY,USD,2019-09-11,0.009249667011987569
Exchange,JPY,USD,2019-09-12,0.009251036116044997
Exchange,JPY,USD,2019-09-13,0.009250608227490957
Exchange,JPY,USD,2019-09-15,0.009246759010966657
Exchange,JPY,USD,2019-09-16,0.009249153702436227
Exchange,JPY,USD,2019-09-17,0.009221009147241074
Exchange,JPY,USD,2019-09-18,0.009255145861098771
Exchange,JPY,USD,2019-09-19,0.009296704318319157
Exchange,JPY,USD,2019-09-20,0.009297655131375867
Exchange,JPY,USD,2019-09-22,0.009298346753947147
Exchange,JPY,USD,2019-09-23,0.00933872489050345
Exchange,JPY,USD,2019-09-24,0.009279020135473694
Exchange,JPY,USD,2019-09-25,0.009272997032640949
Exchange,JPY,USD,2019-09-26,0.00926483531755223
Exchange,JPY,USD,2019-09-29,0.0092529192960379
Exchange,JPY,USD,2019-09-30,0.00928057019823298
Exchange,JPY,USD,2019-10-01,0.009329924800806105
Exchange,JPY,USD,2019-10-02,0.009353137042163942
Exchange,JPY,USD,2019-10-03,0.009352612184583154
Exchange,JPY,USD,2019-10-06,0.009323661588378988
Exchange,JPY,USD,2019-10-07,0.009338201649126411
Exchange,JPY,USD,2019-10-08,0.009303796879506526
Exchange,JPY,USD,2019-10-09,0.00926329050605356
Exchange,JPY,USD,2019-10-10,0.009222454833027456
Exchange,JPY,USD,2019-10-11,0.009222880121004187
Exchange,JPY,USD,2019-10-13,0.00922534756496951
Exchange,JPY,USD,2019-10-14,0.009185941834616304
Exchange,JPY,USD,2019-10-15,0.009194218675296973
Exchange,JPY,USD,2019-10-16,0.00920352679146649
Exchange,JPY,USD,2019-10-17,0.009223135312618171
Exchange,JPY,USD,2019-10-20,0.00920734009152096
Exchange,JPY,USD,2019-10-21,0.009217779252622458
Exchange,JPY,USD,2019-10-22,0.009200309130386781
Exchange,JPY,USD,2019-10-23,0.009205814392370221
Exchange,JPY,USD,2019-10-24,0.009202341075569625
Exchange,JPY,USD,2019-10-27,0.00917717453150524
Exchange,JPY,USD,2019-10-28,0.009183748438762764
Exchange,JPY,USD,2019-10-29,0.009187629775270576
Exchange,JPY,USD,2019-10-30,0.009256859332765578
Exchange,JPY,USD,2019-10-31,0.009243425613532376
Exchange,JPY,USD,2019-11-03,0.009209968870305217
Exchange,JPY,USD,2019-11-04,0.009160864785635764
Exchange,JPY,USD,2019-11-05,0.009176163996402944
Exchange,JPY,USD,2019-11-06,0.009150470334175176
Exchange,JPY,USD,2019-11-07,0.009153401861801939
Exchange,JPY,USD,2019-11-10,0.009170105456212746
Exchange,JPY,USD,2019-11-11,0.009171955827860732
Exchange,JPY,USD,2019-11-12,0.009189740573623607
Exchange,JPY,USD,2019-11-13,0.009224666758913334
Exchange,JPY,USD,2019-11-14,0.00919303535641398
Exchange,JPY,USD,2019-11-17,0.009201409655959293
Exchange,JPY,USD,2019-11-18,0.009213193292795283
Exchange,JPY,USD,2019-11-19,0.009207424867413081
Exchange,JPY,USD,2019-11-20,0.009207085773211063
Exchange,JPY,USD,2019-11-21,0.009203780913199143
Exchange,JPY,USD,2019-11-24,0.009180713157798098
Exchange,JPY,USD,2019-11-25,0.009169096477233133
Exchange,JPY,USD,2019-11-26,0.00912933529309731
Exchange,JPY,USD,2019-11-27,0.00913125262523513
Exchange,JPY,USD,2019-11-28,0.0091324200913242
Exchange,JPY,USD,2019-12-01,0.009176163996402944
Exchange,JPY,USD,2019-12-02,0.00920513646614811
Exchange,JPY,USD,2019-12-03,0.009185435573354888
Exchange,JPY,USD,2019-12-04,0.009194725905220765
Exchange,JPY,USD,2019-12-05,0.009209290332087009
Exchange,JPY,USD,2019-12-08,0.009212089946846242
Exchange,JPY,USD,2019-12-09,0.009196839965787755
Exchange,JPY,USD,2019-12-10,0.009211665653383444
Exchange,JPY,USD,2019-12-11,0.009148544923929849
Exchange,JPY,USD,2019-12-12,0.009145114679738085
Exchange,JPY,USD,2019-12-15,0.009127918651988974
Exchange,JPY,USD,2019-12-16,0.009133087348847404
Exchange,JPY,USD,2019-12-17,0.009126502450465908
Exchange,JPY,USD,2019-12-18,0.009144194807926189
Exchange,JPY,USD,2019-12-19,0.009137176429739682
Exchange,JPY,USD,2019-12-22,0.009141436302471845
Exchange,JPY,USD,2019-12-23,0.009140934934825134
Exchange,JPY,USD,2019-12-25,0.009120842036136776
Exchange,JPY,USD,2019-12-26,0.009136341626086083
Exchange,JPY,USD,2019-12-29,0.009184423218221896
Exchange,JPY,USD,2019-12-30,0.009205729646131752
Exchange,JPY,USD,2020-01-01,0.009211411096065806
Exchange,JPY,USD,2020-01-02,0.009249838127832763
Exchange,JPY,USD,2020-01-05,0.009227475731738826
Exchange,JPY,USD,2020-01-06,0.009219988936013277
Exchange,JPY,USD,2020-01-07,0.009163047262997782
Exchange,JPY,USD,2020-01-08,0.009130418903619299
Exchange,JPY,USD,2020-01-09,0.009134839363849786
Exchange,JPY,USD,2020-01-12,0.009095539547405952
Exchange,JPY,USD,2020-01-13,0.009091239681442962
Exchange,JPY,USD,2020-01-14,0.009099181073703366
Exchange,JPY,USD,2020-01-15,0.009076881183625306
Exchange,JPY,USD,2020-01-16,0.009078034787029303
Exchange,JPY,USD,2020-01-19,0.009075727873375445
Exchange,JPY,USD,2020-01-20,0.00910166560480568
Exchange,JPY,USD,2020-01-21,0.009104317267248129
Exchange,JPY,USD,2020-01-22,0.009132920525325588
Exchange,JPY,USD,2020-01-23,0.009150889008867211
Exchange,JPY,USD,2020-01-26,0.009183073758448427
Exchange,JPY,USD,2020-01-27,0.009161871953677576
Exchange,JPY,USD,2020-01-28,0.0091726288754357
Exchange,JPY,USD,2020-01-29,0.009177679882525698
Exchange,JPY,USD,2020-01-30,0.009228667934070395
Exchange,JPY,USD,2020-02-02,0.009201071004664942
Exchange,JPY,USD,2020-02-03,0.009130335539831088
Exchange,JPY,USD,2020-02-04,0.009104980424292088
Exchange,JPY,USD,2020-02-05,0.009091239681442962
Exchange,JPY,USD,2020-02-06,0.009111700334399403
Exchange,JPY,USD,2020-02-09,0.009109542245502164
Exchange,JPY,USD,2020-02-10,0.00910838062100939
Exchange,JPY,USD,2020-02-11,0.009083064626004814
Exchange,JPY,USD,2020-02-12,0.009105312039043578
Exchange,JPY,USD,2020-02-13,0.009109044370155127
Exchange,JPY,USD,2020-02-16,0.009100837277029487
Exchange,JPY,USD,2020-02-17,0.009101499927188
Exchange,JPY,USD,2020-02-18,0.008979562515714233
Exchange,JPY,USD,2020-02-19,0.00891981090000892
Exchange,JPY,USD,2020-02-20,0.00896467023460542
Exchange,JPY,USD,2020-02-23,0.009031791907514452
Exchange,JPY,USD,2020-02-24,0.009074080795615405
Exchange,JPY,USD,2020-02-25,0.009056412392794718
Exchange,JPY,USD,2020-02-26,0.009125003421876283
Exchange,JPY,USD,2020-02-27,0.009253775540420492
Exchange,JPY,USD,2020-03-01,0.009230968051619572
Exchange,JPY,USD,2020-03-02,0.009336022107700351
Exchange,JPY,USD,2020-03-03,0.009299211426871002
Exchange,JPY,USD,2020-03-04,0.009419033983874614
Exchange,JPY,USD,2020-03-05,0.009491087868491488
Exchange,JPY,USD,2020-03-08,0.009768582285652883
Exchange,JPY,USD,2020-03-09,0.009466290539389235
Exchange,JPY,USD,2020-03-10,0.009566357035577282
Exchange,JPY,USD,2020-03-11,0.009557122923715045
Exchange,JPY,USD,2020-03-12,0.009268957334989386
Exchange,JPY,USD,2020-03-15,0.009447241877733796
Exchange,JPY,USD,2020-03-16,0.009286430667508637
Exchange,JPY,USD,2020-03-17,0.009252320019244826
Exchange,JPY,USD,2020-03-18,0.009032852484486077
Exchange,JPY,USD,2020-03-19,0.009025840982733565
Exchange,JPY,USD,2020-03-22,0.008989410474461085
Exchange,JPY,USD,2020-03-23,0.008991107794391346
Exchange,JPY,USD,2020-03-24,0.008992158837493706
Exchange,JPY,USD,2020-03-25,0.009121840422523649
Exchange,JPY,USD,2020-03-26,0.00925805914048179
Exchange,JPY,USD,2020-03-29,0.009278331384883742
Exchange,JPY,USD,2020-03-30,0.009297395799436578
Exchange,JPY,USD,2020-03-31,0.00933079535699623
Exchange,JPY,USD,2020-04-01,0.009269215082866784
Exchange,JPY,USD,2020-04-02,0.009214212000589708
Exchange,JPY,USD,2020-04-05,0.00915549696037501
Exchange,JPY,USD,2020-04-06,0.0091940496110917
Exchange,JPY,USD,2020-04-07,0.009188642837452908
Exchange,JPY,USD,2020-04-08,0.009217014608968154
Exchange,JPY,USD,2020-04-09,0.009219563914626838
Exchange,JPY,USD,2020-04-12,0.009279192339098805
Exchange,JPY,USD,2020-04-13,0.009326792143110298
Exchange,JPY,USD,2020-04-14,0.009307693739645191
Exchange,JPY,USD,2020-04-15,0.009266981744045964
Exchange,JPY,USD,2020-04-16,0.009298173838658087
Exchange,JPY,USD,2020-04-19,0.009291435155074051
Exchange,JPY,USD,2020-04-20,0.009279364549115677
Exchange,JPY,USD,2020-04-21,0.009281087000909547
Exchange,JPY,USD,2020-04-22,0.009292557590625668
Exchange,JPY,USD,2020-04-23,0.009302065988856125
Exchange,JPY,USD,2020-04-26,0.009323226955313773
Exchange,JPY,USD,2020-04-27,0.009357338024478797
Exchange,JPY,USD,2020-04-28,0.009371456418041928
Exchange,JPY,USD,2020-04-29,0.009328445228033843
Exchange,JPY,USD,2020-04-30,0.009353137042163942
Exchange,JPY,USD,2020-05-03,0.009369875849144999
Exchange,JPY,USD,2020-05-04,0.009385265133740028
Exchange,JPY,USD,2020-05-05,0.009424893027464139
Exchange,JPY,USD,2020-05-06,0.009410170512289682
Exchange,JPY,USD,2020-05-07,0.009377344336084021
Exchange,JPY,USD,2020-05-10,0.009288845953778702
Exchange,JPY,USD,2020-05-11,0.009332885354836302
Exchange,JPY,USD,2020-05-12,0.009342476503671593
Exchange,JPY,USD,2020-05-13,0.009325226603006453
Exchange,JPY,USD,2020-05-14,0.009339335412892018
Exchange,JPY,USD,2020-05-17,0.009318448664666306
Exchange,JPY,USD,2020-05-18,0.009285137280754696
Exchange,JPY,USD,2020-05-19,0.00929843321400344
Exchange,JPY,USD,2020-05-20,0.009292989368820162
Exchange,JPY,USD,2020-05-21,0.009290658243136525
Exchange,JPY,USD,2020-05-24,0.009283671877901148
Exchange,JPY,USD,2020-05-25,0.009296963611684424
Exchange,JPY,USD,2020-05-26,0.009283154787322924
Exchange,JPY,USD,2020-05-27,0.009290312990644655
Exchange,JPY,USD,2020-05-28,0.009274631101547937
Exchange,JPY,USD,2020-05-31,0.009294371328723326
Exchange,JPY,USD,2020-06-01,0.009201324990798674
Exchange,JPY,USD,2020-06-02,0.009182399177257035
Exchange,JPY,USD,2020-06-03,0.009161116556885954
Exchange,JPY,USD,2020-06-04,0.009124920156948626
Exchange,JPY,USD,2020-06-07,0.009222539887485013
Exchange,JPY,USD,2020-06-08,0.009280311818477101
Exchange,JPY,USD,2020-06-09,0.009335150575978791
Exchange,JPY,USD,2020-06-10,0.009357600711177654
Exchange,JPY,USD,2020-06-11,0.009311680572109654
Exchange,JPY,USD,2020-06-14,0.009317580410718944
Exchange,JPY,USD,2020-06-15,0.009317580410718944
Exchange,JPY,USD,2020-06-16,0.009345183025409553
Exchange,JPY,USD,2020-06-17,0.009348153272321053
Exchange,JPY,USD,2020-06-18,0.009355324582986406
Exchange,JPY,USD,2020-06-21,0.00935401193571923
Exchange,JPY,USD,2020-06-22,0.009387379606856542
Exchange,JPY,USD,2020-06-23,0.00934212738924908
Exchange,JPY,USD,2020-06-24,0.009328793320583983
Exchange,JPY,USD,2020-06-25,0.00932670515486994
Exchange,JPY,USD,2020-06-28,0.009296099356709924
Exchange,JPY,USD,2020-06-29,0.009265006995080281
Exchange,JPY,USD,2020-06-30,0.009305528414431014
Exchange,JPY,USD,2020-07-01,0.009302152518092688
Exchange,JPY,USD,2020-07-02,0.009302152518092688
Exchange,JPY,USD,2020-07-05,0.009312027414608709
Exchange,JPY,USD,2020-07-06,0.009300595238095238
Exchange,JPY,USD,2020-07-07,0.009323140033563304
Exchange,JPY,USD,2020-07-08,0.009327836128574893
Exchange,JPY,USD,2020-07-09,0.009352524714046557
Exchange,JPY,USD,2020-07-12,0.009320272524768624
Exchange,JPY,USD,2020-07-13,0.00932496573075094
Exchange,JPY,USD,2020-07-14,0.009351737552837316
Exchange,JPY,USD,2020-07-15,0.009321923299215095
Exchange,JPY,USD,2020-07-16,0.00934256378635425
Exchange,JPY,USD,2020-07-19,0.009322097098963382
Exchange,JPY,USD,2020-07-20,0.00936303287360842
Exchange,JPY,USD,2020-07-21,0.009332014408630247
Exchange,JPY,USD,2020-07-22,0.009357513147305973
Exchange,JPY,USD,2020-07-23,0.00942151874882231
Exchange,JPY,USD,2020-07-26,0.009489556742804543
Exchange,JPY,USD,2020-07-27,0.009515109994671539
Exchange,JPY,USD,2020-07-28,0.009531071292413268
Exchange,JPY,USD,2020-07-29,0.00954854480177221
Exchange,JPY,USD,2020-07-30,0.009443227317367983
Exchange,JPY,USD,2020-08-02,0.00943823618242223
Exchange,JPY,USD,2020-08-03,0.009459127111750128
Exchange,JPY,USD,2020-08-04,0.009470055683927421
Exchange,JPY,USD,2020-08-05,0.009474182851729039
Exchange,JPY,USD,2020-08-06,0.009440552838774239
Exchange,JPY,USD,2020-08-09,0.009437523593808984
Exchange,JPY,USD,2020-08-10,0.009390376741914886
Exchange,JPY,USD,2020-08-11,0.009355062024061219
Exchange,JPY,USD,2020-08-12,0.009351912466099318
Exchange,JPY,USD,2020-08-13,0.00938130306299545
Exchange,JPY,USD,2020-08-16,0.009433428296511517
Exchange,JPY,USD,2020-08-17,0.00948676596148373
Exchange,JPY,USD,2020-08-18,0.009423471984017792
Exchange,JPY,USD,2020-08-19,0.00945143850894106
Exchange,JPY,USD,2020-08-20,0.009451081203689702
Exchange,JPY,USD,2020-08-23,0.009436276822616867
Exchange,JPY,USD,2020-08-24,0.00939946799011176
Exchange,JPY,USD,2020-08-25,0.009434852344560807
Exchange,JPY,USD,2020-08-26,0.009384384384384385
Exchange,JPY,USD,2020-08-27,0.009490547414774885
Exchange,JPY,USD,2020-08-30,0.009442157344109981
Exchange,JPY,USD,2020-08-31,0.009437701730874498
Exchange,JPY,USD,2020-09-01,0.009417792092821758
Exchange,JPY,USD,2020-09-02,0.009416639201468997
Exchange,JPY,USD,2020-09-03,0.00941256200525221
Exchange,JPY,USD,2020-09-06,0.009409816320385426
Exchange,JPY,USD,2020-09-07,0.00943111513505357
Exchange,JPY,USD,2020-09-08,0.009417969485778865
Exchange,JPY,USD,2020-09-09,0.009422051369024064
Exchange,JPY,USD,2020-09-10,0.009419033983874614
Exchange,JPY,USD,2020-09-13,0.009457874626413952
Exchange,JPY,USD,2020-09-14,0.009483437176970422
Exchange,JPY,USD,2020-09-15,0.009528074471430068
Exchange,JPY,USD,2020-09-16,0.009547086229282823
Exchange,JPY,USD,2020-09-17,0.00956278927437555
Exchange,JPY,USD,2020-09-20,0.009556209625014333
Exchange,JPY,USD,2020-09-21,0.009529799683610651
Exchange,JPY,USD,2020-09-22,0.009488116134541487
Exchange,JPY,USD,2020-09-23,0.009486945962355798
Exchange,JPY,USD,2020-09-24,0.009471131989695408
Exchange,JPY,USD,2020-09-27,0.009477145862751973
Exchange,JPY,USD,2020-09-28,0.009463782105880794
Exchange,JPY,USD,2020-09-29,0.009474362375412134
Exchange,JPY,USD,2020-09-30,0.009476068189786694
Exchange,JPY,USD,2020-10-01,0.0094948727687049
Exchange,JPY,USD,2020-10-04,0.009456980197083466
Exchange,JPY,USD,2020-10-05,0.00946700747893591
Exchange,JPY,USD,2020-10-06,0.009436989222958308
Exchange,JPY,USD,2020-10-07,0.00943111513505357
Exchange,JPY,USD,2020-10-08,0.00946772452708716
Exchange,JPY,USD,2020-10-11,0.009492799711418889
Exchange,JPY,USD,2020-10-12,0.009480290476100188
Exchange,JPY,USD,2020-10-13,0.009508686184829841
Exchange,JPY,USD,2020-10-14,0.009483527113404017
Exchange,JPY,USD,2020-10-15,0.00948712597005863
Exchange,JPY,USD,2020-10-18,0.009483976821160648
Exchange,JPY,USD,2020-10-19,0.009478493298705239
Exchange,JPY,USD,2020-10-20,0.009561052098172883
Exchange,JPY,USD,2020-10-21,0.009537889265105633
Exchange,JPY,USD,2020-10-22,0.009550277435559503
Exchange,JPY,USD,2020-10-25,0.00953889005475323
Exchange,JPY,USD,2020-10-26,0.00957707631014404
Exchange,JPY,USD,2020-10-27,0.009586440937937382
Exchange,JPY,USD,2020-10-28,0.009560046653027666
Exchange,JPY,USD,2020-10-29,0.009558401835213151
Exchange,JPY,USD,2020-11-01,0.009551554515497399
Exchange,JPY,USD,2020-11-02,0.00956654006945308
Exchange,JPY,USD,2020-11-03,0.00956827924066136
Exchange,JPY,USD,2020-11-04,0.009661462358942649
Exchange,JPY,USD,2020-11-05,0.009673986649898422
Exchange,JPY,USD,2020-11-08,0.009490187146490529
Exchange,JPY,USD,2020-11-09,0.009496495793052362
Exchange,JPY,USD,2020-11-10,0.009484786402610213
Exchange,JPY,USD,2020-11-11,0.009511670820096258
Exchange,JPY,USD,2020-11-12,0.0095565749235474
Exchange,JPY,USD,2020-11-15,0.009561783463851678
Exchange,JPY,USD,2020-11-16,0.00959720529381844
Exchange,JPY,USD,2020-11-17,0.009631869931228448
Exchange,JPY,USD,2020-11-18,0.009638647119490308
Exchange,JPY,USD,2020-11-19,0.009628531263841012
Exchange,JPY,USD,2020-11-22,0.00956791304680623
Exchange,JPY,USD,2020-11-23,0.009574233821938399
Exchange,JPY,USD,2020-11-24,0.009573225602634551
Exchange,JPY,USD,2020-11-25,0.009590026372572525
Exchange,JPY,USD,2020-11-26,0.00960540976678065
Exchange,JPY,USD,2020-11-29,0.009588095420725626
Exchange,JPY,USD,2020-11-30,0.009584143992179339
Exchange,JPY,USD,2020-12-01,0.009577351479221936
Exchange,JPY,USD,2020-12-02,0.00963001483022284
Exchange,JPY,USD,2020-12-03,0.009598034322570738
Exchange,JPY,USD,2020-12-06,0.009610209886983932
Exchange,JPY,USD,2020-12-07,0.009599600656612684
Exchange,JPY,USD,2020-12-08,0.00959462700887503
Exchange,JPY,USD,2020-12-09,0.009593062297346558
Exchange,JPY,USD,2020-12-10,0.009610209886983932
Exchange,JPY,USD,2020-12-13,0.009609101741169235
Exchange,JPY,USD,2020-12-14,0.009645619923992514
Exchange,JPY,USD,2020-12-15,0.009665571235260004
Exchange,JPY,USD,2020-12-16,0.00969979145448373
Exchange,JPY,USD,2020-12-17,0.009679792465249545
Exchange,JPY,USD,2020-12-20,0.009676514132548891
Exchange,JPY,USD,2020-12-21,0.009647946434601396
Exchange,JPY,USD,2020-12-22,0.00965400061785604
Exchange,JPY,USD,2020-12-23,0.009645526886906198
Exchange,JPY,USD,2020-12-24,0.009644131545954287
Exchange,JPY,USD,2020-12-27,0.00963298333493883
Exchange,JPY,USD,2020-12-28,0.009652230147775644
Exchange,JPY,USD,2020-12-29,0.009693303865689581
Exchange,JPY,USD,2020-12-30,0.009678855572117152
Exchange,JPY,USD,2021-01-03,0.009696875666660202
Exchange,JPY,USD,2021-01-04,0.00973340211604162
Exchange,JPY,USD,2021-01-05,0.009704215511218073
Exchange,JPY,USD,2021-01-06,0.009632797749778446
Exchange,JPY,USD,2021-01-07,0.00962149056131776
Exchange,JPY,USD,2021-01-10,0.00959085416147162
Exchange,JPY,USD,2021-01-11,0.009638368416994371
Exchange,JPY,USD,2021-01-12,0.009626121443148127
Exchange,JPY,USD,2021-01-13,0.009633725747095432
Exchange,JPY,USD,2021-01-14,0.009626862797951403
Exchange,JPY,USD,2021-01-17,0.009644038537577997
Exchange,JPY,USD,2021-01-18,0.009624453812246156
Exchange,JPY,USD,2021-01-19,0.009657916594232293
Exchange,JPY,USD,2021-01-20,0.009660808996145338
Exchange,JPY,USD,2021-01-21,0.009636046522832613
Exchange,JPY,USD,2021-01-24,0.009639669166554204
Exchange,JPY,USD,2021-01-25,0.009650832866876412
Exchange,JPY,USD,2021-01-26,0.009605225242531937
Exchange,JPY,USD,2021-01-27,0.00959407469946561
Exchange,JPY,USD,2021-01-28,0.009549821418339478
Exchange,JPY,USD,2021-01-31,0.009530707940985856
Exchange,JPY,USD,2021-02-01,0.009526259133300944
Exchange,JPY,USD,2021-02-02,0.009521089212605922
Exchange,JPY,USD,2021-02-03,0.009471221692886165
Exchange,JPY,USD,2021-02-04,0.009487666034155597
Exchange,JPY,USD,2021-02-07,0.009503625633179058
Exchange,JPY,USD,2021-02-08,0.009560046653027666
Exchange,JPY,USD,2021-02-09,0.009562057754828839
Exchange,JPY,USD,2021-02-10,0.009546812796547873
Exchange,JPY,USD,2021-02-11,0.009530526275660941
Exchange,JPY,USD,2021-02-14,0.009488746346832656
Exchange,JPY,USD,2021-02-15,0.009429781134779863
Exchange,JPY,USD,2021-02-16,0.009445100354191263
Exchange,JPY,USD,2021-02-17,0.009459395544624698
Exchange,JPY,USD,2021-02-18,0.009485056293809104
Exchange,JPY,USD,2021-02-21,0.009516468248303689
Exchange,JPY,USD,2021-02-22,0.009501097376747014
Exchange,JPY,USD,2021-02-23,0.009444208339235963
Exchange,JPY,USD,2021-02-24,0.009414954714067825
Exchange,JPY,USD,2021-02-25,0.009383679903911119
Exchange,JPY,USD,2021-02-28,0.009366628575710459
Exchange,JPY,USD,2021-03-01,0.009373213231227797
Exchange,JPY,USD,2021-03-02,0.009344571738277236
Exchange,JPY,USD,2021-03-03,0.009260802726380322
Exchange,JPY,USD,2021-03-04,0.009230286415787482
Exchange,JPY,USD,2021-03-07,0.009182820778886859
Exchange,JPY,USD,2021-03-08,0.009217609320846545
Exchange,JPY,USD,2021-03-09,0.009226709478598648
Exchange,JPY,USD,2021-03-10,0.009215655555657952
Exchange,JPY,USD,2021-03-11,0.009172292339301438
Exchange,JPY,USD,2021-03-14,0.009163467089407948
Exchange,JPY,USD,2021-03-15,0.009174311926605505
Exchange,JPY,USD,2021-03-16,0.009187714188587022
Exchange,JPY,USD,2021-03-17,0.009183917124331871
Exchange,JPY,USD,2021-03-18,0.009184085816097866
Exchange,JPY,USD,2021-03-21,0.009187376544627682
Exchange,JPY,USD,2021-03-22,0.009209459957268105
Exchange,JPY,USD,2021-03-23,0.009196417075907227
Exchange,JPY,USD,2021-03-24,0.009158683347681936
Exchange,JPY,USD,2021-03-25,0.009117266278878941
Exchange,JPY,USD,2021-03-28,0.009107882872626257
Exchange,JPY,USD,2021-03-29,0.009061254077564335
Exchange,JPY,USD,2021-03-30,0.009033668482434032
Exchange,JPY,USD,2021-03-31,0.009040201777303669
Exchange,JPY,USD,2021-04-01,0.00903546419697312
Exchange,JPY,USD,2021-04-04,0.009076304491863092
Exchange,JPY,USD,2021-04-05,0.009111451271958598
Exchange,JPY,USD,2021-04-06,0.009102908379227163
Exchange,JPY,USD,2021-04-07,0.009152396555037938
Exchange,JPY,USD,2021-04-08,0.009118097600116712
Exchange,JPY,USD,2021-04-11,0.009142940735458153
Exchange,JPY,USD,2021-04-12,0.009169180550334216
Exchange,JPY,USD,2021-04-13,0.00918130319417538
Exchange,JPY,USD,2021-04-14,0.009194218675296973
Exchange,JPY,USD,2021-04-15,0.00919100751824415
Exchange,JPY,USD,2021-04-18,0.009245049276112641
Exchange,JPY,USD,2021-04-19,0.009249581456439096
Exchange,JPY,USD,2021-04-20,0.009252576842650679
Exchange,JPY,USD,2021-04-21,0.009260974254491572
Exchange,JPY,USD,2021-04-22,0.009270761871210577
Exchange,JPY,USD,2021-04-25,0.009252405625462621
Exchange,JPY,USD,2021-04-26,0.00919946275137532
Exchange,JPY,USD,2021-04-27,0.009209968870305217
Exchange,JPY,USD,2021-04-28,0.009180291749671804
Exchange,JPY,USD,2021-04-29,0.009149130832570906
Exchange,JPY,USD,2021-05-02,0.009167751517262877
Exchange,JPY,USD,2021-05-03,0.009142773551784668
Exchange,JPY,USD,2021-05-04,0.009155245497908027
Exchange,JPY,USD,2021-05-05,0.009167079185230001
Exchange,JPY,USD,2021-05-06,0.00920683146894996
Exchange,JPY,USD,2021-05-09,0.009190247309555099
Exchange,JPY,USD,2021-05-10,0.009205983889528193
Exchange,JPY,USD,2021-05-11,0.009115271726250158
Exchange,JPY,USD,2021-05-12,0.009134589034839323
Exchange,JPY,USD,2021-05-13,0.0091453655859893
Exchange,JPY,USD,2021-05-16,0.009160529112161519
Exchange,JPY,USD,2021-05-17,0.009183158088066487
Exchange,JPY,USD,2021-05-18,0.009155916095184903
Exchange,JPY,USD,2021-05-19,0.009192697321248
Exchange,JPY,USD,2021-05-20,0.009182652133589224
Exchange,JPY,USD,2021-05-23,0.00919430320973125
Exchange,JPY,USD,2021-05-24,0.00919303535641398
Exchange,JPY,USD,2021-05-25,0.009161871953677576
Exchange,JPY,USD,2021-05-26,0.009103985724950383
Exchange,JPY,USD,2021-05-27,0.009102576939531582
Exchange,JPY,USD,2021-05-30,0.009125419769309388
Exchange,JPY,USD,2021-05-31,0.009132920525325588
Exchange,JPY,USD,2021-06-01,0.009126419158179097
Exchange,JPY,USD,2021-06-02,0.009065361254645998
Exchange,JPY,USD,2021-06-03,0.009131502771411091
Exchange,JPY,USD,2021-06-06,0.009152982957145733
Exchange,JPY,USD,2021-06-07,0.009133254178463788
Exchange,JPY,USD,2021-06-08,0.009120925226654992
Exchange,JPY,USD,2021-06-09,0.009146954978687595
Exchange,JPY,USD,2021-06-10,0.009119594360442847
Exchange,JPY,USD,2021-06-13,0.009084797499863729
Exchange,JPY,USD,2021-06-14,0.00908554036251306
Exchange,JPY,USD,2021-06-15,0.009032118212363164
Exchange,JPY,USD,2021-06-16,0.009071611299599035
Exchange,JPY,USD,2021-06-17,0.009072434315575554
Exchange,JPY,USD,2021-06-20,0.009063882242041911
Exchange,JPY,USD,2021-06-21,0.009035382558097509
Exchange,JPY,USD,2021-06-22,0.009012662791221666
Exchange,JPY,USD,2021-06-23,0.009018108361590072
Exchange,JPY,USD,2021-06-24,0.009028122601904933
Exchange,JPY,USD,2021-06-27,0.00903995660820828
Exchange,JPY,USD,2021-06-28,0.009046089827671988
Exchange,JPY,USD,2021-06-29,0.009000333012321456
Exchange,JPY,USD,2021-06-30,0.008966519017986837
Exchange,JPY,USD,2021-07-01,0.009007061536244415
Exchange,JPY,USD,2021-07-04,0.009009496008793269
Exchange,JPY,USD,2021-07-05,0.009039874888131549
Exchange,JPY,USD,2021-07-06,0.009040120052794302
Exchange,JPY,USD,2021-07-07,0.009110538159489081
Exchange,JPY,USD,2021-07-08,0.009080095522604898
Exchange,JPY,USD,2021-07-11,0.009060761466393636
Exchange,JPY,USD,2021-07-12,0.009038812661568776
Exchange,JPY,USD,2021-07-13,0.009094712334248868
Exchange,JPY,USD,2021-07-14,0.009103405584028985
Exchange,JPY,USD,2021-07-15,0.009083972239380836
Exchange,JPY,USD,2021-07-18,0.009136258154110403
Exchange,JPY,USD,2021-07-19,0.00910265979719274
Exchange,JPY,USD,2021-07-20,0.009067087379521076
Exchange,JPY,USD,2021-07-21,0.00907795237706183
Exchange,JPY,USD,2021-07-22,0.009045680687471733
Exchange,JPY,USD,2021-07-25,0.00905928395419626
Exchange,JPY,USD,2021-07-26,0.009108131740017487
Exchange,JPY,USD,2021-07-27,0.009097856544998
Exchange,JPY,USD,2021-07-28,0.009133504434316403
Exchange,JPY,USD,2021-07-29,0.009114025573955761
Exchange,JPY,USD,2021-08-01,0.009148210152683627
Exchange,JPY,USD,2021-08-02,0.009171955827860732
Exchange,JPY,USD,2021-08-03,0.009133254178463788
Exchange,JPY,USD,2021-08-04,0.009109293301025705
Exchange,JPY,USD,2021-08-05,0.009070623877510295
Exchange,JPY,USD,2021-08-08,0.00906322505800464
Exchange,JPY,USD,2021-08-09,0.009043717329571148
Exchange,JPY,USD,2021-08-10,0.00905436239180037
Exchange,JPY,USD,2021-08-11,0.009054690329590729
Exchange,JPY,USD,2021-08-12,0.009123088712914645
Exchange,JPY,USD,2021-08-15,0.00915147521780511
Exchange,JPY,USD,2021-08-16,0.009125169956290436
Exchange,JPY,USD,2021-08-17,0.009110123168865242
Exchange,JPY,USD,2021-08-18,0.009110455158339711
Exchange,JPY,USD,2021-08-19,0.009107468123861567
Exchange,JPY,USD,2021-08-22,0.009116185787866358
Exchange,JPY,USD,2021-08-23,0.009117266278878941
Exchange,JPY,USD,2021-08-24,0.00909198359806159
Exchange,JPY,USD,2021-08-25,0.00908372469047208
Exchange,JPY,USD,2021-08-26,0.009103985724950383
Exchange,JPY,USD,2021-08-29,0.009097525473071324
Exchange,JPY,USD,2021-08-30,0.009091074383170602
Exchange,JPY,USD,2021-08-31,0.00908834782924812
Exchange,JPY,USD,2021-09-01,0.009096201426284383
Exchange,JPY,USD,2021-09-02,0.009115354815186182
Exchange,JPY,USD,2021-09-05,0.00910232837559848
Exchange,JPY,USD,2021-09-06,0.009067334022450718
Exchange,JPY,USD,2021-09-07,0.009068978651624253
Exchange,JPY,USD,2021-09-08,0.009112779762338704
Exchange,JPY,USD,2021-09-09,0.009096532401848415
Exchange,JPY,USD,2021-09-12,0.009090578524417293
Exchange,JPY,USD,2021-09-13,0.009116435109214893
Exchange,JPY,USD,2021-09-14,0.009142940735458153
Exchange,JPY,USD,2021-09-15,0.00911244760342628
Exchange,JPY,USD,2021-09-16,0.009094960482396705
Exchange,JPY,USD,2021-09-19,0.009141352737378077
Exchange,JPY,USD,2021-09-20,0.009155664609694018
Exchange,JPY,USD,2021-09-21,0.009106970475201719
Exchange,JPY,USD,2021-09-22,0.009063800088825241
Exchange,JPY,USD,2021-09-23,0.009032770892799075
Exchange,JPY,USD,2021-09-26,0.009008035167369293
Exchange,JPY,USD,2021-09-27,0.008967644737786069
Exchange,JPY,USD,2021-09-28,0.00893080412960383
Exchange,JPY,USD,2021-09-29,0.008986179256303805
Exchange,JPY,USD,2021-09-30,0.009004871635554836
Exchange,JPY,USD,2021-10-03,0.009014856483484783
Exchange,JPY,USD,2021-10-04,0.008971426008163997
Exchange,JPY,USD,2021-10-05,0.008975854950184005
Exchange,JPY,USD,2021-10-06,0.008958245617178331
Exchange,JPY,USD,2021-10-07,0.008910114762278138
Exchange,JPY,USD,2021-10-10,0.008823788934968676
Exchange,JPY,USD,2021-10-11,0.008802197028378284
Exchange,JPY,USD,2021-10-12,0.008829710208910943
Exchange,JPY,USD,2021-10-13,0.008796622097114707
Exchange,JPY,USD,2021-10-14,0.008755954048753152
Exchange,JPY,USD,2021-10-17,0.008747452304516309
Exchange,JPY,USD,2021-10-18,0.008743092956564313
Exchange,JPY,USD,2021-10-19,0.008746457684637722
Exchange,JPY,USD,2021-10-20,0.00877162204834918
Exchange,JPY,USD,2021-10-21,0.008811193740527967
Exchange,JPY,USD,2021-10-24,0.008793914611089125
Exchange,JPY,USD,2021-10-25,0.008760096010652278
Exchange,JPY,USD,2021-10-26,0.008786419709696692
Exchange,JPY,USD,2021-10-27,0.00880514220304658
Exchange,JPY,USD,2021-10-28,0.008779322938614975
Exchange,JPY,USD,2021-10-31,0.008771929824561403
Exchange,JPY,USD,2021-11-01,0.008775470804008636
Exchange,JPY,USD,2021-11-02,0.008771160424524164
Exchange,JPY,USD,2021-11-03,0.008790822381433784
Exchange,JPY,USD,2021-11-04,0.008817797843166648
Exchange,JPY,USD,2021-11-07,0.00883173773271629
Exchange,JPY,USD,2021-11-08,0.00885896527285613
Exchange,JPY,USD,2021-11-09,0.008778706369829341
Exchange,JPY,USD,2021-11-10,0.008766854277348201
Exchange,JPY,USD,2021-11-11,0.008780247954202227
Exchange,JPY,USD,2021-11-14,0.008761247251158675
Exchange,JPY,USD,2021-11-15,0.008708677326087714
Exchange,JPY,USD,2021-11-16,0.008762859496310836
Exchange,JPY,USD,2021-11-17,0.00875242879899172
Exchange,JPY,USD,2021-11-18,0.008771929824561403
Exchange,JPY,USD,2021-11-21,0.008704583833846903
Exchange,JPY,USD,2021-11-22,0.008685984295740393
Exchange,JPY,USD,2021-11-23,0.008664610265830243
Exchange,JPY,USD,2021-11-24,0.008668140250509253
Exchange,JPY,USD,2021-11-25,0.008819897689186805
Exchange,JPY,USD,2021-11-28,0.008807158458394984
Exchange,JPY,USD,2021-11-29,0.008838294562681185
Exchange,JPY,USD,2021-11-30,0.008866584502983606
Exchange,JPY,USD,2021-12-01,0.008834858818956072
Exchange,JPY,USD,2021-12-02,0.008863676653075697
Exchange,JPY,USD,2021-12-05,0.008810727942342595
Exchange,JPY,USD,2021-12-06,0.00880514220304658
Exchange,JPY,USD,2021-12-07,0.008794920054176708
Exchange,JPY,USD,2021-12-08,0.00881360114929359
Exchange,JPY,USD,2021-12-09,0.008819975480468164
Exchange,JPY,USD,2021-12-12,0.008803979398688207
Exchange,JPY,USD,2021-12-13,0.008790899660671272
Exchange,JPY,USD,2021-12-14,0.00876731544800982
Exchange,JPY,USD,2021-12-15,0.008794765355660311
Exchange,JPY,USD,2021-12-16,0.008794146616012383
Exchange,JPY,USD,2021-12-19,0.008800337932976627
Exchange,JPY,USD,2021-12-20,0.008764625969586748
Exchange,JPY,USD,2021-12-21,0.008762859496310836
Exchange,JPY,USD,2021-12-22,0.00873950167361457
Exchange,JPY,USD,2021-12-23,0.008741105924721595
Exchange,JPY,USD,2021-12-26,0.008704053477704567
Exchange,JPY,USD,2021-12-27,0.00870852564660803
Exchange,JPY,USD,2021-12-28,0.008696862172128297
Exchange,JPY,USD,2021-12-29,0.008690362388111585
Exchange,JPY,USD,2021-12-30,0.008687342541916427
Exchange,JPY,USD,2022-01-02,0.008669267446900737
Exchange,JPY,USD,2022-01-03,0.008609704859317422
Exchange,JPY,USD,2022-01-04,0.008612893501571853
Exchange,JPY,USD,2022-01-05,0.008632298608473464
Exchange,JPY,USD,2022-01-06,0.008654337121048213
Exchange,JPY,USD,2022-01-09,0.008680630908254413
Exchange,JPY,USD,2022-01-10,0.008673102108431122
Exchange,JPY,USD,2022-01-11,0.008723111010310716
Exchange,JPY,USD,2022-01-12,0.008759251959882626
Exchange,JPY,USD,2022-01-13,0.00875771773875728
Exchange,JPY,USD,2022-01-16,0.008725089868425646
Exchange,JPY,USD,2022-01-17,0.008725546655497967
Exchange,JPY,USD,2022-01-18,0.008746840203976314
Exchange,JPY,USD,2022-01-19,0.008761554299732773
Exchange,JPY,USD,2022-01-20,0.00879584835957428
Exchange,JPY,USD,2022-01-23,0.008773007211411927
Exchange,JPY,USD,2022-01-24,0.008782329952136302
Exchange,JPY,USD,2022-01-25,0.008719840252526574
Exchange,JPY,USD,2022-01-26,0.00866836566633727
Exchange,JPY,USD,2022-01-27,0.008677693122060431
Exchange,JPY,USD,2022-01-30,0.00868538076709283
Exchange,JPY,USD,2022-01-31,0.008719308035714286
Exchange,JPY,USD,2022-02-01,0.00873835614044286
Exchange,JPY,USD,2022-02-02,0.008696937808197733
Exchange,JPY,USD,2022-02-03,0.008680630908254413
Exchange,JPY,USD,2022-02-06,0.00868870121294269
Exchange,JPY,USD,2022-02-07,0.008654412019247413
Exchange,JPY,USD,2022-02-08,0.008654861435668414
Exchange,JPY,USD,2022-02-09,0.008620392400262059
Exchange,JPY,USD,2022-02-10,0.008658608388459806
Exchange,JPY,USD,2022-02-13,0.008654861435668414
Exchange,JPY,USD,2022-02-14,0.008650818367417558
Exchange,JPY,USD,2022-02-15,0.00866145824310981
Exchange,JPY,USD,2022-02-16,0.008701554097561825
Exchange,JPY,USD,2022-02-17,0.008690211345939933
Exchange,JPY,USD,2022-02-20,0.008716344016665649
Exchange,JPY,USD,2022-02-21,0.008690966609306287
Exchange,JPY,USD,2022-02-22,0.00869414014953921
Exchange,JPY,USD,2022-02-23,0.00865561056676938
Exchange,JPY,USD,2022-02-24,0.008655385813822651
Exchange,JPY,USD,2022-02-27,0.008697769891799743
Exchange,JPY,USD,2022-02-28,0.00870170553428472
Exchange,JPY,USD,2022-03-01,0.008656734506609417
Exchange,JPY,USD,2022-03-02,0.008661083155059372
Exchange,JPY,USD,2022-03-03,0.008707464038173523
Exchange,JPY,USD,2022-03-06,0.008672199529966784
Exchange,JPY,USD,2022-03-07,0.008644835575227359
Exchange,JPY,USD,2022-03-08,0.008631255502425382
Exchange,JPY,USD,2022-03-09,0.008610297916307904
Exchange,JPY,USD,2022-03-10,0.008525730655117143
Exchange,JPY,USD,2022-03-13,0.008459521191100584
Exchange,JPY,USD,2022-03-14,0.008454228805248385
Exchange,JPY,USD,2022-03-15,0.008420201748033884
Exchange,JPY,USD,2022-03-16,0.008431561019207097
Exchange,JPY,USD,2022-03-17,0.008392641332080033
Exchange,JPY,USD,2022-03-20,0.008370162046337217
Exchange,JPY,USD,2022-03-21,0.008276158869145652
Exchange,JPY,USD,2022-03-22,0.008254707246807491
Exchange,JPY,USD,2022-03-23,0.00817460966238862
Exchange,JPY,USD,2022-03-24,0.008190947364972233
Exchange,JPY,USD,2022-03-27,0.008069852644490711
Exchange,JPY,USD,2022-03-28,0.008137093755594252
Exchange,JPY,USD,2022-03-29,0.008207889423313689
Exchange,JPY,USD,2022-03-30,0.008217061907344411
Exchange,JPY,USD,2022-03-31,0.008159268929503916
Exchange,JPY,USD,2022-04-03,0.008145312372729495
Exchange,JPY,USD,2022-04-04,0.00809048397275125
Exchange,JPY,USD,2022-04-05,0.008078131689702806
Exchange,JPY,USD,2022-04-06,0.008065882125198622
Exchange,JPY,USD,2022-04-07,0.00804557010909793
Exchange,JPY,USD,2022-04-10,0.007974863231095586
Exchange,JPY,USD,2022-04-11,0.007974863231095586
Exchange,JPY,USD,2022-04-12,0.007958235181766091
Exchange,JPY,USD,2022-04-13,0.007943316493502368
Exchange,JPY,USD,2022-04-14,0.007907701310306107
Exchange,JPY,USD,2022-04-17,0.00787407774864369
Exchange,JPY,USD,2022-04-18,0.007758553805570643
Exchange,JPY,USD,2022-04-19,0.007820442637053258
Exchange,JPY,USD,2022-04-20,0.007789739355321171
Exchange,JPY,USD,2022-04-21,0.007778045688240373
Exchange,JPY,USD,2022-04-24,0.007804573480059315
Exchange,JPY,USD,2022-04-25,0.007859781498074354
Exchange,JPY,USD,2022-04-26,0.007786282128146631
Exchange,JPY,USD,2022-04-27,0.007642280150705764
Exchange,JPY,USD,2022-04-28,0.007704872561407834
Exchange,JPY,USD,2022-05-01,0.007681907571288103
Exchange,JPY,USD,2022-05-02,0.0076840325802981415
Exchange,JPY,USD,2022-05-03,0.007746293398608766
Exchange,JPY,USD,2022-05-04,0.007681730540256108
Exchange,JPY,USD,2022-05-05,0.00766001777124123
Exchange,JPY,USD,2022-05-08,0.007673007128223623
Exchange,JPY,USD,2022-05-09,0.007666418785792593
Exchange,JPY,USD,2022-05-10,0.007693313741027673
Exchange,JPY,USD,2022-05-11,0.007792895996010037
Exchange,JPY,USD,2022-05-12,0.0077364052019588585
Exchange,JPY,USD,2022-05-15,0.007745333436604445
Exchange,JPY,USD,2022-05-16,0.007730185601756298
Exchange,JPY,USD,2022-05-17,0.007797392551930635
Exchange,JPY,USD,2022-05-18,0.007822767382189124
Exchange,JPY,USD,2022-05-19,0.007813965118459712
Exchange,JPY,USD,2022-05-22,0.007818730550907755
Exchange,JPY,USD,2022-05-23,0.007882829620520582
Exchange,JPY,USD,2022-05-24,0.007855768097725755
Exchange,JPY,USD,2022-05-25,0.007868873098683537
Exchange,JPY,USD,2022-05-26,0.00786639711145898
Exchange,JPY,USD,2022-05-29,0.007835946621531614
Exchange,JPY,USD,2022-05-30,0.0077697662854301335
Exchange,JPY,USD,2022-05-31,0.007682733824003933
Exchange,JPY,USD,2022-06-01,0.007699829833760674
Exchange,JPY,USD,2022-06-02,0.007643740540871081
Exchange,JPY,USD,2022-06-05,0.007581673578625746
Exchange,JPY,USD,2022-06-06,0.007539544913069048
Exchange,JPY,USD,2022-06-07,0.007448512159696101
Exchange,JPY,USD,2022-06-08,0.007441694324963909
Exchange,JPY,USD,2022-06-09,0.007440974470016594
Exchange,JPY,USD,2022-06-12,0.007439147771231327
Exchange,JPY,USD,2022-06-13,0.007382580064080794
Exchange,JPY,USD,2022-06-14,0.007473506419742014
Exchange,JPY,USD,2022-06-15,0.007563037921072136
Exchange,JPY,USD,2022-06-16,0.0074066941701910185
Exchange,JPY,USD,2022-06-19,0.0074015957840510415
Exchange,JPY,USD,2022-06-20,0.007317215945676989
Exchange,JPY,USD,2022-06-21,0.007340742589520356
Exchange,JPY,USD,2022-06-22,0.007409383242938858
Exchange,JPY,USD,2022-06-23,0.007395410408300609
Exchange,JPY,USD,2022-06-26,0.007381163271331563
Exchange,JPY,USD,2022-06-27,0.007344085073881497
Exchange,JPY,USD,2022-06-28,0.007320108337603395
Exchange,JPY,USD,2022-06-29,0.007366048409670148
Exchange,JPY,USD,2022-06-30,0.007394316728162734
Exchange,JPY,USD,2022-07-03,0.00736887094159433
Exchange,JPY,USD,2022-07-04,0.007359759777440865
Exchange,JPY,USD,2022-07-05,0.007357377242160714
Exchange,JPY,USD,2022-07-06,0.007353157445807229
Exchange,JPY,USD,2022-07-07,0.007348402457305781
Exchange,JPY,USD,2022-07-10,0.00727685523424197
Exchange,JPY,USD,2022-07-11,0.007305669199298656
Exchange,JPY,USD,2022-07-12,0.007275902211874272
Exchange,JPY,USD,2022-07-13,0.007197403176933763
Exchange,JPY,USD,2022-07-14,0.007218757218757219
Exchange,JPY,USD,2022-07-17,0.007239294892677454
Exchange,JPY,USD,2022-07-18,0.007235890014471781
Exchange,JPY,USD,2022-07-19,0.007232959148246731
Exchange,JPY,USD,2022-07-20,0.007280987884436161
Exchange,JPY,USD,2022-07-21,0.007348294460855635
Exchange,JPY,USD,2022-07-24,0.007317965605561654
Exchange,JPY,USD,2022-07-25,0.0073026282158949
Exchange,JPY,USD,2022-07-26,0.007320751401923893
Exchange,JPY,USD,2022-07-27,0.0074494554448069844
Exchange,JPY,USD,2022-07-28,0.007505704335294824
Exchange,JPY,USD,2022-07-31,0.007598206823189726
Exchange,JPY,USD,2022-08-01,0.007510439510920179
Exchange,JPY,USD,2022-08-02,0.007470379943523928
Exchange,JPY,USD,2022-08-03,0.007521115531855685
Exchange,JPY,USD,2022-08-04,0.007406090769048465
Exchange,JPY,USD,2022-08-07,0.007404993927904979
Exchange,JPY,USD,2022-08-08,0.007399624099095766
Exchange,JPY,USD,2022-08-09,0.007526266670680676
Exchange,JPY,USD,2022-08-10,0.007519362358072035
Exchange,JPY,USD,2022-08-11,0.007489795154102536
Exchange,JPY,USD,2022-08-14,0.007501706638260205
Exchange,JPY,USD,2022-08-15,0.007449177983209553
Exchange,JPY,USD,2022-08-16,0.007403952229700215
Exchange,JPY,USD,2022-08-17,0.0073592181566630365
Exchange,JPY,USD,2022-08-18,0.007304121715884274
Exchange,JPY,USD,2022-08-21,0.007271775331229366
Exchange,JPY,USD,2022-08-22,0.007311865695650901
Exchange,JPY,USD,2022-08-23,0.007291712239868166
Exchange,JPY,USD,2022-08-24,0.007326973520317697
Exchange,JPY,USD,2022-08-25,0.007271246582514107
Exchange,JPY,USD,2022-08-28,0.007209545438160123
Exchange,JPY,USD,2022-08-29,0.0072044033313161
Exchange,JPY,USD,2022-08-30,0.007196574430571047
Exchange,JPY,USD,2022-08-31,0.007132464123705457
Exchange,JPY,USD,2022-09-01,0.00713159940379829
Exchange,JPY,USD,2022-09-04,0.0071133873950775355
Exchange,JPY,USD,2022-09-05,0.007002801120448179
Exchange,JPY,USD,2022-09-06,0.006955650770686105
Exchange,JPY,USD,2022-09-07,0.0069393363218741766
Exchange,JPY,USD,2022-09-08,0.007012081816970641
Exchange,JPY,USD,2022-09-11,0.007001085168201071
Exchange,JPY,USD,2022-09-12,0.006917734303660865
Exchange,JPY,USD,2022-09-13,0.00698416689365209
Exchange,JPY,USD,2022-09-14,0.006968932498919816
Exchange,JPY,USD,2022-09-15,0.006995942353435008
Exchange,JPY,USD,2022-09-18,0.006982460060328454
Exchange,JPY,USD,2022-09-19,0.006957877012565925
Exchange,JPY,USD,2022-09-20,0.006942130400977452
Exchange,JPY,USD,2022-09-21,0.007023113065097235
Exchange,JPY,USD,2022-09-22,0.006975543743634816
Exchange,JPY,USD,2022-09-25,0.0069091311076719
Exchange,JPY,USD,2022-09-26,0.00690407478493807
Exchange,JPY,USD,2022-09-27,0.006938662225922842
Exchange,JPY,USD,2022-09-28,0.006923961059643001
Exchange,JPY,USD,2022-09-29,0.0069085583220493555
Exchange,JPY,USD,2022-10-02,0.006917255786284465
Exchange,JPY,USD,2022-10-03,0.006937699458859443
Exchange,JPY,USD,2022-10-04,0.006911566506548709
Exchange,JPY,USD,2022-10-05,0.006890421624899228
Exchange,JPY,USD,2022-10-06,0.006878430617270364
Exchange,JPY,USD,2022-10-09,0.006862146342132892
Exchange,JPY,USD,2022-10-10,0.0068557952036856756
Exchange,JPY,USD,2022-10-11,0.006806842237817454
Exchange,JPY,USD,2022-10-12,0.0067927399195739585
Exchange,JPY,USD,2022-10-13,0.0067223275386869945
Exchange,JPY,USD,2022-10-16,0.006710328537685205
Exchange,JPY,USD,2022-10-17,0.006700526661395586
Exchange,JPY,USD,2022-10-18,0.0066712920958531255
Exchange,JPY,USD,2022-10-19,0.006659563132658497
Exchange,JPY,USD,2022-10-20,0.006773186310035831
Exchange,JPY,USD,2022-10-23,0.006710508656556167
Exchange,JPY,USD,2022-10-24,0.006759314335153843
Exchange,JPY,USD,2022-10-25,0.006831721047166202
Exchange,JPY,USD,2022-10-26,0.006835690507276592
Exchange,JPY,USD,2022-10-27,0.006780534441724697
Exchange,JPY,USD,2022-10-30,0.006723050651463608
Exchange,JPY,USD,2022-10-31,0.006746454738035162
Exchange,JPY,USD,2022-11-01,0.006760502440541381
Exchange,JPY,USD,2022-11-02,0.00674399784192069
Exchange,JPY,USD,2022-11-03,0.006819142697380086
Exchange,JPY,USD,2022-11-06,0.006820072838377914
Exchange,JPY,USD,2022-11-07,0.00686643412343102
Exchange,JPY,USD,2022-11-08,0.006829947955796578
Exchange,JPY,USD,2022-11-09,0.00709541919736618
Exchange,JPY,USD,2022-11-10,0.007202483416281933
Exchange,JPY,USD,2022-11-13,0.007147145430115212
Exchange,JPY,USD,2022-11-14,0.007177926440609836
Exchange,JPY,USD,2022-11-15,0.007166403898523722
Exchange,JPY,USD,2022-11-16,0.0071319554395424135
Exchange,JPY,USD,2022-11-17,0.007123724853251268
Exchange,JPY,USD,2022-11-20,0.0070370995890333835
Exchange,JPY,USD,2022-11-21,0.007081551142962355
Exchange,JPY,USD,2022-11-22,0.0071638369510709935
Exchange,JPY,USD,2022-11-23,0.007213133673793243
Exchange,JPY,USD,2022-11-24,0.007185766433847835
Exchange,JPY,USD,2022-11-27,0.007198387561186295
Exchange,JPY,USD,2022-11-28,0.007209701374169082
Exchange,JPY,USD,2022-11-29,0.007240185927974631
Exchange,JPY,USD,2022-11-30,0.007388361852410083
Exchange,JPY,USD,2022-12-01,0.007444242622755561
Exchange,JPY,USD,2022-12-04,0.007312400368544979
Exchange,JPY,USD,2022-12-05,0.007296340885046149
Exchange,JPY,USD,2022-12-06,0.007321394579239453
Exchange,JPY,USD,2022-12-07,0.007315824127587973
Exchange,JPY,USD,2022-12-08,0.007322359557143694
Exchange,JPY,USD,2022-12-11,0.007264485383855408
Exchange,JPY,USD,2022-12-12,0.007374631268436578
Exchange,JPY,USD,2022-12-13,0.007381054309797612
Exchange,JPY,USD,2022-12-14,0.007257842098387307
Exchange,JPY,USD,2022-12-15,0.007313095560219684
Exchange,JPY,USD,2022-12-18,0.007303961668809162
Exchange,JPY,USD,2022-12-19,0.007593014426727412
Exchange,JPY,USD,2022-12-20,0.007550189887275665
Exchange,JPY,USD,2022-12-21,0.007554353573964676
Exchange,JPY,USD,2022-12-22,0.007528589819840846
Exchange,JPY,USD,2022-12-26,0.007490300061420461
Exchange,JPY,USD,2022-12-27,0.007435718216022486
Exchange,JPY,USD,2022-12-28,0.00751732743974862
Exchange,JPY,USD,2022-12-29,0.0076277068824799205
Exchange,JPY,USD,2023-01-01,0.007653510282491065
Exchange,JPY,USD,2023-01-02,0.007634520246747694
Exchange,JPY,USD,2023-01-03,0.0075373854317414375
Exchange,JPY,USD,2023-01-04,0.007494903465643362
Exchange,JPY,USD,2023-01-05,0.007570366557148697
Exchange,JPY,USD,2023-01-08,0.007582765889685923
Exchange,JPY,USD,2023-01-09,0.007562294400120996
Exchange,JPY,USD,2023-01-10,0.007546828068162951
Exchange,JPY,USD,2023-01-11,0.007733832423319052
Exchange,JPY,USD,2023-01-12,0.007821237789092501
Exchange,JPY,USD,2023-01-15,0.007780647972363139
Exchange,JPY,USD,2023-01-16,0.007802990105808545
Exchange,JPY,USD,2023-01-17,0.007757711164897909
Exchange,JPY,USD,2023-01-18,0.007786706534604123
Exchange,JPY,USD,2023-01-19,0.0077179550506297845
Exchange,JPY,USD,2023-01-22,0.007652163266555456
Exchange,JPY,USD,2023-01-23,0.007680491551459294
Exchange,JPY,USD,2023-01-24,0.007717359428298013
Exchange,JPY,USD,2023-01-25,0.00767825058738617
Exchange,JPY,USD,2023-01-26,0.007702261383942326
Exchange,JPY,USD,2023-01-29,0.007666947788085562
Exchange,JPY,USD,2023-01-30,0.007686513243862318
Exchange,JPY,USD,2023-01-31,0.007756688204404248
Exchange,JPY,USD,2023-02-01,0.007769162639650698
Exchange,JPY,USD,2023-02-02,0.0076216026706095764
Exchange,JPY,USD,2023-02-05,0.007539658604258399
Exchange,JPY,USD,2023-02-06,0.007629976652271444
Exchange,JPY,USD,2023-02-07,0.007607397433264106
Exchange,JPY,USD,2023-02-08,0.007603232894626796
Exchange,JPY,USD,2023-02-09,0.00760872873360319
Exchange,JPY,USD,2023-02-12,0.007551501238446202
Exchange,JPY,USD,2023-02-13,0.007512922226229114
Exchange,JPY,USD,2023-02-14,0.0074535087392389975
Exchange,JPY,USD,2023-02-15,0.007465695130873635
Exchange,JPY,USD,2023-02-16,0.007453564294445604
Exchange,JPY,USD,2023-02-19,0.0074470144918902005
Exchange,JPY,USD,2023-02-20,0.007406419884756107
Exchange,JPY,USD,2023-02-21,0.0074122390891840605
Exchange,JPY,USD,2023-02-22,0.007424621529917512
Exchange,JPY,USD,2023-02-23,0.007326436714239663
Exchange,JPY,USD,2023-02-26,0.007340742589520356
Exchange,JPY,USD,2023-02-27,0.007340850364106179
Exchange,JPY,USD,2023-02-28,0.0073413892845082
Exchange,JPY,USD,2023-03-01,0.007311812232661866
Exchange,JPY,USD,2023-03-02,0.007362306463368844
Exchange,JPY,USD,2023-03-05,0.007357377242160714
Exchange,JPY,USD,2023-03-06,0.0072906490135751885
Exchange,JPY,USD,2023-03-07,0.00728013977868375
Exchange,JPY,USD,2023-03-08,0.007346135198272189
Exchange,JPY,USD,2023-03-09,0.007401376656058026
Exchange,JPY,USD,2023-03-12,0.007504577792453396
Exchange,JPY,USD,2023-03-13,0.007450343460833544
Exchange,JPY,USD,2023-03-14,0.007494454103963068
Exchange,JPY,USD,2023-03-15,0.007475182394450424
Exchange,JPY,USD,2023-03-16,0.0075841461009904885
Exchange,JPY,USD,2023-03-19,0.0076157982118105795
Exchange,JPY,USD,2023-03-20,0.007549733871881016
Exchange,JPY,USD,2023-03-21,0.007604736229723871
Exchange,JPY,USD,2023-03-22,0.007640003056001223
Exchange,JPY,USD,2023-03-23,0.007650055845407672
Exchange,JPY,USD,2023-03-26,0.007600401301188703
Exchange,JPY,USD,2023-03-27,0.0076394777652999644
Exchange,JPY,USD,2023-03-28,0.007526493256262042
Exchange,JPY,USD,2023-03-29,0.00753693096171239
Exchange,JPY,USD,2023-03-30,0.007528419784687193
Exchange,JPY,USD,2023-04-02,0.007552527831065057
Exchange,JPY,USD,2023-04-03,0.007591630986001033
Exchange,JPY,USD,2023-04-04,0.007614058597794968
Exchange,JPY,USD,2023-04-05,0.007589441568889361
Exchange,JPY,USD,2023-04-06,0.007567330321535866
Exchange,JPY,USD,2023-04-09,0.0074839095943721
Exchange,JPY,USD,2023-04-10,0.007479711283144471
Exchange,JPY,USD,2023-04-11,0.007508804072775329
Exchange,JPY,USD,2023-04-12,0.0075429571409175245
Exchange,JPY,USD,2023-04-13,0.007476411920391167
Exchange,JPY,USD,2023-04-16,0.007435718216022486
Exchange,JPY,USD,2023-04-17,0.007457399604757821
Exchange,JPY,USD,2023-04-18,0.007422141733218537
Exchange,JPY,USD,2023-04-19,0.007449344457687723
Exchange,JPY,USD,2023-04-20,0.007455787182010677
Exchange,JPY,USD,2023-04-23,0.0074487895716946
Exchange,JPY,USD,2023-04-24,0.007478145120884215
Exchange,JPY,USD,2023-04-25,0.007480662487469891
Exchange,JPY,USD,2023-04-26,0.007464023407177405
Exchange,JPY,USD,2023-04-27,0.007336488023183302
Exchange,JPY,USD,2023-04-30,0.007274314395868189
Exchange,JPY,USD,2023-05-01,0.007322359557143694
Exchange,JPY,USD,2023-05-02,0.007421480733836015
Exchange,JPY,USD,2023-05-03,0.007447624580140165
Exchange,JPY,USD,2023-05-04,0.0074161419746219615
Exchange,JPY,USD,2023-05-07,0.007401267096926994
Exchange,JPY,USD,2023-05-08,0.007394918212204573
Exchange,JPY,USD,2023-05-09,0.007441362066912729
Exchange,JPY,USD,2023-05-10,0.007431242429421774
Exchange,JPY,USD,2023-05-11,0.007367133742945969
Exchange,JPY,USD,2023-05-14,0.007347106709377847
Exchange,JPY,USD,2023-05-15,0.0073321846244088435
Exchange,JPY,USD,2023-05-16,0.007262322345439625
Exchange,JPY,USD,2023-05-17,0.0072098053352559486
Exchange,JPY,USD,2023-05-18,0.007248267664028298
Exchange,JPY,USD,2023-05-21,0.007215423689679057
Exchange,JPY,USD,2023-05-22,0.007215736077237239
Exchange,JPY,USD,2023-05-23,0.007170206358538998
Exchange,JPY,USD,2023-05-24,0.007140307033202427
Exchange,JPY,USD,2023-05-25,0.007111363959607452
Exchange,JPY,USD,2023-05-28,0.00712037709517096
Exchange,JPY,USD,2023-05-29,0.007153280494434748
Exchange,JPY,USD,2023-05-30,0.007176741615771608
Exchange,JPY,USD,2023-05-31,0.00720429952595709
Exchange,JPY,USD,2023-06-01,0.007144592258119828
Exchange,JPY,USD,2023-06-04,0.007164760840283151
Exchange,JPY,USD,2023-06-05,0.007161015431988256
Exchange,JPY,USD,2023-06-06,0.0071338888254765444
Exchange,JPY,USD,2023-06-07,0.007198180300020155
Exchange,JPY,USD,2023-06-08,0.007174733458652012
Exchange,JPY,USD,2023-06-11,0.007162810686913544
Exchange,JPY,USD,2023-06-12,0.0071310908429662485
Exchange,JPY,USD,2023-06-13,0.007137758743754462
Exchange,JPY,USD,2023-06-14,0.007129311451100053
Exchange,JPY,USD,2023-06-15,0.007048209754722301
Exchange,JPY,USD,2023-06-18,0.007042551093708185
Exchange,JPY,USD,2023-06-19,0.0070705856566099365
Exchange,JPY,USD,2023-06-20,0.007047613678008626
Exchange,JPY,USD,2023-06-21,0.006987729546915616
Exchange,JPY,USD,2023-06-22,0.0069602500121804375
Exchange,JPY,USD,2023-06-25,0.006968058420201795
Exchange,JPY,USD,2023-06-26,0.0069406849067866015
Exchange,JPY,USD,2023-06-27,0.006920894179527994
Exchange,JPY,USD,2023-06-28,0.0069063158258227154
Exchange,JPY,USD,2023-06-29,0.0069277504901383465
Exchange,JPY,USD,2023-07-02,0.0069113276660446475
Exchange,JPY,USD,2023-07-03,0.00692228352288853
Exchange,JPY,USD,2023-07-04,0.006912665385519348
Exchange,JPY,USD,2023-07-05,0.006941407578628795
Exchange,JPY,USD,2023-07-06,0.007034624421402141
Exchange,JPY,USD,2023-07-09,0.007076640011322624
Exchange,JPY,USD,2023-07-10,0.007125044531528323
Exchange,JPY,USD,2023-07-11,0.007219747453234087
Exchange,JPY,USD,2023-07-12,0.007243489913440295
Exchange,JPY,USD,2023-07-13,0.007204922402985719
Exchange,JPY,USD,2023-07-16,0.00720876585928489
Exchange,JPY,USD,2023-07-17,0.007203209750264718
Exchange,JPY,USD,2023-07-18,0.00715922107674685
Exchange,JPY,USD,2023-07-19,0.007139083627225608
Exchange,JPY,USD,2023-07-20,0.0070495016002368625
Exchange,JPY,USD,2023-07-23,0.007067537387272779
Exchange,JPY,USD,2023-07-24,0.007096426239745665
Exchange,JPY,USD,2023-07-25,0.0071306840465205825
Exchange,JPY,USD,2023-07-26,0.0071693838631508005
Exchange,JPY,USD,2023-07-27,0.00708360782313648
Exchange,JPY,USD,2023-07-30,0.00702933340831289
Exchange,JPY,USD,2023-07-31,0.006976955117247731
Exchange,JPY,USD,2023-08-01,0.0069765170436311376
Exchange,JPY,USD,2023-08-02,0.007016263699254872
Exchange,JPY,USD,2023-08-03,0.0070536784933342735
Exchange,JPY,USD,2023-08-06,0.007018528916339136
Exchange,JPY,USD,2023-08-07,0.006974084302731051
Exchange,JPY,USD,2023-08-08,0.006957005704744677
Exchange,JPY,USD,2023-08-09,0.006908033351985024
Exchange,JPY,USD,2023-08-10,0.006897883729271859
Exchange,JPY,USD,2023-08-13,0.006870396834121139
Exchange,JPY,USD,2023-08-14,0.006869452916769709
Exchange,JPY,USD,2023-08-15,0.006832654622974118
Exchange,JPY,USD,2023-08-16,0.006856030221381216
Exchange,JPY,USD,2023-08-17,0.006877342594821361
Exchange,JPY,USD,2023-08-20,0.006838822628296313
Exchange,JPY,USD,2023-08-21,0.006854949273375377
Exchange,JPY,USD,2023-08-22,0.006903550496020103
Exchange,JPY,USD,2023-08-23,0.006856265255190193
Exchange,JPY,USD,2023-08-24,0.0068287353182190655
Exchange,JPY,USD,2023-08-27,0.006824354757257701
Exchange,JPY,USD,2023-08-28,0.006854949273375377
Exchange,JPY,USD,2023-08-29,0.006837513333150999
Exchange,JPY,USD,2023-08-30,0.0068711521547933155
Exchange,JPY,USD,2023-08-31,0.006838448492805952
Exchange,JPY,USD,2023-09-03,0.006826497733602752
Exchange,JPY,USD,2023-09-04,0.0067692890892598456
Exchange,JPY,USD,2023-09-05,0.006771764450945339
Exchange,JPY,USD,2023-09-06,0.006789050619161417
Exchange,JPY,USD,2023-09-07,0.00676580831111893
Exchange,JPY,USD,2023-09-10,0.006821840805522963
Exchange,JPY,USD,2023-09-11,0.0067992058527563985
Exchange,JPY,USD,2023-09-12,0.0067806263942663016
Exchange,JPY,USD,2023-09-13,0.006780948247802973
Exchange,JPY,USD,2023-09-14,0.006763611768684478
Exchange,JPY,USD,2023-09-17,0.006774516976939544
Exchange,JPY,USD,2023-09-18,0.006762148199239934
Exchange,JPY,USD,2023-09-19,0.006740724762726488
Exchange,JPY,USD,2023-09-20,0.006776490997431711
Exchange,JPY,USD,2023-09-21,0.0067397707130003445
Exchange,JPY,USD,2023-09-24,0.006716277570319427
Exchange,JPY,USD,2023-09-25,0.006708347868087047
Exchange,JPY,USD,2023-09-26,0.006682169299441371
Exchange,JPY,USD,2023-09-27,0.00669819282757512
Exchange,JPY,USD,2023-09-28,0.006694874404156178
Exchange,JPY,USD,2023-10-01,0.006672271374621349
Exchange,JPY,USD,2023-10-02,0.006707447950203907
Exchange,JPY,USD,2023-10-03,0.00670555890833501
Exchange,JPY,USD,2023-10-04,0.006733598637119636
Exchange,JPY,USD,2023-10-05,0.006697833920510108
Exchange,JPY,USD,2023-10-08,0.0067330092511547115
Exchange,JPY,USD,2023-10-09,0.006724226041582614
Exchange,JPY,USD,2023-10-10,0.006703311435849309
Exchange,JPY,USD,2023-10-11,0.006674765381996822
Exchange,JPY,USD,2023-10-12,0.0066855198325945836
Exchange,JPY,USD,2023-10-15,0.006687979026497773
Exchange,JPY,USD,2023-10-16,0.006675032707660267
Exchange,JPY,USD,2023-10-17,0.006669779230307477
Exchange,JPY,USD,2023-10-18,0.006675611986728883
Exchange,JPY,USD,2023-10-19,0.0066721823373989166
Exchange,JPY,USD,2023-10-22,0.006679758994295486
Exchange,JPY,USD,2023-10-23,0.006670802564256505
Exchange,JPY,USD,2023-10-24,0.00665708047078873
Exchange,JPY,USD,2023-10-25,0.006649068797914852
Exchange,JPY,USD,2023-10-26,0.006682615843145641
Exchange,JPY,USD,2023-10-29,0.006708347868087047
Exchange,JPY,USD,2023-10-30,0.006591436405821557
Exchange,JPY,USD,2023-10-31,0.006624183569375075
Exchange,JPY,USD,2023-11-01,0.006645754691902812
Exchange,JPY,USD,2023-11-02,0.006694605486898657
Exchange,JPY,USD,2023-11-05,0.00666346820192974
Exchange,JPY,USD,2023-11-06,0.006648317310888614
Exchange,JPY,USD,2023-11-07,0.006623569309029249
Exchange,JPY,USD,2023-11-08,0.006607289161402859
Exchange,JPY,USD,2023-11-09,0.006598917777484493
Exchange,JPY,USD,2023-11-12,0.0065910454057117995
Exchange,JPY,USD,2023-11-13,0.006649643579104161
Exchange,JPY,USD,2023-11-14,0.006605587005489243
Exchange,JPY,USD,2023-11-15,0.006633983242558329
Exchange,JPY,USD,2023-11-16,0.006682437218502333
Exchange,JPY,USD,2023-11-19,0.00673881693329919
Exchange,JPY,USD,2023-11-20,0.0067385444743935305
Exchange,JPY,USD,2023-11-21,0.006687352878236678
Exchange,JPY,USD,2023-11-22,0.006685743320942422
Exchange,JPY,USD,2023-11-23,0.006691201070592172
Exchange,JPY,USD,2023-11-26,0.00672617085819214
Exchange,JPY,USD,2023-11-27,0.006781408091576136
Exchange,JPY,USD,2023-11-28,0.006791817218615013
Exchange,JPY,USD,2023-11-29,0.006746818874900485
Exchange,JPY,USD,2023-11-30,0.006811757092742073
Exchange,JPY,USD,2023-12-03,0.006792186268916239
Exchange,JPY,USD,2023-12-04,0.006795601886459084
Exchange,JPY,USD,2023-12-05,0.006787852459238946
Exchange,JPY,USD,2023-12-06,0.0069362558091142406
Exchange,JPY,USD,2023-12-07,0.006897360380182504
Exchange,JPY,USD,2023-12-10,0.00684106830122592
Exchange,JPY,USD,2023-12-11,0.006873797085510037
Exchange,JPY,USD,2023-12-12,0.006998145491444767
Exchange,JPY,USD,2023-12-13,0.00704811040160133
Exchange,JPY,USD,2023-12-14,0.007034525450913081
Exchange,JPY,USD,2023-12-17,0.007002850160015126
Exchange,JPY,USD,2023-12-18,0.006951975751508579
Exchange,JPY,USD,2023-12-19,0.006965534535120226
Exchange,JPY,USD,2023-12-20,0.007036109312994287
Exchange,JPY,USD,2023-12-21,0.007019908460393676
Exchange,JPY,USD,2023-12-25,0.007023754337168304
Exchange,JPY,USD,2023-12-26,0.007050943063634762
Exchange,JPY,USD,2023-12-27,0.007071535654682771
Exchange,JPY,USD,2023-12-28,0.007090438543623923
Exchange,JPY,USD,2024-01-01,0.0070419559736912525
Exchange,JPY,USD,2024-01-02,0.00697822097234531
Exchange,JPY,USD,2024-01-03,0.006914099231152165
Exchange,JPY,USD,2024-01-04,0.006914529500840116
Exchange,JPY,USD,2024-01-07,0.0069330338262720385
Exchange,JPY,USD,2024-01-08,0.00692031944194544
Exchange,JPY,USD,2024-01-09,0.006859933870237491
Exchange,JPY,USD,2024-01-10,0.006882312456985546
Exchange,JPY,USD,2024-01-11,0.006901073116869673
Exchange,JPY,USD,2024-01-14,0.006859933870237491
Exchange,JPY,USD,2024-01-15,0.006794216762691597
Exchange,JPY,USD,2024-01-16,0.006749551154848203
Exchange,JPY,USD,2024-01-17,0.006749505598714895
Exchange,JPY,USD,2024-01-18,0.006748731238527157
Exchange,JPY,USD,2024-01-21,0.0067505535453907224
Exchange,JPY,USD,2024-01-22,0.00673999784320069
Exchange,JPY,USD,2024-01-23,0.006778833769438306
Exchange,JPY,USD,2024-01-24,0.006772544106193492
Exchange,JPY,USD,2024-01-25,0.006749095621186761
Exchange,JPY,USD,2024-01-28,0.006779339285593226
Exchange,JPY,USD,2024-01-29,0.006774654661978605
Exchange,JPY,USD,2024-01-30,0.0068043411696662465
Exchange,JPY,USD,2024-01-31,0.006829761368137797
Exchange,JPY,USD,2024-02-01,0.006739361917213678
Exchange,JPY,USD,2024-02-04,0.006725220923507338
Exchange,JPY,USD,2024-02-05,0.006759040216289288
Exchange,JPY,USD,2024-02-06,0.006748822330503327
Exchange,JPY,USD,2024-02-07,0.006696981670361168
Exchange,JPY,USD,2024-02-08,0.006698731260299299
Exchange,JPY,USD,2024-02-11,0.006695322647598387
Exchange,JPY,USD,2024-02-12,0.006631563590063265
Exchange,JPY,USD,2024-02-13,0.00664019442489276
Exchange,JPY,USD,2024-02-14,0.006669423361656152
Exchange,JPY,USD,2024-02-15,0.0066580112520390165
Exchange,JPY,USD,2024-02-18,0.00666040588513464
Exchange,JPY,USD,2024-02-19,0.006666755556740757
Exchange,JPY,USD,2024-02-20,0.006653802648213455
Exchange,JPY,USD,2024-02-21,0.006642973394891553
Exchange,JPY,USD,2024-02-22,0.006643458850415881
Exchange,JPY,USD,2024-02-25,0.006635083668405059
Exchange,JPY,USD,2024-02-26,0.006643811953546467
Exchange,JPY,USD,2024-02-27,0.006635391853065883
Exchange,JPY,USD,2024-02-28,0.006667288946968384
Exchange,JPY,USD,2024-02-29,0.00666040588513464
Exchange,JPY,USD,2024-03-03,0.006643547122679742
Exchange,JPY,USD,2024-03-04,0.006663912249603497
Exchange,JPY,USD,2024-03-05,0.0066929924369185465
Exchange,JPY,USD,2024-03-06,0.006755296152183311
Exchange,JPY,USD,2024-03-07,0.00679915962387049
Exchange,JPY,USD,2024-03-10,0.006805313588850175
Exchange,JPY,USD,2024-03-11,0.006772498239150457
Exchange,JPY,USD,2024-03-12,0.006767823062033866
Exchange,JPY,USD,2024-03-13,0.006741997249265122
Exchange,JPY,USD,2024-03-14,0.006708932944215222
Exchange,JPY,USD,2024-03-17,0.006704524883844107
Exchange,JPY,USD,2024-03-18,0.006629189647857445
Exchange,JPY,USD,2024-03-19,0.006611832535505541
Exchange,JPY,USD,2024-03-20,0.006595000989250149
Exchange,JPY,USD,2024-03-21,0.006603275224511358
Exchange,JPY,USD,2024-03-24,0.00660427825145129
Exchange,JPY,USD,2024-03-25,0.006598264656395368
Exchange,JPY,USD,2024-03-26,0.0066082934082273255
Exchange,JPY,USD,2024-03-27,0.0066056306395571585
Exchange,JPY,USD,2024-03-28,0.006607551109407831
Exchange,JPY,USD,2024-03-31,0.006593957297532541
Exchange,JPY,USD,2024-04-01,0.006598134047691313
Exchange,JPY,USD,2024-04-02,0.006591914357848663
Exchange,JPY,USD,2024-04-03,0.006607376475096798
Exchange,JPY,USD,2024-04-04,0.006595000989250149
Exchange,JPY,USD,2024-04-07,0.00658535942891763
Exchange,JPY,USD,2024-04-08,0.006588439923310559
Exchange,JPY,USD,2024-04-09,0.006529759378366907
Exchange,JPY,USD,2024-04-10,0.006524136041284733
Exchange,JPY,USD,2024-04-11,0.006522646629096221
Exchange,JPY,USD,2024-04-14,0.006482015647585773
Exchange,JPY,USD,2024-04-15,0.006462829038783437
Exchange,JPY,USD,2024-04-16,0.006476851731910154
Exchange,JPY,USD,2024-04-17,0.006465963169873784
Exchange,JPY,USD,2024-04-18,0.006466464912961382
Exchange,JPY,USD,2024-04-21,0.006458446356144566
Exchange,JPY,USD,2024-04-22,0.006458446356144566
Exchange,JPY,USD,2024-04-23,0.0064372433149228175
Exchange,JPY,USD,2024-04-24,0.00642483584544415
Exchange,JPY,USD,2024-04-25,0.006315324134011178
Exchange,JPY,USD,2024-04-28,0.0063954975697109225
Exchange,JPY,USD,2024-04-29,0.006336573434549533
Exchange,JPY,USD,2024-04-30,0.006474838776514466
Exchange,JPY,USD,2024-05-01,0.006507366338695403
Exchange,JPY,USD,2024-05-02,0.006536631281702661
Exchange,JPY,USD,2024-05-05,0.006497768016686268
Exchange,JPY,USD,2024-05-06,0.006464458407674604
Exchange,JPY,USD,2024-05-07,0.006429545045392587
Exchange,JPY,USD,2024-05-08,0.006431654028466501
Exchange,JPY,USD,2024-05-09,0.0064196389595049174
Exchange,JPY,USD,2024-05-12,0.006401147085557731
Exchange,JPY,USD,2024-05-13,0.00639259481816264
Exchange,JPY,USD,2024-05-14,0.006455527868513808
Exchange,JPY,USD,2024-05-15,0.006435089254687962
Exchange,JPY,USD,2024-05-16,0.006425000963750145
Exchange,JPY,USD,2024-05-19,0.006398935217179861
Exchange,JPY,USD,2024-05-20,0.006402212604676176
Exchange,JPY,USD,2024-05-21,0.0063763310591085885
Exchange,JPY,USD,2024-05-22,0.006371658861384561
Exchange,JPY,USD,2024-05-23,0.006369629606038409
Exchange,JPY,USD,2024-05-26,0.00637352691859094
Exchange,JPY,USD,2024-05-27,0.006361727845282779
Exchange,JPY,USD,2024-05-28,0.006342441078722378
Exchange,JPY,USD,2024-05-29,0.006376900316294256
Exchange,JPY,USD,2024-05-30,0.006357198255584799
Exchange,JPY,USD,2024-06-02,0.006406847638756302
Exchange,JPY,USD,2024-06-03,0.006455944633818821
Exchange,JPY,USD,2024-06-04,0.006405780576392136
Exchange,JPY,USD,2024-06-05,0.006425991851842332
Exchange,JPY,USD,2024-06-06,0.006378690072206772
Exchange,JPY,USD,2024-06-09,0.006368128789036629
Exchange,JPY,USD,2024-06-10,0.006363752068219423
Exchange,JPY,USD,2024-06-11,0.006380317995048873
Exchange,JPY,USD,2024-06-12,0.006369183343311721
Exchange,JPY,USD,2024-06-13,0.006352876900304303
Exchange,JPY,USD,2024-06-16,0.006339988207621933
Exchange,JPY,USD,2024-06-17,0.006334887492398135
Exchange,JPY,USD,2024-06-18,0.006325750866627868
Exchange,JPY,USD,2024-06-19,0.006292078273453722
Exchange,JPY,USD,2024-06-20,0.006256960868966726
Exchange,JPY,USD,2024-06-23,0.00626472209692778
Exchange,JPY,USD,2024-06-24,0.0062625250501002
Exchange,JPY,USD,2024-06-25,0.00621793875330328
Exchange,JPY,USD,2024-06-26,0.006219911179668355
Exchange,JPY,USD,2024-06-27,0.0062160834944334975
Exchange,JPY,USD,2024-06-30,0.006192947471419548
Exchange,JPY,USD,2024-07-01,0.006193139240349541
Exchange,JPY,USD,2024-07-02,0.006184062434294337
Exchange,JPY,USD,2024-07-03,0.006200935101013233
Exchange,JPY,USD,2024-07-04,0.006218789450445576
Exchange,JPY,USD,2024-07-07,0.0062174748347706065
Exchange,JPY,USD,2024-07-08,0.006199013117111756
Exchange,JPY,USD,2024-07-09,0.006183909467565395
Exchange,JPY,USD,2024-07-10,0.0062931869957583925
Exchange,JPY,USD,2024-07-11,0.006333643681873745
Exchange,JPY,USD,2024-07-14,0.0063247906494295035
Exchange,JPY,USD,2024-07-15,0.006312732782021337
Exchange,JPY,USD,2024-07-16,0.006401433921198348
Exchange,JPY,USD,2024-07-17,0.006354774341963117
Exchange,JPY,USD,2024-07-18,0.00635013367031376
Exchange,JPY,USD,2024-07-21,0.006367317831036855
Exchange,JPY,USD,2024-07-22,0.006426487410511163
Exchange,JPY,USD,2024-07-23,0.006497768016686268
Exchange,JPY,USD,2024-07-24,0.006497556918598607
Exchange,JPY,USD,2024-07-25,0.0065038535332184325
Exchange,JPY,USD,2024-07-28,0.006492326070584569
Exchange,JPY,USD,2024-07-29,0.006546044879683695
Exchange,JPY,USD,2024-07-30,0.006667288946968384
Exchange,JPY,USD,2024-07-31,0.006695995125315549
Exchange,JPY,USD,2024-08-01,0.006823795941206174
Exchange,JPY,USD,2024-08-04,0.006934908944645556
Exchange,JPY,USD,2024-08-05,0.0069283744647830724
Exchange,JPY,USD,2024-08-06,0.006816167950378297
Exchange,JPY,USD,2024-08-07,0.006789695957415027
Exchange,JPY,USD,2024-08-08,0.006820165866433872
Exchange,JPY,USD,2024-08-11,0.006793570564817456
Exchange,JPY,USD,2024-08-12,0.006809298778411799
Exchange,JPY,USD,2024-08-13,0.0067880367640071135
Exchange,JPY,USD,2024-08-14,0.006698551773106654
Exchange,JPY,USD,2024-08-15,0.006774516976939544
Exchange,JPY,USD,2024-08-18,0.006821003233155533
Exchange,JPY,USD,2024-08-19,0.006883733737179046
Exchange,JPY,USD,2024-08-20,0.006882691407648046
Exchange,JPY,USD,2024-08-21,0.00683480281593876
Exchange,JPY,USD,2024-08-22,0.006925927208505039
Exchange,JPY,USD,2024-08-25,0.006919266004262268
Exchange,JPY,USD,2024-08-26,0.0069466635175125385
Exchange,JPY,USD,2024-08-27,0.006916059782420759
Exchange,JPY,USD,2024-08-28,0.006896884677191313
Exchange,JPY,USD,2024-08-29,0.006839804928763431
Exchange,JPY,USD,2024-09-01,0.006806703241352084
Exchange,JPY,USD,2024-09-02,0.006873560848197408
Exchange,JPY,USD,2024-09-03,0.006957247712804814
Exchange,JPY,USD,2024-09-04,0.006970875681403098
Exchange,JPY,USD,2024-09-05,0.007026715572607052
Exchange,JPY,USD,2024-09-08,0.006984898649120602
Exchange,JPY,USD,2024-09-09,0.007019612798158053
Exchange,JPY,USD,2024-09-10,0.0070243463845689165
Exchange,JPY,USD,2024-09-11,0.0070513905342133466
Exchange,JPY,USD,2024-09-12,0.0071011631705273325
Exchange,JPY,USD,2024-09-15,0.007111970869367319
Exchange,JPY,USD,2024-09-16,0.007022176031908768
Exchange,JPY,USD,2024-09-17,0.007028394714647174
Exchange,JPY,USD,2024-09-18,0.0070108528001346085
Exchange,JPY,USD,2024-09-19,0.006948304613674264
Exchange,JPY,USD,2024-09-22,0.006963594328848778
Exchange,JPY,USD,2024-09-23,0.006982070044126683
Exchange,JPY,USD,2024-09-24,0.006908033351985024
Exchange,JPY,USD,2024-09-25,0.006905695817910613
Exchange,JPY,USD,2024-09-26,0.007031607073796716
Exchange,JPY,USD,2024-09-29,0.006962527676047512
Exchange,JPY,USD,2024-09-30,0.006965291950212094
Exchange,JPY,USD,2024-10-01,0.006827150210958942
Exchange,JPY,USD,2024-10-02,0.006804804191759381
Exchange,JPY,USD,2024-10-03,0.006724859114201558
Exchange,JPY,USD,2024-10-06,0.006748412435974438
Exchange,JPY,USD,2024-10-07,0.006747729389060581
Exchange,JPY,USD,2024-10-08,0.006697295632023789
Exchange,JPY,USD,2024-10-09,0.006730290344725472
Exchange,JPY,USD,2024-10-10,0.0067056488385816215
Exchange,JPY,USD,2024-10-13,0.006677707142475559
Exchange,JPY,USD,2024-10-14,0.006701604364084762
Exchange,JPY,USD,2024-10-15,0.006682347909761574
Exchange,JPY,USD,2024-10-16,0.006656858894562012
Exchange,JPY,USD,2024-10-17,0.006687487042993855
Exchange,JPY,USD,2024-10-20,0.006630332444868786
Exchange,JPY,USD,2024-10-21,0.0066183964948972164
Exchange,JPY,USD,2024-10-22,0.006546044879683695
Exchange,JPY,USD,2024-10-23,0.0065864871629365196
Exchange,JPY,USD,2024-10-24,0.006565815736947158
Exchange,JPY,USD,2024-10-27,0.006523242312358935
Exchange,JPY,USD,2024-10-28,0.006520350012388664
Exchange,JPY,USD,2024-10-29,0.006518479890489538
Exchange,JPY,USD,2024-10-30,0.00657713000355165
Exchange,JPY,USD,2024-10-31,0.006535990431310009
Exchange,JPY,USD,2024-11-03,0.006573152615457426
Exchange,JPY,USD,2024-11-04,0.0065954359583168445
Exchange,JPY,USD,2024-11-05,0.006467217673612458
Exchange,JPY,USD,2024-11-06,0.006539794650447976
Exchange,JPY,USD,2024-11-07,0.0065514485252689365
Exchange,JPY,USD,2024-11-10,0.006504826581323342
Exchange,JPY,USD,2024-11-11,0.006467050378322447
Exchange,JPY,USD,2024-11-12,0.0064318194974176245
Exchange,JPY,USD,2024-11-13,0.006398853325484073
Exchange,JPY,USD,2024-11-14,0.006478949891801537
Exchange,JPY,USD,2024-11-17,0.006464750945469826
Exchange,JPY,USD,2024-11-18,0.006465963169873784
Exchange,JPY,USD,2024-11-19,0.006433764395547835
Exchange,JPY,USD,2024-11-20,0.006470649135521275
Exchange,JPY,USD,2024-11-21,0.006461534485209548
Exchange,JPY,USD,2024-11-24,0.006486135884546781
Exchange,JPY,USD,2024-11-25,0.006531294698548093
Exchange,JPY,USD,2024-11-26,0.006617389175274787
Exchange,JPY,USD,2024-11-27,0.006598308193779115
Exchange,JPY,USD,2024-11-28,0.006678688305616777
Exchange,JPY,USD,2024-12-01,0.006684938832809679
Exchange,JPY,USD,2024-12-02,0.006684670713120671
Exchange,JPY,USD,2024-12-03,0.006638960073294119
Exchange,JPY,USD,2024-12-04,0.006662358341605761
Exchange,JPY,USD,2024-12-05,0.0066648005225203606
Exchange,JPY,USD,2024-12-08,0.0066130568193841915
Exchange,JPY,USD,2024-12-09,0.006580246101204185
Exchange,JPY,USD,2024-12-10,0.006558839347789015
Exchange,JPY,USD,2024-12-11,0.006550976423035854
Exchange,JPY,USD,2024-12-12,0.006508340438271645
Exchange,JPY,USD,2024-12-15,0.006486935312281066
Exchange,JPY,USD,2024-12-16,0.006515082415792559
Exchange,JPY,USD,2024-12-17,0.006458446356144566
Exchange,JPY,USD,2024-12-18,0.006351868084403623
Exchange,JPY,USD,2024-12-19,0.006393126110805661
Exchange,JPY,USD,2024-12-22,0.006362415936579438
Exchange,JPY,USD,2024-12-23,0.006360918516633802
Exchange,JPY,USD,2024-12-25,0.0063281927314378286
Exchange,JPY,USD,2024-12-26,0.006335409235759584
Exchange,JPY,USD,2024-12-29,0.006375111564452377
Exchange,JPY,USD,2024-12-30,0.006361201758236166
Exchange,JPY,USD,2025-01-01,0.006347594261774787
Exchange,JPY,USD,2025-01-02,0.006357602420975002
Exchange,JPY,USD,2025-01-05,0.006343165239454488
Exchange,JPY,USD,2025-01-06,0.006326471220882416
Exchange,JPY,USD,2025-01-07,0.006314965204541723
Exchange,JPY,USD,2025-01-08,0.006324430643131353
Exchange,JPY,USD,2025-01-09,0.006339465709829976
Exchange,JPY,USD,2025-01-12,0.00635013367031376
Exchange,JPY,USD,2025-01-13,0.0063300353848978015
Exchange,JPY,USD,2025-01-14,0.006391164853706236
Exchange,JPY,USD,2025-01-15,0.006446538853289668
Exchange,JPY,USD,2025-01-16,0.00639803452379429
Exchange,JPY,USD,2025-01-19,0.006424918403536275
Exchange,JPY,USD,2025-01-20,0.006430082497958449
Exchange,JPY,USD,2025-01-21,0.006388633343555147
Exchange,JPY,USD,2025-01-22,0.006407258142023284
Exchange,JPY,USD,2025-01-23,0.006410626254078761
Exchange,JPY,USD,2025-01-26,0.006471821688368843
Exchange,JPY,USD,2025-01-27,0.006429462368356759
Exchange,JPY,USD,2025-01-28,0.00644122383252818
Exchange,JPY,USD,2025-01-29,0.006481889600456325
Exchange,JPY,USD,2025-01-30,0.006443091395251441
Exchange,JPY,USD,2025-02-02,0.006461200491051237
Exchange,JPY,USD,2025-02-03,0.006478865939305983
Exchange,JPY,USD,2025-02-04,0.0065535953023828876
Exchange,JPY,USD,2025-02-05,0.006602141734778762
Exchange,JPY,USD,2025-02-06,0.0066041474045700705
Exchange,JPY,USD,2025-02-09,0.006579207073963446
Exchange,JPY,USD,2025-02-10,0.006557334050268523
Exchange,JPY,USD,2025-02-11,0.006475845097785262
Exchange,JPY,USD,2025-02-12,0.006543903045532477
Exchange,JPY,USD,2025-02-13,0.006565470875571196
Exchange,JPY,USD,2025-02-16,0.00660039866407931
Exchange,JPY,USD,2025-02-17,0.00657609196006997
Exchange,JPY,USD,2025-02-18,0.0066019673862811115
Exchange,JPY,USD,2025-02-19,0.006683777136135172
Exchange,JPY,USD,2025-02-20,0.006698058232918277
Exchange,JPY,USD,2025-02-23,0.006679223607047917
Exchange,JPY,USD,2025-02-24,0.006710238481875646
Exchange,JPY,USD,2025-02-25,0.006707178021919058
Exchange,JPY,USD,2025-02-26,0.0066757011155096566
Exchange,JPY,USD,2025-02-27,0.006639224538573895
Exchange,JPY,USD,2025-03-02,0.0066885158183399105
Exchange,JPY,USD,2025-03-03,0.006675255495404087
Exchange,JPY,USD,2025-03-04,0.006716097141629057
Exchange,JPY,USD,2025-03-05,0.006757395969889044
Exchange,JPY,USD,2025-03-06,0.0067551136210111055
Exchange,JPY,USD,2025-03-09,0.0067902492021457185
Exchange,JPY,USD,2025-03-10,0.006766998700736249
Exchange,JPY,USD,2025-03-11,0.0067448166084364165
Exchange,JPY,USD,2025-03-12,0.006765579438050972
Exchange,JPY,USD,2025-03-13,0.00672779994214092
Exchange,JPY,USD,2025-03-16,0.006701963675356879
Exchange,JPY,USD,2025-03-17,0.006698731260299299
Exchange,JPY,USD,2025-03-18,0.006724949562878279
Exchange,JPY,USD,2025-03-19,0.0067209721214076396
Exchange,JPY,USD,2025-03-20,0.006697923643670461
Exchange,JPY,USD,2025-03-23,0.006635656034133815
Exchange,JPY,USD,2025-03-24,0.006670491081553424
Exchange,JPY,USD,2025-03-25,0.006640679474323813
Exchange,JPY,USD,2025-03-26,0.006620631210979655
Exchange,JPY,USD,2025-03-27,0.0066736072181735676
Exchange,JPY,USD,2025-03-30,0.006668000266720011
Exchange,JPY,USD,2025-03-31,0.006683777136135172
Exchange,JPY,USD,2025-04-01,0.006697744199753523
Exchange,JPY,USD,2025-04-02,0.006845985856193221
Exchange,JPY,USD,2025-04-03,0.0068020732719332845
Exchange,JPY,USD,2025-04-06,0.00676223965377333
Exchange,JPY,USD,2025-04-07,0.006836204539239814
Exchange,JPY,USD,2025-04-08,0.006767685654536718
Exchange,JPY,USD,2025-04-09,0.0069230023676668095
Exchange,JPY,USD,2025-04-10,0.006970001115200178
Exchange,JPY,USD,2025-04-13,0.006991833538427117
Exchange,JPY,USD,2025-04-14,0.00698070533046659
Exchange,JPY,USD,2025-04-15,0.007049004680539108
Exchange,JPY,USD,2025-04-16,0.007019218620583156
Exchange,JPY,USD,2025-04-17,0.0070336843141806105
Exchange,JPY,USD,2025-04-20,0.007099449082751179
Exchange,JPY,USD,2025-04-21,0.007062047146226748
Exchange,JPY,USD,2025-04-22,0.0069707299051283665
Exchange,JPY,USD,2025-04-23,0.007011246038645989
Exchange,JPY,USD,2025-04-24,0.006959814033769018
Exchange,JPY,USD,2025-04-27,0.0070410634822283555
Exchange,JPY,USD,2025-04-28,0.007023951675212474
Exchange,JPY,USD,2025-04-29,0.006989780940265332
Exchange,JPY,USD,2025-04-30,0.006877673695649184
Exchange,JPY,USD,2025-05-01,0.006898597515125175
Exchange,JPY,USD,2025-05-04,0.006958942240779402
Exchange,JPY,USD,2025-05-05,0.007022274655206315
Exchange,JPY,USD,2025-05-06,0.006952845799785853
Exchange,JPY,USD,2025-05-07,0.006853586824664689
Exchange,JPY,USD,2025-05-08,0.006878856458902272
Exchange,JPY,USD,2025-05-11,0.0067350952342466125
Exchange,JPY,USD,2025-05-12,0.006780718349301925
Exchange,JPY,USD,2025-05-13,0.006814588671427793
Exchange,JPY,USD,2025-05-14,0.0068636064133538325
Exchange,JPY,USD,2025-05-15,0.006866292682591888
Exchange,JPY,USD,2025-05-18,0.006903502837339665
Exchange,JPY,USD,2025-05-19,0.006920032108948985
Exchange,JPY,USD,2025-05-20,0.006960879855213699
Exchange,JPY,USD,2025-05-21,0.006943914006568943
Exchange,JPY,USD,2025-05-22,0.007014688758259797
Exchange,JPY,USD,2025-05-25,0.007000742078660338
Exchange,JPY,USD,2025-05-26,0.006927558520550602
Exchange,JPY,USD,2025-05-27,0.00690274038793401
Exchange,JPY,USD,2025-05-28,0.0069354861082213245
Exchange,JPY,USD,2025-05-29,0.006941552131056504
Exchange,JPY,USD,2025-06-01,0.007007806696660079
Exchange,JPY,USD,2025-06-02,0.0069447338083531256
Exchange,JPY,USD,2025-06-03,0.007004468851127019
Exchange,JPY,USD,2025-06-04,0.006964661308520567
Exchange,JPY,USD,2025-06-05,0.006903264553807495
Exchange,JPY,USD,2025-06-08,0.006915342378601165
Exchange,JPY,USD,2025-06-09,0.006901454136386537
Exchange,JPY,USD,2025-06-10,0.006915629322268327
Exchange,JPY,USD,2025-06-11,0.006968592553361997
Exchange,JPY,USD,2025-06-12,0.006938951108150492
Exchange,JPY,USD,2025-06-15,0.006906840534865732
Exchange,JPY,USD,2025-06-16,0.00688288089862893
Exchange,JPY,USD,2025-06-17,0.0068902317184926926
Exchange,JPY,USD,2025-06-18,0.006874458636382384
Exchange,JPY,USD,2025-06-19,0.006845001779700462
Exchange,JPY,USD,2025-06-22,0.006842238506749867
Exchange,JPY,USD,2025-06-23,0.006900549283722984
Exchange,JPY,USD,2025-06-24,0.0068843498075824225
Exchange,JPY,USD,2025-06-25,0.006925639409658497
Exchange,JPY,USD,2025-06-26,0.006912617600906935
Exchange,JPY,USD,2025-06-29,0.0069432872299061265
Exchange,JPY,USD,2025-06-30,0.006973208931285999
Exchange,JPY,USD,2025-07-01,0.006960879855213699
Exchange,JPY,USD,2025-07-02,0.0069002635900691405
Exchange,JPY,USD,2025-07-03,0.00692084628108325
Exchange,JPY,USD,2025-07-06,0.006846032724036421
Exchange,JPY,USD,2025-07-07,0.006823050995483139
Exchange,JPY,USD,2025-07-08,0.006834896246274982
Exchange,JPY,USD,2025-07-09,0.006837700344620098
Exchange,JPY,USD,2025-07-10,0.0067832020783731165
Exchange,JPY,USD,2025-07-13,0.006769014160777624
Exchange,JPY,USD,2025-07-14,0.006718217791184355
Exchange,JPY,USD,2025-07-15,0.00676223965377333
Exchange,JPY,USD,2025-07-16,0.006729112833763996
Exchange,JPY,USD,2025-07-17,0.006718443471016635
Exchange,JPY,USD,2025-07-20,0.006786746840769345
Exchange,JPY,USD,2025-07-21,0.006819142697380086
Exchange,JPY,USD,2025-07-22,0.006825472663981981
Exchange,JPY,USD,2025-07-23,0.006802628535666181
Exchange,JPY,USD,2025-07-24,0.006771947883089092
Exchange,JPY,USD,2025-07-27,0.0067319667440842845
Exchange,JPY,USD,2025-07-28,0.0067350952342466125
Exchange,JPY,USD,2025-07-29,0.006687800115030161
Exchange,JPY,USD,2025-07-30,0.006632795192550045
Exchange,JPY,USD,2025-07-31,0.006783340116673451
Exchange,JPY,USD,2025-08-03,0.006798466266010388
Exchange,JPY,USD,2025-08-04,0.006777088020819214
Exchange,JPY,USD,2025-08-05,0.006786194166587494
Exchange,JPY,USD,2025-08-06,0.006795694248124389
Exchange,JPY,USD,2025-08-07,0.006768097893767935
Exchange,JPY,USD,2025-08-10,0.006750097876419209
Exchange,JPY,USD,2025-08-11,0.006763337301157884
Exchange,JPY,USD,2025-08-12,0.006785043051098159
Exchange,JPY,USD,2025-08-13,0.006768097893767935
Exchange,JPY,USD,2025-08-14,0.006795601886459084
Exchange,JPY,USD,2025-08-17,0.0067633830441987085
Exchange,JPY,USD,2025-08-18,0.006771856165775039
Exchange,JPY,USD,2025-08-19,0.006788313239926143
Exchange,JPY,USD,2025-08-20,0.006739043999218271
Exchange,JPY,USD,2025-08-21,0.006806147312252427
Exchange,JPY,USD,2025-08-24,0.006768052086928862
Exchange,JPY,USD,2025-08-25,0.006782880010852608
Exchange,JPY,USD,2025-08-26,0.0067835241764801655
Exchange,JPY,USD,2025-08-27,0.006805313588850175
Exchange,JPY,USD,2025-08-28,0.006799668176193002
Exchange,JPY,USD,2025-08-31,0.006794401413235494
Exchange,JPY,USD,2025-09-01,0.006741360945947768
Exchange,JPY,USD,2025-09-02,0.006751784158964005
Exchange,JPY,USD,2025-09-03,0.0067356396163379675
Exchange,JPY,USD,2025-09-04,0.00678343214532825
Exchange,JPY,USD,2025-09-07,0.006778282383244086
Exchange,JPY,USD,2025-09-08,0.006784122439841795
Exchange,JPY,USD,2025-09-09,0.006781270131895704
Exchange,JPY,USD,2025-09-10,0.006791817218615013
Exchange,JPY,USD,2025-09-11,0.006771718594462088
Exchange,JPY,USD,2025-09-14,0.006783478160592062
Exchange,JPY,USD,2025-09-15,0.006827989293712788
Exchange,JPY,USD,2025-09-16,0.006802767365764393
Exchange,JPY,USD,2025-09-17,0.006756939376739912
Exchange,JPY,USD,2025-09-18,0.006758766119657196
Exchange,JPY,USD,2025-09-21,0.006768830887529107
Exchange,JPY,USD,2025-09-22,0.006772406506928172
Exchange,JPY,USD,2025-09-23,0.006715510815330169
Exchange,JPY,USD,2025-09-24,0.006675611986728883
Exchange,JPY,USD,2025-09-25,0.006688113216380526
Exchange,JPY,USD,2025-09-28,0.006729565673831411
Exchange,JPY,USD,2025-09-29,0.00675949709341625
Exchange,JPY,USD,2025-09-30,0.006799437006615852
Exchange,JPY,USD,2025-10-01,0.006790525858322468
Exchange,JPY,USD,2025-10-02,0.006780120686148213
Exchange,JPY,USD,2025-10-05,0.006651103085446721
Exchange,JPY,USD,2025-10-06,0.0065832784726793945
Exchange,JPY,USD,2025-10-07,0.006548917136551471
Exchange,JPY,USD,2025-10-08,0.006532361317969219
Exchange,JPY,USD,2025-10-09,0.00661489409554553
Exchange,JPY,USD,2025-10-12,0.006565988181221273
Exchange,JPY,USD,2025-10-13,0.00658718134510243
Exchange,JPY,USD,2025-10-14,0.006619404121241006
Exchange,JPY,USD,2025-10-15,0.006647433425954239
Exchange,JPY,USD,2025-10-16,0.006637902422834384
Exchange,JPY,USD,2025-10-19,0.006632795192550045
Exchange,JPY,USD,2025-10-20,0.006582151837078578
Exchange,JPY,USD,2025-10-21,0.006580505909294307
Exchange,JPY,USD,2025-10-22,0.006553251723505203
Exchange,JPY,USD,2025-10-23,0.006540992399366832
Exchange,JPY,USD,2025-10-26,0.006541077969649398
Exchange,JPY,USD,2025-10-27,0.006573930421520418
Exchange,JPY,USD,2025-10-28,0.006547073458164201
Exchange,JPY,USD,2025-10-29,0.006487229887965539
Exchange,JPY,USD,2025-10-30,0.006492789756974879
Exchange,JPY,USD,2025-11-02,0.0064845796695458206
Exchange,JPY,USD,2025-11-03,0.006507620423515937
Exchange,JPY,USD,2025-11-04,0.006488703167784886
Exchange,JPY,USD,2025-11-05,0.006532873419044632
Exchange,JPY,USD,2025-11-06,0.006518479890489538
Exchange,JPY,USD,2025-11-09,0.0064879453974515345
Exchange,JPY,USD,2025-11-10,0.006486935312281066
Exchange,JPY,USD,2025-11-11,0.006459322417078448
Exchange,JPY,USD,2025-11-12,0.006470984107263033
Exchange,JPY,USD,2025-11-13,0.006471486629908623
Exchange,JPY,USD,2025-11-16,0.006440643033800494
Exchange,JPY,USD,2025-11-17,0.006429958462468333
Exchange,JPY,USD,2025-11-18,0.006362577862046586
Exchange,JPY,USD,2025-11-19,0.006350577267473613
Exchange,JPY,USD,2025-11-20,0.006393493980525418
Exchange,JPY,USD,2025-11-23,0.006372592753087521
Exchange,JPY,USD,2025-11-24,0.006407258142023284
Exchange,JPY,USD,2025-11-25,0.006391001469930338
Exchange,JPY,USD,2025-11-26,0.006397829856112806
Exchange,JPY,USD,2025-11-27,0.006402417552867963
Exchange,JPY,USD,2025-11-30,0.006431529932340305
Exchange,JPY,USD,2025-12-01,0.006415026558209951
Exchange,JPY,USD,2025-12-02,0.006442095227051646
Exchange,JPY,USD,2025-12-03,0.006446621970087674
Exchange,JPY,USD,2025-12-04,0.006437491953135059
Exchange,JPY,USD,2025-12-07,0.006413216356266995
Exchange,JPY,USD,2025-12-08,0.006373730034290668
Exchange,JPY,USD,2025-12-09,0.006409311447671177
Exchange,JPY,USD,2025-12-10,0.0064278919085696655
Exchange,JPY,USD,2025-12-11,0.006416920135012
Exchange,JPY,USD,2025-12-14,0.006443049882092188
Exchange,JPY,USD,2025-12-15,0.0064632467473710745
Exchange,JPY,USD,2025-12-16,0.006422896340875954
Exchange,JPY,USD,2025-12-17,0.006428305113073887
Exchange,JPY,USD,2025-12-18,0.0063402293894993115
Exchange,JPY,USD,2025-12-21,0.006367966580911383
Exchange,JPY,USD,2025-12-22,0.006400573491384828
Exchange,JPY,USD,2025-12-23,0.006412229403919154
Exchange,JPY,USD,2025-12-25,0.006386960381684753
Exchange,JPY,USD,2025-12-28,0.00640853103651581
Exchange,JPY,USD,2025-12-29,0.006393003496972913
Exchange,JPY,USD,2025-12-30,0.006382272599627275
Exchange,JPY,USD,2026-01-01,0.006376046468626664
Exchange,JPY,USD,2026-01-04,0.006393698370885655
Exchange,JPY,USD,2026-01-05,0.006383128115764411
Exchange,JPY,USD,2026-01-06,0.006379300445913101
Exchange,JPY,USD,2026-01-07,0.006374217564793921
Exchange,JPY,USD,2026-01-08,0.006331798927393262
Exchange,JPY,USD,2026-01-11,0.006322711178553364
Exchange,JPY,USD,2026-01-12,0.006282511999597919
Exchange,JPY,USD,2026-01-13,0.006311736674345946
Exchange,JPY,USD,2026-01-14,0.006304295747122089
Exchange,JPY,USD,2026-01-15,0.006324990670638761
Exchange,JPY,USD,2026-01-18,0.006324030684196879
Exchange,JPY,USD,2026-01-19,0.00632359078779294
Exchange,JPY,USD,2026-01-20,0.006317358838616751
Exchange,JPY,USD,2026-01-21,0.006311975711517462
Exchange,JPY,USD,2026-01-22,0.006421122925977295
Exchange,JPY,USD,2026-01-25,0.006484201243669798
Exchange,JPY,USD,2026-01-26,0.006570129562954981
Exchange,JPY,USD,2026-01-27,0.006518734843941488
Exchange,JPY,USD,2026-01-28,0.006531081416460937
Exchange,JPY,USD,2026-01-29,0.006460699564548849
Exchange,JPY,USD,2026-02-01,0.006426487410511163
Exchange,JPY,USD,2026-02-02,0.006418691228858436
Exchange,JPY,USD,2026-02-03,0.006374705169885892
Exchange,JPY,USD,2026-02-04,0.00636764218945009
Exchange,JPY,USD,2026-02-05,0.0063597049096921895
Exchange,JPY,USD,2026-02-08,0.006414409329116928
Exchange,JPY,USD,2026-02-09,0.006477606912902098
Exchange,JPY,USD,2026-02-10,0.0065244340053500355
Exchange,JPY,USD,2026-02-11,0.006547159187628488
Exchange,JPY,USD,2026-02-12,0.006548316755178081
Exchange,JPY,USD,2026-02-15,0.006513809275664408
Exchange,JPY,USD,2026-02-16,0.006523199759946249
Exchange,JPY,USD,2026-02-17,0.006458946933291996
Exchange,JPY,USD,2026-02-18,0.006451571280185289
Exchange,JPY,USD,2026-02-19,0.0064484510820500916
Exchange,JPY,USD,2026-02-22,0.006465210701216752
Exchange,JPY,USD,2026-02-23,0.006414285897551026
Exchange,JPY,USD,2026-02-24,0.006395333964339617
Exchange,JPY,USD,2026-02-25,0.0064047138694078845
Exchange,JPY,USD,2026-02-26,0.006407709756378875
Exchange,JPY,USD,2026-03-01,0.006354855109303508
