curve_type,base_ccy,quote_ccy,obs_date,spot
Exchange,USD,JPY,2005-01-03,104.565
Exchange,USD,JPY,2005-01-04,104.14
Exchange,USD,JPY,2005-01-05,105.015
Exchange,USD,JPY,2005-01-06,104.76
Exchange,USD,JPY,2005-01-08,104.8
Exchange,USD,JPY,2005-01-09,104.35
Exchange,USD,JPY,2005-01-10,103.34
Exchange,USD,JPY,2005-01-11,102.44
Exchange,USD,JPY,2005-01-12,102.384
Exchange,USD,JPY,2005-01-13,102.04
Exchange,USD,JPY,2005-01-14,102.03
Exchange,USD,JPY,2005-01-15,102.0
Exchange,USD,JPY,2005-01-16,102.124
Exchange,USD,JPY,2005-01-17,102.26
Exchange,USD,JPY,2005-01-18,102.76
Exchange,USD,JPY,2005-01-19,103.42
Exchange,USD,JPY,2005-01-20,102.72
Exchange,USD,JPY,2005-01-21,102.72
Exchange,USD,JPY,2005-01-22,102.78
Exchange,USD,JPY,2005-01-23,102.642
Exchange,USD,JPY,2005-01-24,104.076
Exchange,USD,JPY,2005-01-25,103.078
Exchange,USD,JPY,2005-01-26,102.692
Exchange,USD,JPY,2005-01-27,103.28
Exchange,USD,JPY,2005-01-28,103.28
Exchange,USD,JPY,2005-01-29,103.58
Exchange,USD,JPY,2005-01-30,103.688
Exchange,USD,JPY,2005-01-31,103.68
Exchange,USD,JPY,2005-02-01,103.594
Exchange,USD,JPY,2005-02-02,104.484
Exchange,USD,JPY,2005-02-03,104.09
Exchange,USD,JPY,2005-02-04,104.59
Exchange,USD,JPY,2005-02-05,104.37
Exchange,USD,JPY,2005-02-06,104.854
Exchange,USD,JPY,2005-02-07,105.84
Exchange,USD,JPY,2005-02-08,105.618
Exchange,USD,JPY,2005-02-09,105.83
Exchange,USD,JPY,2005-02-10,105.72
Exchange,USD,JPY,2005-02-11,105.72
Exchange,USD,JPY,2005-02-12,105.45
Exchange,USD,JPY,2005-02-13,105.08
Exchange,USD,JPY,2005-02-14,104.418
Exchange,USD,JPY,2005-02-15,105.41
Exchange,USD,JPY,2005-02-16,105.54
Exchange,USD,JPY,2005-02-17,105.65
Exchange,USD,JPY,2005-02-19,105.71
Exchange,USD,JPY,2005-02-20,105.568
Exchange,USD,JPY,2005-02-21,104.042
Exchange,USD,JPY,2005-02-22,104.814
Exchange,USD,JPY,2005-02-23,105.388
Exchange,USD,JPY,2005-02-24,105.227
Exchange,USD,JPY,2005-02-26,105.257
Exchange,USD,JPY,2005-02-27,104.626
Exchange,USD,JPY,2005-02-28,104.387
Exchange,USD,JPY,2005-03-01,104.756
Exchange,USD,JPY,2005-03-02,105.28
Exchange,USD,JPY,2005-03-03,104.793
Exchange,USD,JPY,2005-03-05,104.76
Exchange,USD,JPY,2005-03-06,105.178
Exchange,USD,JPY,2005-03-07,104.676
Exchange,USD,JPY,2005-03-08,103.938
Exchange,USD,JPY,2005-03-09,104.13
Exchange,USD,JPY,2005-03-10,104.0
Exchange,USD,JPY,2005-03-11,103.99
Exchange,USD,JPY,2005-03-12,103.84
Exchange,USD,JPY,2005-03-13,104.846
Exchange,USD,JPY,2005-03-14,104.564
Exchange,USD,JPY,2005-03-15,104.16
Exchange,USD,JPY,2005-03-16,104.526
Exchange,USD,JPY,2005-03-17,104.74
Exchange,USD,JPY,2005-03-19,104.75
Exchange,USD,JPY,2005-03-20,105.202
Exchange,USD,JPY,2005-03-21,105.618
Exchange,USD,JPY,2005-03-22,105.95
Exchange,USD,JPY,2005-03-23,106.336
Exchange,USD,JPY,2005-03-24,106.385
Exchange,USD,JPY,2005-03-26,106.34
Exchange,USD,JPY,2005-03-27,107.184
Exchange,USD,JPY,2005-03-28,107.588
Exchange,USD,JPY,2005-03-29,107.548
Exchange,USD,JPY,2005-03-30,107.14
Exchange,USD,JPY,2005-03-31,107.55
Exchange,USD,JPY,2005-04-02,107.635
Exchange,USD,JPY,2005-04-03,108.292
Exchange,USD,JPY,2005-04-04,108.168
Exchange,USD,JPY,2005-04-05,108.67
Exchange,USD,JPY,2005-04-06,108.62
Exchange,USD,JPY,2005-04-07,108.256
Exchange,USD,JPY,2005-04-08,108.256
Exchange,USD,JPY,2005-04-09,108.261
Exchange,USD,JPY,2005-04-10,107.866
Exchange,USD,JPY,2005-04-11,107.764
Exchange,USD,JPY,2005-04-12,107.348
Exchange,USD,JPY,2005-04-13,108.174
Exchange,USD,JPY,2005-04-14,107.81
Exchange,USD,JPY,2005-04-16,107.64
Exchange,USD,JPY,2005-04-17,107.488
Exchange,USD,JPY,2005-04-18,106.734
Exchange,USD,JPY,2005-04-19,106.88
Exchange,USD,JPY,2005-04-20,106.97
Exchange,USD,JPY,2005-04-21,106.0
Exchange,USD,JPY,2005-04-22,106.01
Exchange,USD,JPY,2005-04-23,105.315
Exchange,USD,JPY,2005-04-24,105.67
Exchange,USD,JPY,2005-04-25,106.01
Exchange,USD,JPY,2005-04-26,105.87
Exchange,USD,JPY,2005-04-27,106.12
Exchange,USD,JPY,2005-04-28,104.74
Exchange,USD,JPY,2005-04-29,104.74
Exchange,USD,JPY,2005-04-30,105.01
Exchange,USD,JPY,2005-05-01,105.05
Exchange,USD,JPY,2005-05-02,105.08
Exchange,USD,JPY,2005-05-03,104.58
Exchange,USD,JPY,2005-05-04,104.46
Exchange,USD,JPY,2005-05-05,105.06
Exchange,USD,JPY,2005-05-07,105.125
Exchange,USD,JPY,2005-05-08,105.628
Exchange,USD,JPY,2005-05-09,105.56
Exchange,USD,JPY,2005-05-10,105.76
Exchange,USD,JPY,2005-05-11,106.776
Exchange,USD,JPY,2005-05-12,107.3
Exchange,USD,JPY,2005-05-13,107.3
Exchange,USD,JPY,2005-05-14,107.3
Exchange,USD,JPY,2005-05-15,106.754
Exchange,USD,JPY,2005-05-16,107.528
Exchange,USD,JPY,2005-05-17,107.0
Exchange,USD,JPY,2005-05-18,107.626
Exchange,USD,JPY,2005-05-19,108.16
Exchange,USD,JPY,2005-05-21,108.22
Exchange,USD,JPY,2005-05-22,107.65
Exchange,USD,JPY,2005-05-23,107.64
Exchange,USD,JPY,2005-05-24,107.718
Exchange,USD,JPY,2005-05-25,107.96
Exchange,USD,JPY,2005-05-26,107.93
Exchange,USD,JPY,2005-05-27,107.93
Exchange,USD,JPY,2005-05-28,107.98
Exchange,USD,JPY,2005-05-29,107.998
Exchange,USD,JPY,2005-05-30,108.568
Exchange,USD,JPY,2005-05-31,108.75
Exchange,USD,JPY,2005-06-01,108.29
Exchange,USD,JPY,2005-06-02,107.69
Exchange,USD,JPY,2005-06-03,107.69
Exchange,USD,JPY,2005-06-04,107.71
Exchange,USD,JPY,2005-06-05,106.938
Exchange,USD,JPY,2005-06-06,106.61
Exchange,USD,JPY,2005-06-07,107.29
Exchange,USD,JPY,2005-06-08,107.44
Exchange,USD,JPY,2005-06-09,108.66
Exchange,USD,JPY,2005-06-10,108.66
Exchange,USD,JPY,2005-06-11,108.62
Exchange,USD,JPY,2005-06-12,109.566
Exchange,USD,JPY,2005-06-13,109.474
Exchange,USD,JPY,2005-06-14,109.214
Exchange,USD,JPY,2005-06-15,108.916
Exchange,USD,JPY,2005-06-16,108.57
Exchange,USD,JPY,2005-06-17,108.57
Exchange,USD,JPY,2005-06-18,108.79
Exchange,USD,JPY,2005-06-19,109.258
Exchange,USD,JPY,2005-06-20,108.17
Exchange,USD,JPY,2005-06-21,108.86
Exchange,USD,JPY,2005-06-22,108.936
Exchange,USD,JPY,2005-06-23,109.05
Exchange,USD,JPY,2005-06-24,109.05
Exchange,USD,JPY,2005-06-25,109.185
Exchange,USD,JPY,2005-06-26,109.26
Exchange,USD,JPY,2005-06-27,110.03
Exchange,USD,JPY,2005-06-28,110.442
Exchange,USD,JPY,2005-06-29,110.916
Exchange,USD,JPY,2005-06-30,111.79
Exchange,USD,JPY,2005-07-01,111.79
Exchange,USD,JPY,2005-07-02,111.665
Exchange,USD,JPY,2005-07-03,111.616
Exchange,USD,JPY,2005-07-04,111.74
Exchange,USD,JPY,2005-07-05,112.188
Exchange,USD,JPY,2005-07-06,112.082
Exchange,USD,JPY,2005-07-07,112.18
Exchange,USD,JPY,2005-07-09,112.165
Exchange,USD,JPY,2005-07-10,111.808
Exchange,USD,JPY,2005-07-11,110.81
Exchange,USD,JPY,2005-07-12,111.86
Exchange,USD,JPY,2005-07-13,112.358
Exchange,USD,JPY,2005-07-14,112.16
Exchange,USD,JPY,2005-07-15,112.16
Exchange,USD,JPY,2005-07-16,112.275
Exchange,USD,JPY,2005-07-17,111.988
Exchange,USD,JPY,2005-07-18,112.708
Exchange,USD,JPY,2005-07-19,112.918
Exchange,USD,JPY,2005-07-20,110.266
Exchange,USD,JPY,2005-07-21,111.33
Exchange,USD,JPY,2005-07-22,111.34
Exchange,USD,JPY,2005-07-23,111.345
Exchange,USD,JPY,2005-07-24,111.488
Exchange,USD,JPY,2005-07-25,112.542
Exchange,USD,JPY,2005-07-26,112.472
Exchange,USD,JPY,2005-07-27,112.118
Exchange,USD,JPY,2005-07-28,112.49
Exchange,USD,JPY,2005-07-30,112.56
Exchange,USD,JPY,2005-07-31,112.226
Exchange,USD,JPY,2005-08-01,111.465
Exchange,USD,JPY,2005-08-02,111.09
Exchange,USD,JPY,2005-08-03,111.23
Exchange,USD,JPY,2005-08-04,111.93
Exchange,USD,JPY,2005-08-05,111.93
Exchange,USD,JPY,2005-08-06,112.075
Exchange,USD,JPY,2005-08-07,112.18
Exchange,USD,JPY,2005-08-08,111.89
Exchange,USD,JPY,2005-08-09,110.65
Exchange,USD,JPY,2005-08-10,109.7
Exchange,USD,JPY,2005-08-11,109.38
Exchange,USD,JPY,2005-08-12,109.38
Exchange,USD,JPY,2005-08-13,109.475
Exchange,USD,JPY,2005-08-14,109.243
Exchange,USD,JPY,2005-08-15,109.52
Exchange,USD,JPY,2005-08-16,109.93
Exchange,USD,JPY,2005-08-17,110.53
Exchange,USD,JPY,2005-08-18,110.47
Exchange,USD,JPY,2005-08-19,110.47
Exchange,USD,JPY,2005-08-20,110.43
Exchange,USD,JPY,2005-08-21,109.77
Exchange,USD,JPY,2005-08-22,109.885
Exchange,USD,JPY,2005-08-23,110.21
Exchange,USD,JPY,2005-08-24,110.04
Exchange,USD,JPY,2005-08-25,110.18
Exchange,USD,JPY,2005-08-26,110.19
Exchange,USD,JPY,2005-08-27,110.185
Exchange,USD,JPY,2005-08-28,110.625
Exchange,USD,JPY,2005-08-29,111.255
Exchange,USD,JPY,2005-08-30,110.635
Exchange,USD,JPY,2005-08-31,109.82
Exchange,USD,JPY,2005-09-01,109.82
Exchange,USD,JPY,2005-09-02,109.82
Exchange,USD,JPY,2005-09-03,109.705
Exchange,USD,JPY,2005-09-04,109.15
Exchange,USD,JPY,2005-09-05,109.69
Exchange,USD,JPY,2005-09-06,110.105
Exchange,USD,JPY,2005-09-07,110.52
Exchange,USD,JPY,2005-09-08,109.69
Exchange,USD,JPY,2005-09-09,109.7
Exchange,USD,JPY,2005-09-10,109.165
Exchange,USD,JPY,2005-09-11,110.35
Exchange,USD,JPY,2005-09-12,110.64
Exchange,USD,JPY,2005-09-13,110.39
Exchange,USD,JPY,2005-09-14,110.65
Exchange,USD,JPY,2005-09-15,111.35
Exchange,USD,JPY,2005-09-16,111.34
Exchange,USD,JPY,2005-09-17,111.465
Exchange,USD,JPY,2005-09-18,111.535
Exchange,USD,JPY,2005-09-19,111.965
Exchange,USD,JPY,2005-09-20,111.3
Exchange,USD,JPY,2005-09-21,111.7
Exchange,USD,JPY,2005-09-22,112.5
Exchange,USD,JPY,2005-09-23,112.5
Exchange,USD,JPY,2005-09-24,112.485
Exchange,USD,JPY,2005-09-25,112.17
Exchange,USD,JPY,2005-09-26,113.31
Exchange,USD,JPY,2005-09-27,113.12
Exchange,USD,JPY,2005-09-28,113.005
Exchange,USD,JPY,2005-09-29,113.5
Exchange,USD,JPY,2005-10-01,113.41
Exchange,USD,JPY,2005-10-02,114.14
Exchange,USD,JPY,2005-10-03,114.25
Exchange,USD,JPY,2005-10-04,114.01
Exchange,USD,JPY,2005-10-05,113.31
Exchange,USD,JPY,2005-10-06,113.82
Exchange,USD,JPY,2005-10-07,113.85
Exchange,USD,JPY,2005-10-08,113.775
Exchange,USD,JPY,2005-10-09,114.1
Exchange,USD,JPY,2005-10-10,114.555
Exchange,USD,JPY,2005-10-11,114.4
Exchange,USD,JPY,2005-10-12,114.51
Exchange,USD,JPY,2005-10-13,114.08
Exchange,USD,JPY,2005-10-14,114.08
Exchange,USD,JPY,2005-10-15,114.125
Exchange,USD,JPY,2005-10-16,114.92
Exchange,USD,JPY,2005-10-17,115.716
Exchange,USD,JPY,2005-10-18,115.45
Exchange,USD,JPY,2005-10-19,115.34
Exchange,USD,JPY,2005-10-20,115.91
Exchange,USD,JPY,2005-10-21,115.91
Exchange,USD,JPY,2005-10-22,115.875
Exchange,USD,JPY,2005-10-23,115.445
Exchange,USD,JPY,2005-10-24,115.028
Exchange,USD,JPY,2005-10-25,115.858
Exchange,USD,JPY,2005-10-26,115.438
Exchange,USD,JPY,2005-10-27,115.69
Exchange,USD,JPY,2005-10-28,115.692
Exchange,USD,JPY,2005-10-29,115.73
Exchange,USD,JPY,2005-10-30,116.397
Exchange,USD,JPY,2005-10-31,116.755
Exchange,USD,JPY,2005-11-01,116.88
Exchange,USD,JPY,2005-11-02,117.23
Exchange,USD,JPY,2005-11-03,118.33
Exchange,USD,JPY,2005-11-04,118.33
Exchange,USD,JPY,2005-11-05,118.265
Exchange,USD,JPY,2005-11-06,117.685
Exchange,USD,JPY,2005-11-07,117.29
Exchange,USD,JPY,2005-11-08,117.525
Exchange,USD,JPY,2005-11-09,118.22
Exchange,USD,JPY,2005-11-10,117.99
Exchange,USD,JPY,2005-11-11,117.99
Exchange,USD,JPY,2005-11-12,118.01
Exchange,USD,JPY,2005-11-13,118.81
Exchange,USD,JPY,2005-11-14,118.93
Exchange,USD,JPY,2005-11-15,119.19
Exchange,USD,JPY,2005-11-16,118.83
Exchange,USD,JPY,2005-11-17,119.1
Exchange,USD,JPY,2005-11-18,119.11
Exchange,USD,JPY,2005-11-19,119.2
Exchange,USD,JPY,2005-11-20,119.03
Exchange,USD,JPY,2005-11-21,118.74
Exchange,USD,JPY,2005-11-22,118.72
Exchange,USD,JPY,2005-11-23,118.92
Exchange,USD,JPY,2005-11-24,119.62
Exchange,USD,JPY,2005-11-26,119.67
Exchange,USD,JPY,2005-11-27,118.84
Exchange,USD,JPY,2005-11-28,119.67
Exchange,USD,JPY,2005-11-29,119.81
Exchange,USD,JPY,2005-11-30,120.64
Exchange,USD,JPY,2005-12-01,120.62
Exchange,USD,JPY,2005-12-02,120.62
Exchange,USD,JPY,2005-12-03,121.05
Exchange,USD,JPY,2005-12-04,120.82
Exchange,USD,JPY,2005-12-05,120.88
Exchange,USD,JPY,2005-12-06,121.04
Exchange,USD,JPY,2005-12-07,120.325
Exchange,USD,JPY,2005-12-08,120.67
Exchange,USD,JPY,2005-12-09,120.67
Exchange,USD,JPY,2005-12-10,120.75
Exchange,USD,JPY,2005-12-11,119.78
Exchange,USD,JPY,2005-12-12,119.94
Exchange,USD,JPY,2005-12-13,117.38
Exchange,USD,JPY,2005-12-14,116.215
Exchange,USD,JPY,2005-12-15,115.67
Exchange,USD,JPY,2005-12-16,115.67
Exchange,USD,JPY,2005-12-17,115.6
Exchange,USD,JPY,2005-12-18,116.15
Exchange,USD,JPY,2005-12-19,117.24
Exchange,USD,JPY,2005-12-20,117.395
Exchange,USD,JPY,2005-12-21,116.655
Exchange,USD,JPY,2005-12-22,116.245
Exchange,USD,JPY,2005-12-23,116.245
Exchange,USD,JPY,2005-12-25,116.295
Exchange,USD,JPY,2005-12-26,117.435
Exchange,USD,JPY,2005-12-27,117.93
Exchange,USD,JPY,2005-12-28,117.85
Exchange,USD,JPY,2005-12-29,117.75
Exchange,USD,JPY,2005-12-31,117.8
Exchange,USD,JPY,2006-01-01,117.89
Exchange,USD,JPY,2006-01-02,116.18
Exchange,USD,JPY,2006-01-03,116.1
Exchange,USD,JPY,2006-01-04,115.92
Exchange,USD,JPY,2006-01-05,114.47
Exchange,USD,JPY,2006-01-06,114.47
Exchange,USD,JPY,2006-01-07,114.53
Exchange,USD,JPY,2006-01-08,114.48
Exchange,USD,JPY,2006-01-09,114.34
Exchange,USD,JPY,2006-01-10,114.15
Exchange,USD,JPY,2006-01-11,114.366
Exchange,USD,JPY,2006-01-12,114.17
Exchange,USD,JPY,2006-01-14,114.21
Exchange,USD,JPY,2006-01-15,114.955
Exchange,USD,JPY,2006-01-16,115.48
Exchange,USD,JPY,2006-01-17,115.24
Exchange,USD,JPY,2006-01-18,115.41
Exchange,USD,JPY,2006-01-19,115.3
Exchange,USD,JPY,2006-01-20,115.3
Exchange,USD,JPY,2006-01-21,115.25
Exchange,USD,JPY,2006-01-22,114.43
Exchange,USD,JPY,2006-01-23,114.684
Exchange,USD,JPY,2006-01-24,115.86
Exchange,USD,JPY,2006-01-25,116.45
Exchange,USD,JPY,2006-01-26,117.32
Exchange,USD,JPY,2006-01-28,117.3
Exchange,USD,JPY,2006-01-29,117.61
Exchange,USD,JPY,2006-01-30,117.2
Exchange,USD,JPY,2006-01-31,118.02
Exchange,USD,JPY,2006-02-01,118.57
Exchange,USD,JPY,2006-02-02,118.93
Exchange,USD,JPY,2006-02-03,118.93
Exchange,USD,JPY,2006-02-04,118.79
Exchange,USD,JPY,2006-02-05,119.047
Exchange,USD,JPY,2006-02-06,117.934
Exchange,USD,JPY,2006-02-07,118.53
Exchange,USD,JPY,2006-02-08,118.84
Exchange,USD,JPY,2006-02-09,117.86
Exchange,USD,JPY,2006-02-11,117.785
Exchange,USD,JPY,2006-02-12,117.78
Exchange,USD,JPY,2006-02-13,117.4
Exchange,USD,JPY,2006-02-14,117.89
Exchange,USD,JPY,2006-02-15,117.58
Exchange,USD,JPY,2006-02-16,118.065
Exchange,USD,JPY,2006-02-17,118.065
Exchange,USD,JPY,2006-02-18,118.19
Exchange,USD,JPY,2006-02-19,118.255
Exchange,USD,JPY,2006-02-20,118.71
Exchange,USD,JPY,2006-02-21,118.54
Exchange,USD,JPY,2006-02-22,117.135
Exchange,USD,JPY,2006-02-23,116.9
Exchange,USD,JPY,2006-02-24,116.89
Exchange,USD,JPY,2006-02-25,116.87
Exchange,USD,JPY,2006-02-26,116.12
Exchange,USD,JPY,2006-02-27,115.776
Exchange,USD,JPY,2006-02-28,116.08
Exchange,USD,JPY,2006-03-01,115.895
Exchange,USD,JPY,2006-03-02,116.415
Exchange,USD,JPY,2006-03-03,116.419
Exchange,USD,JPY,2006-03-04,116.37
Exchange,USD,JPY,2006-03-05,117.57
Exchange,USD,JPY,2006-03-06,117.85
Exchange,USD,JPY,2006-03-07,117.85
Exchange,USD,JPY,2006-03-08,118.22
Exchange,USD,JPY,2006-03-09,119.02
Exchange,USD,JPY,2006-03-11,118.89
Exchange,USD,JPY,2006-03-12,118.73
Exchange,USD,JPY,2006-03-13,117.6
Exchange,USD,JPY,2006-03-14,117.38
Exchange,USD,JPY,2006-03-15,116.83
Exchange,USD,JPY,2006-03-16,115.93
Exchange,USD,JPY,2006-03-18,115.98
Exchange,USD,JPY,2006-03-19,116.38
Exchange,USD,JPY,2006-03-20,117.26
Exchange,USD,JPY,2006-03-21,117.01
Exchange,USD,JPY,2006-03-22,117.855
Exchange,USD,JPY,2006-03-23,117.48
Exchange,USD,JPY,2006-03-25,117.565
Exchange,USD,JPY,2006-03-26,116.74
Exchange,USD,JPY,2006-03-27,117.95
Exchange,USD,JPY,2006-03-28,117.81
Exchange,USD,JPY,2006-03-29,117.31
Exchange,USD,JPY,2006-03-30,117.78
Exchange,USD,JPY,2006-04-01,117.785
Exchange,USD,JPY,2006-04-02,117.705
Exchange,USD,JPY,2006-04-03,117.53
Exchange,USD,JPY,2006-04-04,117.43
Exchange,USD,JPY,2006-04-05,117.76
Exchange,USD,JPY,2006-04-06,118.3
Exchange,USD,JPY,2006-04-08,118.145
Exchange,USD,JPY,2006-04-09,118.36
Exchange,USD,JPY,2006-04-10,118.28
Exchange,USD,JPY,2006-04-11,118.57
Exchange,USD,JPY,2006-04-12,118.56
Exchange,USD,JPY,2006-04-13,118.685
Exchange,USD,JPY,2006-04-15,118.61
Exchange,USD,JPY,2006-04-16,117.81
Exchange,USD,JPY,2006-04-17,117.11
Exchange,USD,JPY,2006-04-18,117.29
Exchange,USD,JPY,2006-04-19,117.54
Exchange,USD,JPY,2006-04-20,116.6
Exchange,USD,JPY,2006-04-22,115.61
Exchange,USD,JPY,2006-04-23,114.63
Exchange,USD,JPY,2006-04-24,114.81
Exchange,USD,JPY,2006-04-25,114.71
Exchange,USD,JPY,2006-04-26,114.11
Exchange,USD,JPY,2006-04-27,113.83
Exchange,USD,JPY,2006-04-29,113.69
Exchange,USD,JPY,2006-04-30,113.358
Exchange,USD,JPY,2006-05-01,113.34
Exchange,USD,JPY,2006-05-02,113.58
Exchange,USD,JPY,2006-05-03,113.66
Exchange,USD,JPY,2006-05-04,112.58
Exchange,USD,JPY,2006-05-06,112.06
Exchange,USD,JPY,2006-05-07,111.64
Exchange,USD,JPY,2006-05-08,111.04
Exchange,USD,JPY,2006-05-09,110.5
Exchange,USD,JPY,2006-05-10,110.736
Exchange,USD,JPY,2006-05-11,110.03
Exchange,USD,JPY,2006-05-13,109.596
Exchange,USD,JPY,2006-05-14,110.49
Exchange,USD,JPY,2006-05-15,109.76
Exchange,USD,JPY,2006-05-16,110.959
Exchange,USD,JPY,2006-05-17,110.83
Exchange,USD,JPY,2006-05-18,111.68
Exchange,USD,JPY,2006-05-20,111.72
Exchange,USD,JPY,2006-05-21,111.565
Exchange,USD,JPY,2006-05-22,111.975
Exchange,USD,JPY,2006-05-23,112.947
Exchange,USD,JPY,2006-05-24,111.785
Exchange,USD,JPY,2006-05-25,112.665
Exchange,USD,JPY,2006-05-27,112.53
Exchange,USD,JPY,2006-05-28,112.476
Exchange,USD,JPY,2006-05-29,112.161
Exchange,USD,JPY,2006-05-30,112.64
Exchange,USD,JPY,2006-05-31,112.715
Exchange,USD,JPY,2006-06-01,111.735
Exchange,USD,JPY,2006-06-03,111.65
Exchange,USD,JPY,2006-06-04,112.24
Exchange,USD,JPY,2006-06-05,113.325
Exchange,USD,JPY,2006-06-06,113.58
Exchange,USD,JPY,2006-06-07,114.235
Exchange,USD,JPY,2006-06-08,113.975
Exchange,USD,JPY,2006-06-10,114.197
Exchange,USD,JPY,2006-06-11,114.395
Exchange,USD,JPY,2006-06-12,115.425
Exchange,USD,JPY,2006-06-13,115.048
Exchange,USD,JPY,2006-06-14,114.76
Exchange,USD,JPY,2006-06-15,115.195
Exchange,USD,JPY,2006-06-17,115.17
Exchange,USD,JPY,2006-06-18,115.539
Exchange,USD,JPY,2006-06-19,114.965
Exchange,USD,JPY,2006-06-20,114.9
Exchange,USD,JPY,2006-06-21,116.107
Exchange,USD,JPY,2006-06-22,116.55
Exchange,USD,JPY,2006-06-23,116.54
Exchange,USD,JPY,2006-06-24,116.515
Exchange,USD,JPY,2006-06-25,116.26
Exchange,USD,JPY,2006-06-26,116.292
Exchange,USD,JPY,2006-06-27,116.475
Exchange,USD,JPY,2006-06-28,115.17
Exchange,USD,JPY,2006-06-29,114.44
Exchange,USD,JPY,2006-07-01,114.375
Exchange,USD,JPY,2006-07-02,114.684
Exchange,USD,JPY,2006-07-03,114.807
Exchange,USD,JPY,2006-07-04,115.73
Exchange,USD,JPY,2006-07-05,115.116
Exchange,USD,JPY,2006-07-06,114.02
Exchange,USD,JPY,2006-07-07,114.03
Exchange,USD,JPY,2006-07-08,114.0
Exchange,USD,JPY,2006-07-09,114.332
Exchange,USD,JPY,2006-07-10,114.247
Exchange,USD,JPY,2006-07-11,115.512
Exchange,USD,JPY,2006-07-12,115.385
Exchange,USD,JPY,2006-07-13,116.11
Exchange,USD,JPY,2006-07-15,116.17
Exchange,USD,JPY,2006-07-16,117.245
Exchange,USD,JPY,2006-07-17,117.33
Exchange,USD,JPY,2006-07-18,116.88
Exchange,USD,JPY,2006-07-19,117.048
Exchange,USD,JPY,2006-07-20,116.166
Exchange,USD,JPY,2006-07-22,116.131
Exchange,USD,JPY,2006-07-23,116.685
Exchange,USD,JPY,2006-07-24,117.23
Exchange,USD,JPY,2006-07-25,116.275
Exchange,USD,JPY,2006-07-26,115.77
Exchange,USD,JPY,2006-07-27,114.648
Exchange,USD,JPY,2006-07-28,114.675
Exchange,USD,JPY,2006-07-29,114.665
Exchange,USD,JPY,2006-07-30,114.666
Exchange,USD,JPY,2006-07-31,114.566
Exchange,USD,JPY,2006-08-01,114.664
Exchange,USD,JPY,2006-08-02,115.024
Exchange,USD,JPY,2006-08-03,114.444
Exchange,USD,JPY,2006-08-05,114.225
Exchange,USD,JPY,2006-08-06,115.144
Exchange,USD,JPY,2006-08-07,115.31
Exchange,USD,JPY,2006-08-08,115.325
Exchange,USD,JPY,2006-08-09,115.265
Exchange,USD,JPY,2006-08-10,116.305
Exchange,USD,JPY,2006-08-11,116.312
Exchange,USD,JPY,2006-08-12,116.31
Exchange,USD,JPY,2006-08-13,116.725
Exchange,USD,JPY,2006-08-14,116.115
Exchange,USD,JPY,2006-08-15,115.865
Exchange,USD,JPY,2006-08-16,115.99
Exchange,USD,JPY,2006-08-17,115.81
Exchange,USD,JPY,2006-08-18,115.79
Exchange,USD,JPY,2006-08-19,115.795
Exchange,USD,JPY,2006-08-20,115.848
Exchange,USD,JPY,2006-08-21,116.535
Exchange,USD,JPY,2006-08-22,116.42
Exchange,USD,JPY,2006-08-23,116.537
Exchange,USD,JPY,2006-08-24,117.289
Exchange,USD,JPY,2006-08-26,117.225
Exchange,USD,JPY,2006-08-27,117.224
Exchange,USD,JPY,2006-08-28,116.675
Exchange,USD,JPY,2006-08-29,117.169
Exchange,USD,JPY,2006-08-30,117.39
Exchange,USD,JPY,2006-08-31,117.09
Exchange,USD,JPY,2006-09-02,117.093
Exchange,USD,JPY,2006-09-03,116.075
Exchange,USD,JPY,2006-09-04,116.088
Exchange,USD,JPY,2006-09-05,116.65
Exchange,USD,JPY,2006-09-06,116.423
Exchange,USD,JPY,2006-09-07,116.94
Exchange,USD,JPY,2006-09-08,116.94
Exchange,USD,JPY,2006-09-09,116.85
Exchange,USD,JPY,2006-09-10,117.677
Exchange,USD,JPY,2006-09-11,117.95
Exchange,USD,JPY,2006-09-12,117.685
Exchange,USD,JPY,2006-09-13,117.597
Exchange,USD,JPY,2006-09-14,117.56
Exchange,USD,JPY,2006-09-16,117.255
Exchange,USD,JPY,2006-09-17,117.949
Exchange,USD,JPY,2006-09-18,117.774
Exchange,USD,JPY,2006-09-19,117.45
Exchange,USD,JPY,2006-09-20,116.38
Exchange,USD,JPY,2006-09-21,116.555
Exchange,USD,JPY,2006-09-23,116.515
Exchange,USD,JPY,2006-09-24,116.602
Exchange,USD,JPY,2006-09-25,117.107
Exchange,USD,JPY,2006-09-26,117.49
Exchange,USD,JPY,2006-09-27,117.817
Exchange,USD,JPY,2006-09-28,118.175
Exchange,USD,JPY,2006-09-30,118.155
Exchange,USD,JPY,2006-10-01,117.646
Exchange,USD,JPY,2006-10-02,117.91
Exchange,USD,JPY,2006-10-03,117.903
Exchange,USD,JPY,2006-10-04,117.698
Exchange,USD,JPY,2006-10-05,119.018
Exchange,USD,JPY,2006-10-07,118.945
Exchange,USD,JPY,2006-10-08,119.108
Exchange,USD,JPY,2006-10-09,119.712
Exchange,USD,JPY,2006-10-10,119.773
Exchange,USD,JPY,2006-10-11,119.365
Exchange,USD,JPY,2006-10-12,119.63
Exchange,USD,JPY,2006-10-13,119.617
Exchange,USD,JPY,2006-10-14,119.675
Exchange,USD,JPY,2006-10-15,119.03
Exchange,USD,JPY,2006-10-16,118.755
Exchange,USD,JPY,2006-10-17,118.916
Exchange,USD,JPY,2006-10-18,118.165
Exchange,USD,JPY,2006-10-19,118.74
Exchange,USD,JPY,2006-10-20,118.73
Exchange,USD,JPY,2006-10-21,118.77
Exchange,USD,JPY,2006-10-22,119.334
Exchange,USD,JPY,2006-10-23,119.356
Exchange,USD,JPY,2006-10-24,119.12
Exchange,USD,JPY,2006-10-25,118.39
Exchange,USD,JPY,2006-10-26,117.606
Exchange,USD,JPY,2006-10-28,117.47
Exchange,USD,JPY,2006-10-29,117.487
Exchange,USD,JPY,2006-10-30,116.978
Exchange,USD,JPY,2006-10-31,117.04
Exchange,USD,JPY,2006-11-01,117.132
Exchange,USD,JPY,2006-11-02,118.01
Exchange,USD,JPY,2006-11-04,118.08
Exchange,USD,JPY,2006-11-05,118.313
Exchange,USD,JPY,2006-11-06,117.688
Exchange,USD,JPY,2006-11-07,117.838
Exchange,USD,JPY,2006-11-08,117.928
Exchange,USD,JPY,2006-11-09,117.63
Exchange,USD,JPY,2006-11-11,117.535
Exchange,USD,JPY,2006-11-12,118.166
Exchange,USD,JPY,2006-11-13,117.63
Exchange,USD,JPY,2006-11-14,118.03
Exchange,USD,JPY,2006-11-15,118.22
Exchange,USD,JPY,2006-11-16,117.755
Exchange,USD,JPY,2006-11-18,117.865
Exchange,USD,JPY,2006-11-19,118.047
Exchange,USD,JPY,2006-11-20,117.904
Exchange,USD,JPY,2006-11-21,116.751
Exchange,USD,JPY,2006-11-22,116.296
Exchange,USD,JPY,2006-11-23,115.885
Exchange,USD,JPY,2006-11-24,115.89
Exchange,USD,JPY,2006-11-25,115.55
Exchange,USD,JPY,2006-11-26,116.075
Exchange,USD,JPY,2006-11-27,116.157
Exchange,USD,JPY,2006-11-28,116.41
Exchange,USD,JPY,2006-11-29,115.805
Exchange,USD,JPY,2006-11-30,115.44
Exchange,USD,JPY,2006-12-02,115.435
Exchange,USD,JPY,2006-12-03,115.28
Exchange,USD,JPY,2006-12-04,114.899
Exchange,USD,JPY,2006-12-05,115.255
Exchange,USD,JPY,2006-12-06,115.255
Exchange,USD,JPY,2006-12-07,116.33
Exchange,USD,JPY,2006-12-09,116.41
Exchange,USD,JPY,2006-12-10,116.99
Exchange,USD,JPY,2006-12-11,116.782
Exchange,USD,JPY,2006-12-12,117.584
Exchange,USD,JPY,2006-12-13,117.837
Exchange,USD,JPY,2006-12-14,118.175
Exchange,USD,JPY,2006-12-15,118.175
Exchange,USD,JPY,2006-12-16,117.955
Exchange,USD,JPY,2006-12-17,118.15
Exchange,USD,JPY,2006-12-18,118.12
Exchange,USD,JPY,2006-12-19,118.471
Exchange,USD,JPY,2006-12-20,118.34
Exchange,USD,JPY,2006-12-21,118.862
Exchange,USD,JPY,2006-12-23,118.883
Exchange,USD,JPY,2006-12-24,118.805
Exchange,USD,JPY,2006-12-25,119.136
Exchange,USD,JPY,2006-12-26,118.869
Exchange,USD,JPY,2006-12-27,118.923
Exchange,USD,JPY,2006-12-28,119.066
Exchange,USD,JPY,2006-12-31,119.04
Exchange,USD,JPY,2007-01-01,118.843
Exchange,USD,JPY,2007-01-02,119.382
Exchange,USD,JPY,2007-01-03,119.055
Exchange,USD,JPY,2007-01-04,118.63
Exchange,USD,JPY,2007-01-06,118.635
Exchange,USD,JPY,2007-01-07,118.789
Exchange,USD,JPY,2007-01-08,119.377
Exchange,USD,JPY,2007-01-09,119.62
Exchange,USD,JPY,2007-01-10,120.495
Exchange,USD,JPY,2007-01-11,120.325
Exchange,USD,JPY,2007-01-13,120.398
Exchange,USD,JPY,2007-01-14,120.437
Exchange,USD,JPY,2007-01-15,120.653
Exchange,USD,JPY,2007-01-16,120.662
Exchange,USD,JPY,2007-01-17,121.217
Exchange,USD,JPY,2007-01-18,121.2
Exchange,USD,JPY,2007-01-19,121.235
Exchange,USD,JPY,2007-01-20,121.245
Exchange,USD,JPY,2007-01-21,121.658
Exchange,USD,JPY,2007-01-22,121.641
Exchange,USD,JPY,2007-01-23,121.187
Exchange,USD,JPY,2007-01-24,121.247
Exchange,USD,JPY,2007-01-25,121.57
Exchange,USD,JPY,2007-01-27,121.465
Exchange,USD,JPY,2007-01-28,121.755
Exchange,USD,JPY,2007-01-29,121.633
Exchange,USD,JPY,2007-01-30,120.705
Exchange,USD,JPY,2007-01-31,120.808
Exchange,USD,JPY,2007-02-01,121.14
Exchange,USD,JPY,2007-02-03,121.085
Exchange,USD,JPY,2007-02-04,120.345
Exchange,USD,JPY,2007-02-05,120.102
Exchange,USD,JPY,2007-02-06,120.675
Exchange,USD,JPY,2007-02-07,121.04
Exchange,USD,JPY,2007-02-08,121.715
Exchange,USD,JPY,2007-02-09,121.766
Exchange,USD,JPY,2007-02-10,121.805
Exchange,USD,JPY,2007-02-11,121.935
Exchange,USD,JPY,2007-02-12,121.165
Exchange,USD,JPY,2007-02-13,120.792
Exchange,USD,JPY,2007-02-14,119.278
Exchange,USD,JPY,2007-02-15,119.43
Exchange,USD,JPY,2007-02-17,119.39
Exchange,USD,JPY,2007-02-18,119.562
Exchange,USD,JPY,2007-02-19,120.028
Exchange,USD,JPY,2007-02-20,120.939
Exchange,USD,JPY,2007-02-21,121.579
Exchange,USD,JPY,2007-02-22,121.08
Exchange,USD,JPY,2007-02-23,121.08
Exchange,USD,JPY,2007-02-24,121.035
Exchange,USD,JPY,2007-02-25,120.647
Exchange,USD,JPY,2007-02-26,117.937
Exchange,USD,JPY,2007-02-27,118.563
Exchange,USD,JPY,2007-02-28,117.609
Exchange,USD,JPY,2007-03-01,116.78
Exchange,USD,JPY,2007-03-03,116.755
Exchange,USD,JPY,2007-03-04,115.529
Exchange,USD,JPY,2007-03-05,116.583
Exchange,USD,JPY,2007-03-06,116.05
Exchange,USD,JPY,2007-03-07,117.177
Exchange,USD,JPY,2007-03-08,118.335
Exchange,USD,JPY,2007-03-09,118.345
Exchange,USD,JPY,2007-03-10,118.3
Exchange,USD,JPY,2007-03-11,117.732
Exchange,USD,JPY,2007-03-12,116.29
Exchange,USD,JPY,2007-03-13,117.078
Exchange,USD,JPY,2007-03-14,117.57
Exchange,USD,JPY,2007-03-15,116.708
Exchange,USD,JPY,2007-03-17,116.425
Exchange,USD,JPY,2007-03-18,117.532
Exchange,USD,JPY,2007-03-19,117.292
Exchange,USD,JPY,2007-03-20,117.535
Exchange,USD,JPY,2007-03-21,118.118
Exchange,USD,JPY,2007-03-22,118.12
Exchange,USD,JPY,2007-03-24,118.075
Exchange,USD,JPY,2007-03-25,118.13
Exchange,USD,JPY,2007-03-26,117.82
Exchange,USD,JPY,2007-03-27,116.85
Exchange,USD,JPY,2007-03-28,118.059
Exchange,USD,JPY,2007-03-29,117.825
Exchange,USD,JPY,2007-03-31,117.535
Exchange,USD,JPY,2007-04-01,117.852
Exchange,USD,JPY,2007-04-02,118.955
Exchange,USD,JPY,2007-04-03,118.724
Exchange,USD,JPY,2007-04-04,118.745
Exchange,USD,JPY,2007-04-05,119.25
Exchange,USD,JPY,2007-04-06,119.26
Exchange,USD,JPY,2007-04-07,119.265
Exchange,USD,JPY,2007-04-08,119.324
Exchange,USD,JPY,2007-04-09,119.06
Exchange,USD,JPY,2007-04-10,119.385
Exchange,USD,JPY,2007-04-11,119.15
Exchange,USD,JPY,2007-04-12,119.258
Exchange,USD,JPY,2007-04-14,119.363
Exchange,USD,JPY,2007-04-15,119.735
Exchange,USD,JPY,2007-04-16,118.915
Exchange,USD,JPY,2007-04-17,118.685
Exchange,USD,JPY,2007-04-18,118.469
Exchange,USD,JPY,2007-04-19,118.673
Exchange,USD,JPY,2007-04-21,118.75
Exchange,USD,JPY,2007-04-22,118.66
Exchange,USD,JPY,2007-04-23,118.6
Exchange,USD,JPY,2007-04-24,118.745
Exchange,USD,JPY,2007-04-25,119.57
Exchange,USD,JPY,2007-04-26,119.625
Exchange,USD,JPY,2007-04-27,119.63
Exchange,USD,JPY,2007-04-28,119.327
Exchange,USD,JPY,2007-04-29,119.525
Exchange,USD,JPY,2007-04-30,119.862
Exchange,USD,JPY,2007-05-01,120.154
Exchange,USD,JPY,2007-05-02,120.449
Exchange,USD,JPY,2007-05-03,120.192
Exchange,USD,JPY,2007-05-05,120.075
Exchange,USD,JPY,2007-05-06,120.097
Exchange,USD,JPY,2007-05-07,120.035
Exchange,USD,JPY,2007-05-08,120.088
Exchange,USD,JPY,2007-05-09,119.9
Exchange,USD,JPY,2007-05-10,120.2
Exchange,USD,JPY,2007-05-11,120.195
Exchange,USD,JPY,2007-05-12,120.26
Exchange,USD,JPY,2007-05-13,120.355
Exchange,USD,JPY,2007-05-14,120.273
Exchange,USD,JPY,2007-05-15,120.822
Exchange,USD,JPY,2007-05-16,121.3
Exchange,USD,JPY,2007-05-17,121.125
Exchange,USD,JPY,2007-05-19,121.115
Exchange,USD,JPY,2007-05-20,121.465
Exchange,USD,JPY,2007-05-21,121.57
Exchange,USD,JPY,2007-05-22,121.67
Exchange,USD,JPY,2007-05-23,121.4
Exchange,USD,JPY,2007-05-24,121.79
Exchange,USD,JPY,2007-05-26,121.715
Exchange,USD,JPY,2007-05-27,121.713
Exchange,USD,JPY,2007-05-28,121.665
Exchange,USD,JPY,2007-05-29,121.653
Exchange,USD,JPY,2007-05-30,121.734
Exchange,USD,JPY,2007-05-31,122.106
Exchange,USD,JPY,2007-06-02,122.079
Exchange,USD,JPY,2007-06-03,121.77
Exchange,USD,JPY,2007-06-04,121.39
Exchange,USD,JPY,2007-06-05,121.092
Exchange,USD,JPY,2007-06-06,120.979
Exchange,USD,JPY,2007-06-07,121.725
Exchange,USD,JPY,2007-06-09,121.725
Exchange,USD,JPY,2007-06-10,121.723
Exchange,USD,JPY,2007-06-11,121.695
Exchange,USD,JPY,2007-06-12,122.72
Exchange,USD,JPY,2007-06-13,122.93
Exchange,USD,JPY,2007-06-14,123.445
Exchange,USD,JPY,2007-06-16,123.465
Exchange,USD,JPY,2007-06-17,123.675
Exchange,USD,JPY,2007-06-18,123.361
Exchange,USD,JPY,2007-06-19,123.568
Exchange,USD,JPY,2007-06-20,123.729
Exchange,USD,JPY,2007-06-21,123.883
Exchange,USD,JPY,2007-06-23,123.785
Exchange,USD,JPY,2007-06-24,123.662
Exchange,USD,JPY,2007-06-25,123.26
Exchange,USD,JPY,2007-06-26,122.828
Exchange,USD,JPY,2007-06-27,123.176
Exchange,USD,JPY,2007-06-28,123.175
Exchange,USD,JPY,2007-06-29,123.17
Exchange,USD,JPY,2007-06-30,123.119
Exchange,USD,JPY,2007-07-01,122.42
Exchange,USD,JPY,2007-07-02,122.465
Exchange,USD,JPY,2007-07-03,122.717
Exchange,USD,JPY,2007-07-04,122.939
Exchange,USD,JPY,2007-07-05,123.345
Exchange,USD,JPY,2007-07-07,123.39
Exchange,USD,JPY,2007-07-08,123.41
Exchange,USD,JPY,2007-07-09,121.744
Exchange,USD,JPY,2007-07-10,122.478
Exchange,USD,JPY,2007-07-11,122.42
Exchange,USD,JPY,2007-07-12,121.936
Exchange,USD,JPY,2007-07-14,121.945
Exchange,USD,JPY,2007-07-15,121.898
Exchange,USD,JPY,2007-07-16,122.347
Exchange,USD,JPY,2007-07-17,121.946
Exchange,USD,JPY,2007-07-18,122.013
Exchange,USD,JPY,2007-07-19,121.273
Exchange,USD,JPY,2007-07-21,121.55
Exchange,USD,JPY,2007-07-22,121.107
Exchange,USD,JPY,2007-07-23,120.257
Exchange,USD,JPY,2007-07-24,120.5
Exchange,USD,JPY,2007-07-25,118.682
Exchange,USD,JPY,2007-07-26,118.615
Exchange,USD,JPY,2007-07-28,118.485
Exchange,USD,JPY,2007-07-29,119.048
Exchange,USD,JPY,2007-07-30,118.62
Exchange,USD,JPY,2007-07-31,118.95
Exchange,USD,JPY,2007-08-01,119.206
Exchange,USD,JPY,2007-08-02,118.056
Exchange,USD,JPY,2007-08-03,118.056
Exchange,USD,JPY,2007-08-04,117.556
Exchange,USD,JPY,2007-08-05,118.882
Exchange,USD,JPY,2007-08-06,118.833
Exchange,USD,JPY,2007-08-07,119.722
Exchange,USD,JPY,2007-08-08,118.168
Exchange,USD,JPY,2007-08-09,118.395
Exchange,USD,JPY,2007-08-10,118.395
Exchange,USD,JPY,2007-08-11,118.13
Exchange,USD,JPY,2007-08-12,118.242
Exchange,USD,JPY,2007-08-13,117.577
Exchange,USD,JPY,2007-08-14,116.604
Exchange,USD,JPY,2007-08-15,113.88
Exchange,USD,JPY,2007-08-16,114.3
Exchange,USD,JPY,2007-08-17,114.345
Exchange,USD,JPY,2007-08-18,114.18
Exchange,USD,JPY,2007-08-19,114.895
Exchange,USD,JPY,2007-08-20,114.425
Exchange,USD,JPY,2007-08-21,115.345
Exchange,USD,JPY,2007-08-22,116.193
Exchange,USD,JPY,2007-08-23,116.435
Exchange,USD,JPY,2007-08-24,116.435
Exchange,USD,JPY,2007-08-25,116.39
Exchange,USD,JPY,2007-08-26,115.865
Exchange,USD,JPY,2007-08-27,114.262
Exchange,USD,JPY,2007-08-28,116.163
Exchange,USD,JPY,2007-08-29,115.857
Exchange,USD,JPY,2007-08-30,115.773
Exchange,USD,JPY,2007-09-01,115.713
Exchange,USD,JPY,2007-09-02,115.962
Exchange,USD,JPY,2007-09-03,116.331
Exchange,USD,JPY,2007-09-04,115.29
Exchange,USD,JPY,2007-09-05,115.376
Exchange,USD,JPY,2007-09-06,113.38
Exchange,USD,JPY,2007-09-08,113.065
Exchange,USD,JPY,2007-09-09,113.716
Exchange,USD,JPY,2007-09-10,114.267
Exchange,USD,JPY,2007-09-11,114.255
Exchange,USD,JPY,2007-09-12,115.085
Exchange,USD,JPY,2007-09-13,115.363
Exchange,USD,JPY,2007-09-15,115.245
Exchange,USD,JPY,2007-09-16,115.117
Exchange,USD,JPY,2007-09-17,116.088
Exchange,USD,JPY,2007-09-18,116.093
Exchange,USD,JPY,2007-09-19,114.738
Exchange,USD,JPY,2007-09-20,115.503
Exchange,USD,JPY,2007-09-21,115.506
Exchange,USD,JPY,2007-09-22,115.405
Exchange,USD,JPY,2007-09-23,114.875
Exchange,USD,JPY,2007-09-24,114.773
Exchange,USD,JPY,2007-09-25,115.545
Exchange,USD,JPY,2007-09-26,115.639
Exchange,USD,JPY,2007-09-27,114.809
Exchange,USD,JPY,2007-09-28,114.864
Exchange,USD,JPY,2007-09-29,114.77
Exchange,USD,JPY,2007-09-30,115.74
Exchange,USD,JPY,2007-10-01,115.738
Exchange,USD,JPY,2007-10-02,116.742
Exchange,USD,JPY,2007-10-03,116.46
Exchange,USD,JPY,2007-10-04,116.988
Exchange,USD,JPY,2007-10-05,116.986
Exchange,USD,JPY,2007-10-06,116.985
Exchange,USD,JPY,2007-10-07,117.407
Exchange,USD,JPY,2007-10-08,117.131
Exchange,USD,JPY,2007-10-09,117.255
Exchange,USD,JPY,2007-10-10,117.287
Exchange,USD,JPY,2007-10-11,117.609
Exchange,USD,JPY,2007-10-12,117.609
Exchange,USD,JPY,2007-10-13,117.545
Exchange,USD,JPY,2007-10-14,117.391
Exchange,USD,JPY,2007-10-15,116.925
Exchange,USD,JPY,2007-10-16,116.68
Exchange,USD,JPY,2007-10-17,115.63
Exchange,USD,JPY,2007-10-18,114.513
Exchange,USD,JPY,2007-10-20,114.12
Exchange,USD,JPY,2007-10-21,114.55
Exchange,USD,JPY,2007-10-22,114.772
Exchange,USD,JPY,2007-10-23,114.256
Exchange,USD,JPY,2007-10-24,114.179
Exchange,USD,JPY,2007-10-25,114.175
Exchange,USD,JPY,2007-10-27,114.143
Exchange,USD,JPY,2007-10-28,114.658
Exchange,USD,JPY,2007-10-29,114.636
Exchange,USD,JPY,2007-10-30,115.439
Exchange,USD,JPY,2007-10-31,114.664
Exchange,USD,JPY,2007-11-01,114.844
Exchange,USD,JPY,2007-11-03,114.769
Exchange,USD,JPY,2007-11-04,114.55
Exchange,USD,JPY,2007-11-05,114.724
Exchange,USD,JPY,2007-11-06,112.623
Exchange,USD,JPY,2007-11-07,112.598
Exchange,USD,JPY,2007-11-08,110.686
Exchange,USD,JPY,2007-11-10,110.225
Exchange,USD,JPY,2007-11-11,109.412
Exchange,USD,JPY,2007-11-12,110.898
Exchange,USD,JPY,2007-11-13,111.325
Exchange,USD,JPY,2007-11-14,110.3
Exchange,USD,JPY,2007-11-15,111.095
Exchange,USD,JPY,2007-11-16,111.095
Exchange,USD,JPY,2007-11-17,110.873
Exchange,USD,JPY,2007-11-18,109.765
Exchange,USD,JPY,2007-11-19,109.97
Exchange,USD,JPY,2007-11-20,108.43
Exchange,USD,JPY,2007-11-21,108.446
Exchange,USD,JPY,2007-11-22,108.285
Exchange,USD,JPY,2007-11-24,108.405
Exchange,USD,JPY,2007-11-25,107.418
Exchange,USD,JPY,2007-11-26,108.971
Exchange,USD,JPY,2007-11-27,110.025
Exchange,USD,JPY,2007-11-28,109.938
Exchange,USD,JPY,2007-11-29,111.255
Exchange,USD,JPY,2007-11-30,111.255
Exchange,USD,JPY,2007-12-01,111.045
Exchange,USD,JPY,2007-12-02,110.467
Exchange,USD,JPY,2007-12-03,109.865
Exchange,USD,JPY,2007-12-04,110.893
Exchange,USD,JPY,2007-12-05,111.318
Exchange,USD,JPY,2007-12-06,111.68
Exchange,USD,JPY,2007-12-08,111.433
Exchange,USD,JPY,2007-12-09,111.699
Exchange,USD,JPY,2007-12-10,110.66
Exchange,USD,JPY,2007-12-11,112.238
Exchange,USD,JPY,2007-12-12,112.224
Exchange,USD,JPY,2007-12-13,113.272
Exchange,USD,JPY,2007-12-15,113.485
Exchange,USD,JPY,2007-12-16,112.94
Exchange,USD,JPY,2007-12-17,113.4
Exchange,USD,JPY,2007-12-18,113.432
Exchange,USD,JPY,2007-12-19,113.134
Exchange,USD,JPY,2007-12-20,114.038
Exchange,USD,JPY,2007-12-22,114.13
Exchange,USD,JPY,2007-12-23,114.29
Exchange,USD,JPY,2007-12-24,114.18
Exchange,USD,JPY,2007-12-25,114.344
Exchange,USD,JPY,2007-12-26,113.73
Exchange,USD,JPY,2007-12-27,112.289
Exchange,USD,JPY,2007-12-29,112.544
Exchange,USD,JPY,2007-12-30,111.713
Exchange,USD,JPY,2007-12-31,111.66
Exchange,USD,JPY,2008-01-01,109.655
Exchange,USD,JPY,2008-01-02,109.327
Exchange,USD,JPY,2008-01-03,108.609
Exchange,USD,JPY,2008-01-05,108.512
Exchange,USD,JPY,2008-01-06,109.18
Exchange,USD,JPY,2008-01-07,108.895
Exchange,USD,JPY,2008-01-08,110.04
Exchange,USD,JPY,2008-01-09,109.341
Exchange,USD,JPY,2008-01-10,108.853
Exchange,USD,JPY,2008-01-12,108.63
Exchange,USD,JPY,2008-01-13,108.161
Exchange,USD,JPY,2008-01-14,106.781
Exchange,USD,JPY,2008-01-15,107.643
Exchange,USD,JPY,2008-01-16,106.551
Exchange,USD,JPY,2008-01-17,106.871
Exchange,USD,JPY,2008-01-19,106.715
Exchange,USD,JPY,2008-01-20,105.978
Exchange,USD,JPY,2008-01-21,106.43
Exchange,USD,JPY,2008-01-22,106.712
Exchange,USD,JPY,2008-01-23,107.175
Exchange,USD,JPY,2008-01-24,106.717
Exchange,USD,JPY,2008-01-26,106.772
Exchange,USD,JPY,2008-01-27,106.892
Exchange,USD,JPY,2008-01-28,107.112
Exchange,USD,JPY,2008-01-29,106.258
Exchange,USD,JPY,2008-01-30,106.425
Exchange,USD,JPY,2008-01-31,106.485
Exchange,USD,JPY,2008-02-01,106.555
Exchange,USD,JPY,2008-02-02,106.535
Exchange,USD,JPY,2008-02-03,106.715
Exchange,USD,JPY,2008-02-04,106.818
Exchange,USD,JPY,2008-02-05,106.536
Exchange,USD,JPY,2008-02-06,107.485
Exchange,USD,JPY,2008-02-07,107.33
Exchange,USD,JPY,2008-02-09,107.335
Exchange,USD,JPY,2008-02-10,106.963
Exchange,USD,JPY,2008-02-11,107.306
Exchange,USD,JPY,2008-02-12,108.328
Exchange,USD,JPY,2008-02-13,107.867
Exchange,USD,JPY,2008-02-14,107.82
Exchange,USD,JPY,2008-02-16,107.8
Exchange,USD,JPY,2008-02-17,108.227
Exchange,USD,JPY,2008-02-18,107.772
Exchange,USD,JPY,2008-02-19,108.116
Exchange,USD,JPY,2008-02-20,107.403
Exchange,USD,JPY,2008-02-21,107.177
Exchange,USD,JPY,2008-02-22,107.177
Exchange,USD,JPY,2008-02-23,107.315
Exchange,USD,JPY,2008-02-24,108.066
Exchange,USD,JPY,2008-02-25,107.273
Exchange,USD,JPY,2008-02-26,106.487
Exchange,USD,JPY,2008-02-27,105.369
Exchange,USD,JPY,2008-02-28,103.731
Exchange,USD,JPY,2008-03-01,103.61
Exchange,USD,JPY,2008-03-02,103.494
Exchange,USD,JPY,2008-03-03,103.367
Exchange,USD,JPY,2008-03-04,104.012
Exchange,USD,JPY,2008-03-05,102.674
Exchange,USD,JPY,2008-03-06,102.675
Exchange,USD,JPY,2008-03-08,102.518
Exchange,USD,JPY,2008-03-09,101.759
Exchange,USD,JPY,2008-03-10,103.417
Exchange,USD,JPY,2008-03-11,101.811
Exchange,USD,JPY,2008-03-12,100.648
Exchange,USD,JPY,2008-03-13,99.087
Exchange,USD,JPY,2008-03-15,99.11
Exchange,USD,JPY,2008-03-16,97.33
Exchange,USD,JPY,2008-03-17,99.86
Exchange,USD,JPY,2008-03-18,99.038
Exchange,USD,JPY,2008-03-19,99.518
Exchange,USD,JPY,2008-03-20,99.565
Exchange,USD,JPY,2008-03-21,99.579
Exchange,USD,JPY,2008-03-22,99.415
Exchange,USD,JPY,2008-03-23,100.74
Exchange,USD,JPY,2008-03-24,99.974
Exchange,USD,JPY,2008-03-25,99.207
Exchange,USD,JPY,2008-03-26,99.67
Exchange,USD,JPY,2008-03-27,99.24
Exchange,USD,JPY,2008-03-29,99.142
Exchange,USD,JPY,2008-03-30,99.697
Exchange,USD,JPY,2008-03-31,101.841
Exchange,USD,JPY,2008-04-01,102.36
Exchange,USD,JPY,2008-04-02,102.251
Exchange,USD,JPY,2008-04-03,101.473
Exchange,USD,JPY,2008-04-05,101.525
Exchange,USD,JPY,2008-04-06,102.407
Exchange,USD,JPY,2008-04-07,102.669
Exchange,USD,JPY,2008-04-08,101.81
Exchange,USD,JPY,2008-04-09,101.94
Exchange,USD,JPY,2008-04-10,101.013
Exchange,USD,JPY,2008-04-12,101.425
Exchange,USD,JPY,2008-04-13,101.099
Exchange,USD,JPY,2008-04-14,101.832
Exchange,USD,JPY,2008-04-15,101.828
Exchange,USD,JPY,2008-04-16,102.471
Exchange,USD,JPY,2008-04-17,103.677
Exchange,USD,JPY,2008-04-18,103.682
Exchange,USD,JPY,2008-04-19,103.877
Exchange,USD,JPY,2008-04-20,103.269
Exchange,USD,JPY,2008-04-21,103.027
Exchange,USD,JPY,2008-04-22,103.381
Exchange,USD,JPY,2008-04-23,104.236
Exchange,USD,JPY,2008-04-24,104.427
Exchange,USD,JPY,2008-04-26,104.462
Exchange,USD,JPY,2008-04-27,104.182
Exchange,USD,JPY,2008-04-28,104.016
Exchange,USD,JPY,2008-04-29,103.88
Exchange,USD,JPY,2008-04-30,104.425
Exchange,USD,JPY,2008-05-01,105.394
Exchange,USD,JPY,2008-05-03,105.217
Exchange,USD,JPY,2008-05-04,104.855
Exchange,USD,JPY,2008-05-05,104.77
Exchange,USD,JPY,2008-05-06,104.73
Exchange,USD,JPY,2008-05-07,103.738
Exchange,USD,JPY,2008-05-08,102.859
Exchange,USD,JPY,2008-05-10,103.048
Exchange,USD,JPY,2008-05-11,103.75
Exchange,USD,JPY,2008-05-12,104.748
Exchange,USD,JPY,2008-05-13,105.047
Exchange,USD,JPY,2008-05-14,104.745
Exchange,USD,JPY,2008-05-15,104.054
Exchange,USD,JPY,2008-05-17,104.038
Exchange,USD,JPY,2008-05-18,104.33
Exchange,USD,JPY,2008-05-19,103.674
Exchange,USD,JPY,2008-05-20,103.055
Exchange,USD,JPY,2008-05-21,104.067
Exchange,USD,JPY,2008-05-22,103.387
Exchange,USD,JPY,2008-05-24,103.281
Exchange,USD,JPY,2008-05-25,103.425
Exchange,USD,JPY,2008-05-26,104.25
Exchange,USD,JPY,2008-05-27,104.695
Exchange,USD,JPY,2008-05-28,105.503
Exchange,USD,JPY,2008-05-29,105.517
Exchange,USD,JPY,2008-05-31,105.145
Exchange,USD,JPY,2008-06-01,104.43
Exchange,USD,JPY,2008-06-02,105.084
Exchange,USD,JPY,2008-06-03,105.232
Exchange,USD,JPY,2008-06-04,105.943
Exchange,USD,JPY,2008-06-05,104.931
Exchange,USD,JPY,2008-06-06,104.921
Exchange,USD,JPY,2008-06-07,104.67
Exchange,USD,JPY,2008-06-08,106.304
Exchange,USD,JPY,2008-06-09,107.448
Exchange,USD,JPY,2008-06-10,106.975
Exchange,USD,JPY,2008-06-11,107.965
Exchange,USD,JPY,2008-06-12,108.192
Exchange,USD,JPY,2008-06-13,108.207
Exchange,USD,JPY,2008-06-14,108.03
Exchange,USD,JPY,2008-06-15,108.221
Exchange,USD,JPY,2008-06-16,107.931
Exchange,USD,JPY,2008-06-17,107.886
Exchange,USD,JPY,2008-06-18,108.008
Exchange,USD,JPY,2008-06-19,107.339
Exchange,USD,JPY,2008-06-20,107.334
Exchange,USD,JPY,2008-06-21,107.105
Exchange,USD,JPY,2008-06-22,107.854
Exchange,USD,JPY,2008-06-23,107.817
Exchange,USD,JPY,2008-06-24,107.79
Exchange,USD,JPY,2008-06-25,106.814
Exchange,USD,JPY,2008-06-26,106.143
Exchange,USD,JPY,2008-06-27,106.118
Exchange,USD,JPY,2008-06-28,106.198
Exchange,USD,JPY,2008-06-29,106.213
Exchange,USD,JPY,2008-06-30,106.13
Exchange,USD,JPY,2008-07-01,105.896
Exchange,USD,JPY,2008-07-02,106.728
Exchange,USD,JPY,2008-07-03,106.805
Exchange,USD,JPY,2008-07-05,106.755
Exchange,USD,JPY,2008-07-06,107.181
Exchange,USD,JPY,2008-07-07,107.504
Exchange,USD,JPY,2008-07-08,106.762
Exchange,USD,JPY,2008-07-09,107.074
Exchange,USD,JPY,2008-07-10,106.275
Exchange,USD,JPY,2008-07-12,106.031
Exchange,USD,JPY,2008-07-13,106.144
Exchange,USD,JPY,2008-07-14,104.73
Exchange,USD,JPY,2008-07-15,105.126
Exchange,USD,JPY,2008-07-16,106.285
Exchange,USD,JPY,2008-07-17,106.961
Exchange,USD,JPY,2008-07-18,106.931
Exchange,USD,JPY,2008-07-19,106.903
Exchange,USD,JPY,2008-07-20,106.46
Exchange,USD,JPY,2008-07-21,107.32
Exchange,USD,JPY,2008-07-22,107.894
Exchange,USD,JPY,2008-07-23,107.32
Exchange,USD,JPY,2008-07-24,107.838
Exchange,USD,JPY,2008-07-26,107.778
Exchange,USD,JPY,2008-07-27,107.461
Exchange,USD,JPY,2008-07-28,108.11
Exchange,USD,JPY,2008-07-29,108.136
Exchange,USD,JPY,2008-07-30,107.912
Exchange,USD,JPY,2008-07-31,107.685
Exchange,USD,JPY,2008-08-01,107.685
Exchange,USD,JPY,2008-08-02,107.702
Exchange,USD,JPY,2008-08-03,108.272
Exchange,USD,JPY,2008-08-04,108.344
Exchange,USD,JPY,2008-08-05,109.79
Exchange,USD,JPY,2008-08-06,109.438
Exchange,USD,JPY,2008-08-07,110.167
Exchange,USD,JPY,2008-08-09,110.297
Exchange,USD,JPY,2008-08-10,110.059
Exchange,USD,JPY,2008-08-11,109.28
Exchange,USD,JPY,2008-08-12,109.528
Exchange,USD,JPY,2008-08-13,109.727
Exchange,USD,JPY,2008-08-14,110.522
Exchange,USD,JPY,2008-08-15,110.52
Exchange,USD,JPY,2008-08-16,110.545
Exchange,USD,JPY,2008-08-17,110.128
Exchange,USD,JPY,2008-08-18,109.724
Exchange,USD,JPY,2008-08-19,109.858
Exchange,USD,JPY,2008-08-20,108.436
Exchange,USD,JPY,2008-08-21,110.062
Exchange,USD,JPY,2008-08-22,110.065
Exchange,USD,JPY,2008-08-23,110.083
Exchange,USD,JPY,2008-08-24,109.307
Exchange,USD,JPY,2008-08-25,109.602
Exchange,USD,JPY,2008-08-26,109.484
Exchange,USD,JPY,2008-08-27,109.492
Exchange,USD,JPY,2008-08-28,108.812
Exchange,USD,JPY,2008-08-30,108.436
Exchange,USD,JPY,2008-08-31,108.144
Exchange,USD,JPY,2008-09-01,108.607
Exchange,USD,JPY,2008-09-02,108.29
Exchange,USD,JPY,2008-09-03,107.075
Exchange,USD,JPY,2008-09-04,107.742
Exchange,USD,JPY,2008-09-05,107.742
Exchange,USD,JPY,2008-09-06,108.7
Exchange,USD,JPY,2008-09-07,108.278
Exchange,USD,JPY,2008-09-08,106.801
Exchange,USD,JPY,2008-09-09,107.702
Exchange,USD,JPY,2008-09-10,107.173
Exchange,USD,JPY,2008-09-11,107.945
Exchange,USD,JPY,2008-09-13,105.515
Exchange,USD,JPY,2008-09-14,104.677
Exchange,USD,JPY,2008-09-15,105.65
Exchange,USD,JPY,2008-09-16,104.658
Exchange,USD,JPY,2008-09-17,105.453
Exchange,USD,JPY,2008-09-18,107.452
Exchange,USD,JPY,2008-09-19,107.472
Exchange,USD,JPY,2008-09-20,106.84
Exchange,USD,JPY,2008-09-21,105.51
Exchange,USD,JPY,2008-09-22,105.558
Exchange,USD,JPY,2008-09-23,106.113
Exchange,USD,JPY,2008-09-24,106.55
Exchange,USD,JPY,2008-09-25,106.01
Exchange,USD,JPY,2008-09-27,106.078
Exchange,USD,JPY,2008-09-28,104.17
Exchange,USD,JPY,2008-09-29,106.115
Exchange,USD,JPY,2008-09-30,105.715
Exchange,USD,JPY,2008-10-01,105.328
Exchange,USD,JPY,2008-10-02,105.32
Exchange,USD,JPY,2008-10-03,105.32
Exchange,USD,JPY,2008-10-04,104.935
Exchange,USD,JPY,2008-10-05,101.83
Exchange,USD,JPY,2008-10-06,101.48
Exchange,USD,JPY,2008-10-07,99.145
Exchange,USD,JPY,2008-10-08,99.828
Exchange,USD,JPY,2008-10-09,100.67
Exchange,USD,JPY,2008-10-10,100.67
Exchange,USD,JPY,2008-10-11,100.76
Exchange,USD,JPY,2008-10-12,102.012
Exchange,USD,JPY,2008-10-13,102.081
Exchange,USD,JPY,2008-10-14,99.95
Exchange,USD,JPY,2008-10-15,101.575
Exchange,USD,JPY,2008-10-16,101.677
Exchange,USD,JPY,2008-10-18,101.585
Exchange,USD,JPY,2008-10-19,101.885
Exchange,USD,JPY,2008-10-20,100.14
Exchange,USD,JPY,2008-10-21,97.665
Exchange,USD,JPY,2008-10-22,97.362
Exchange,USD,JPY,2008-10-23,94.305
Exchange,USD,JPY,2008-10-24,94.305
Exchange,USD,JPY,2008-10-25,93.633
Exchange,USD,JPY,2008-10-26,92.78
Exchange,USD,JPY,2008-10-27,98.025
Exchange,USD,JPY,2008-10-28,97.389
Exchange,USD,JPY,2008-10-29,98.61
Exchange,USD,JPY,2008-10-30,98.487
Exchange,USD,JPY,2008-11-01,98.645
Exchange,USD,JPY,2008-11-02,99.12
Exchange,USD,JPY,2008-11-03,99.711
Exchange,USD,JPY,2008-11-04,97.95
Exchange,USD,JPY,2008-11-05,97.752
Exchange,USD,JPY,2008-11-06,98.24
Exchange,USD,JPY,2008-11-08,99.33
Exchange,USD,JPY,2008-11-09,98.01
Exchange,USD,JPY,2008-11-10,97.651
Exchange,USD,JPY,2008-11-11,95.02
Exchange,USD,JPY,2008-11-12,97.721
Exchange,USD,JPY,2008-11-13,97.07
Exchange,USD,JPY,2008-11-15,95.933
Exchange,USD,JPY,2008-11-16,96.428
Exchange,USD,JPY,2008-11-17,97.025
Exchange,USD,JPY,2008-11-18,95.736
Exchange,USD,JPY,2008-11-19,93.7
Exchange,USD,JPY,2008-11-20,95.96
Exchange,USD,JPY,2008-11-22,95.847
Exchange,USD,JPY,2008-11-23,97.337
Exchange,USD,JPY,2008-11-24,95.239
Exchange,USD,JPY,2008-11-25,95.672
Exchange,USD,JPY,2008-11-26,95.15
Exchange,USD,JPY,2008-11-27,95.525
Exchange,USD,JPY,2008-11-28,95.525
Exchange,USD,JPY,2008-11-29,95.49
Exchange,USD,JPY,2008-11-30,93.192
Exchange,USD,JPY,2008-12-01,93.182
Exchange,USD,JPY,2008-12-02,93.3
Exchange,USD,JPY,2008-12-03,92.233
Exchange,USD,JPY,2008-12-04,92.833
Exchange,USD,JPY,2008-12-05,92.795
Exchange,USD,JPY,2008-12-06,92.855
Exchange,USD,JPY,2008-12-07,92.81
Exchange,USD,JPY,2008-12-08,92.15
Exchange,USD,JPY,2008-12-09,92.754
Exchange,USD,JPY,2008-12-10,91.465
Exchange,USD,JPY,2008-12-11,91.187
Exchange,USD,JPY,2008-12-13,91.35
Exchange,USD,JPY,2008-12-14,90.645
Exchange,USD,JPY,2008-12-15,89.055
Exchange,USD,JPY,2008-12-16,87.236
Exchange,USD,JPY,2008-12-17,89.44
Exchange,USD,JPY,2008-12-18,89.31
Exchange,USD,JPY,2008-12-20,89.12
Exchange,USD,JPY,2008-12-21,90.236
Exchange,USD,JPY,2008-12-22,90.986
Exchange,USD,JPY,2008-12-23,90.465
Exchange,USD,JPY,2008-12-24,90.35
Exchange,USD,JPY,2008-12-25,90.81
Exchange,USD,JPY,2008-12-26,90.795
Exchange,USD,JPY,2008-12-27,90.724
Exchange,USD,JPY,2008-12-28,90.68
Exchange,USD,JPY,2008-12-29,90.325
Exchange,USD,JPY,2008-12-30,90.612
Exchange,USD,JPY,2008-12-31,90.75
Exchange,USD,JPY,2009-01-01,91.828
Exchange,USD,JPY,2009-01-03,91.935
Exchange,USD,JPY,2009-01-04,93.42
Exchange,USD,JPY,2009-01-05,93.646
Exchange,USD,JPY,2009-01-06,92.65
Exchange,USD,JPY,2009-01-07,91.202
Exchange,USD,JPY,2009-01-08,90.388
Exchange,USD,JPY,2009-01-09,90.398
Exchange,USD,JPY,2009-01-10,90.133
Exchange,USD,JPY,2009-01-11,89.216
Exchange,USD,JPY,2009-01-12,89.379
Exchange,USD,JPY,2009-01-13,89.058
Exchange,USD,JPY,2009-01-14,89.84
Exchange,USD,JPY,2009-01-15,90.74
Exchange,USD,JPY,2009-01-17,90.98
Exchange,USD,JPY,2009-01-18,90.647
Exchange,USD,JPY,2009-01-19,89.762
Exchange,USD,JPY,2009-01-20,89.488
Exchange,USD,JPY,2009-01-21,88.918
Exchange,USD,JPY,2009-01-22,88.778
Exchange,USD,JPY,2009-01-24,88.748
Exchange,USD,JPY,2009-01-25,89.094
Exchange,USD,JPY,2009-01-26,88.952
Exchange,USD,JPY,2009-01-27,90.294
Exchange,USD,JPY,2009-01-28,90.036
Exchange,USD,JPY,2009-01-29,89.932
Exchange,USD,JPY,2009-01-31,90.019
Exchange,USD,JPY,2009-02-01,89.447
Exchange,USD,JPY,2009-02-02,89.442
Exchange,USD,JPY,2009-02-03,89.433
Exchange,USD,JPY,2009-02-04,91.229
Exchange,USD,JPY,2009-02-05,91.892
Exchange,USD,JPY,2009-02-07,91.782
Exchange,USD,JPY,2009-02-08,91.456
Exchange,USD,JPY,2009-02-09,90.475
Exchange,USD,JPY,2009-02-10,90.394
Exchange,USD,JPY,2009-02-11,90.942
Exchange,USD,JPY,2009-02-12,91.858
Exchange,USD,JPY,2009-02-14,91.723
Exchange,USD,JPY,2009-02-15,91.743
Exchange,USD,JPY,2009-02-16,92.41
Exchange,USD,JPY,2009-02-17,93.781
Exchange,USD,JPY,2009-02-18,94.193
Exchange,USD,JPY,2009-02-19,93.342
Exchange,USD,JPY,2009-02-21,93.425
Exchange,USD,JPY,2009-02-22,94.612
Exchange,USD,JPY,2009-02-23,96.645
Exchange,USD,JPY,2009-02-24,97.396
Exchange,USD,JPY,2009-02-25,98.516
Exchange,USD,JPY,2009-02-26,97.59
Exchange,USD,JPY,2009-02-28,97.742
Exchange,USD,JPY,2009-03-01,97.446
Exchange,USD,JPY,2009-03-02,98.168
Exchange,USD,JPY,2009-03-03,99.156
Exchange,USD,JPY,2009-03-04,98.064
Exchange,USD,JPY,2009-03-05,98.251
Exchange,USD,JPY,2009-03-07,98.369
Exchange,USD,JPY,2009-03-08,98.848
Exchange,USD,JPY,2009-03-09,98.669
Exchange,USD,JPY,2009-03-10,97.278
Exchange,USD,JPY,2009-03-11,97.721
Exchange,USD,JPY,2009-03-12,97.963
Exchange,USD,JPY,2009-03-13,97.963
Exchange,USD,JPY,2009-03-14,98.15
Exchange,USD,JPY,2009-03-15,98.18
Exchange,USD,JPY,2009-03-16,98.584
Exchange,USD,JPY,2009-03-17,96.26
Exchange,USD,JPY,2009-03-18,94.51
Exchange,USD,JPY,2009-03-19,95.945
Exchange,USD,JPY,2009-03-20,95.945
Exchange,USD,JPY,2009-03-21,95.655
Exchange,USD,JPY,2009-03-22,96.96
Exchange,USD,JPY,2009-03-23,97.868
Exchange,USD,JPY,2009-03-24,97.546
Exchange,USD,JPY,2009-03-25,98.724
Exchange,USD,JPY,2009-03-26,97.871
Exchange,USD,JPY,2009-03-27,97.863
Exchange,USD,JPY,2009-03-28,98.05
Exchange,USD,JPY,2009-03-29,97.256
Exchange,USD,JPY,2009-03-30,98.956
Exchange,USD,JPY,2009-03-31,98.519
Exchange,USD,JPY,2009-04-01,99.527
Exchange,USD,JPY,2009-04-02,100.314
Exchange,USD,JPY,2009-04-04,100.156
Exchange,USD,JPY,2009-04-05,100.995
Exchange,USD,JPY,2009-04-06,100.412
Exchange,USD,JPY,2009-04-07,99.742
Exchange,USD,JPY,2009-04-08,100.42
Exchange,USD,JPY,2009-04-09,100.25
Exchange,USD,JPY,2009-04-11,100.353
Exchange,USD,JPY,2009-04-12,100.093
Exchange,USD,JPY,2009-04-13,98.986
Exchange,USD,JPY,2009-04-14,99.377
Exchange,USD,JPY,2009-04-15,99.269
Exchange,USD,JPY,2009-04-16,99.161
Exchange,USD,JPY,2009-04-18,99.216
Exchange,USD,JPY,2009-04-19,97.888
Exchange,USD,JPY,2009-04-20,98.73
Exchange,USD,JPY,2009-04-21,98.016
Exchange,USD,JPY,2009-04-22,97.948
Exchange,USD,JPY,2009-04-23,97.168
Exchange,USD,JPY,2009-04-25,96.809
Exchange,USD,JPY,2009-04-26,96.772
Exchange,USD,JPY,2009-04-27,96.448
Exchange,USD,JPY,2009-04-28,97.656
Exchange,USD,JPY,2009-04-29,98.63
Exchange,USD,JPY,2009-04-30,99.114
Exchange,USD,JPY,2009-05-01,99.162
Exchange,USD,JPY,2009-05-02,99.251
Exchange,USD,JPY,2009-05-03,98.79
Exchange,USD,JPY,2009-05-04,98.812
Exchange,USD,JPY,2009-05-05,98.32
Exchange,USD,JPY,2009-05-06,99.111
Exchange,USD,JPY,2009-05-07,98.462
Exchange,USD,JPY,2009-05-09,98.645
Exchange,USD,JPY,2009-05-10,97.486
Exchange,USD,JPY,2009-05-11,96.448
Exchange,USD,JPY,2009-05-12,95.307
Exchange,USD,JPY,2009-05-13,95.802
Exchange,USD,JPY,2009-05-14,95.208
Exchange,USD,JPY,2009-05-16,94.896
Exchange,USD,JPY,2009-05-17,96.306
Exchange,USD,JPY,2009-05-18,95.963
Exchange,USD,JPY,2009-05-19,94.89
Exchange,USD,JPY,2009-05-20,94.41
Exchange,USD,JPY,2009-05-21,94.788
Exchange,USD,JPY,2009-05-22,94.778
Exchange,USD,JPY,2009-05-23,94.65
Exchange,USD,JPY,2009-05-24,94.828
Exchange,USD,JPY,2009-05-25,95.026
Exchange,USD,JPY,2009-05-26,95.344
Exchange,USD,JPY,2009-05-27,96.872
Exchange,USD,JPY,2009-05-28,95.35
Exchange,USD,JPY,2009-05-29,95.342
Exchange,USD,JPY,2009-05-30,95.159
Exchange,USD,JPY,2009-05-31,96.552
Exchange,USD,JPY,2009-06-01,95.77
Exchange,USD,JPY,2009-06-02,95.988
Exchange,USD,JPY,2009-06-03,96.572
Exchange,USD,JPY,2009-06-04,98.66
Exchange,USD,JPY,2009-06-06,98.6
Exchange,USD,JPY,2009-06-07,98.484
Exchange,USD,JPY,2009-06-08,97.386
Exchange,USD,JPY,2009-06-09,98.114
Exchange,USD,JPY,2009-06-10,97.632
Exchange,USD,JPY,2009-06-11,98.414
Exchange,USD,JPY,2009-06-13,98.428
Exchange,USD,JPY,2009-06-14,97.832
Exchange,USD,JPY,2009-06-15,96.387
Exchange,USD,JPY,2009-06-16,95.75
Exchange,USD,JPY,2009-06-17,96.508
Exchange,USD,JPY,2009-06-18,96.276
Exchange,USD,JPY,2009-06-19,96.273
Exchange,USD,JPY,2009-06-20,96.189
Exchange,USD,JPY,2009-06-21,95.865
Exchange,USD,JPY,2009-06-22,95.218
Exchange,USD,JPY,2009-06-23,95.656
Exchange,USD,JPY,2009-06-24,95.956
Exchange,USD,JPY,2009-06-25,95.192
Exchange,USD,JPY,2009-06-26,95.192
Exchange,USD,JPY,2009-06-27,95.13
Exchange,USD,JPY,2009-06-28,96.059
Exchange,USD,JPY,2009-06-29,96.357
Exchange,USD,JPY,2009-06-30,96.657
Exchange,USD,JPY,2009-07-01,95.94
Exchange,USD,JPY,2009-07-02,96.04
Exchange,USD,JPY,2009-07-04,96.121
Exchange,USD,JPY,2009-07-05,95.354
Exchange,USD,JPY,2009-07-06,94.894
Exchange,USD,JPY,2009-07-07,92.888
Exchange,USD,JPY,2009-07-08,93.002
Exchange,USD,JPY,2009-07-09,92.574
Exchange,USD,JPY,2009-07-11,92.377
Exchange,USD,JPY,2009-07-12,92.98
Exchange,USD,JPY,2009-07-13,93.509
Exchange,USD,JPY,2009-07-14,94.227
Exchange,USD,JPY,2009-07-15,93.927
Exchange,USD,JPY,2009-07-16,94.189
Exchange,USD,JPY,2009-07-18,94.26
Exchange,USD,JPY,2009-07-19,94.195
Exchange,USD,JPY,2009-07-20,93.75
Exchange,USD,JPY,2009-07-21,93.67
Exchange,USD,JPY,2009-07-22,94.939
Exchange,USD,JPY,2009-07-23,94.799
Exchange,USD,JPY,2009-07-25,94.849
Exchange,USD,JPY,2009-07-26,95.184
Exchange,USD,JPY,2009-07-27,94.546
Exchange,USD,JPY,2009-07-28,94.99
Exchange,USD,JPY,2009-07-29,95.556
Exchange,USD,JPY,2009-07-30,94.684
Exchange,USD,JPY,2009-08-01,94.775
Exchange,USD,JPY,2009-08-02,95.261
Exchange,USD,JPY,2009-08-03,95.236
Exchange,USD,JPY,2009-08-04,94.969
Exchange,USD,JPY,2009-08-05,95.46
Exchange,USD,JPY,2009-08-06,97.565
Exchange,USD,JPY,2009-08-07,97.565
Exchange,USD,JPY,2009-08-08,97.656
Exchange,USD,JPY,2009-08-09,97.152
Exchange,USD,JPY,2009-08-10,95.99
Exchange,USD,JPY,2009-08-11,96.051
Exchange,USD,JPY,2009-08-12,95.483
Exchange,USD,JPY,2009-08-13,94.937
Exchange,USD,JPY,2009-08-15,94.731
Exchange,USD,JPY,2009-08-16,94.51
Exchange,USD,JPY,2009-08-17,94.69
Exchange,USD,JPY,2009-08-18,94.078
Exchange,USD,JPY,2009-08-19,94.194
Exchange,USD,JPY,2009-08-20,94.385
Exchange,USD,JPY,2009-08-22,94.374
Exchange,USD,JPY,2009-08-23,94.558
Exchange,USD,JPY,2009-08-24,94.185
Exchange,USD,JPY,2009-08-25,94.264
Exchange,USD,JPY,2009-08-26,93.53
Exchange,USD,JPY,2009-08-27,93.59
Exchange,USD,JPY,2009-08-29,93.268
Exchange,USD,JPY,2009-08-30,93.13
Exchange,USD,JPY,2009-08-31,92.922
Exchange,USD,JPY,2009-09-01,92.21
Exchange,USD,JPY,2009-09-02,92.637
Exchange,USD,JPY,2009-09-03,93.007
Exchange,USD,JPY,2009-09-05,92.973
Exchange,USD,JPY,2009-09-06,93.077
Exchange,USD,JPY,2009-09-07,92.318
Exchange,USD,JPY,2009-09-08,92.034
Exchange,USD,JPY,2009-09-09,91.739
Exchange,USD,JPY,2009-09-10,90.717
Exchange,USD,JPY,2009-09-11,90.723
Exchange,USD,JPY,2009-09-12,90.303
Exchange,USD,JPY,2009-09-13,90.934
Exchange,USD,JPY,2009-09-14,91.03
Exchange,USD,JPY,2009-09-15,90.938
Exchange,USD,JPY,2009-09-16,91.084
Exchange,USD,JPY,2009-09-17,91.297
Exchange,USD,JPY,2009-09-18,91.291
Exchange,USD,JPY,2009-09-19,91.329
Exchange,USD,JPY,2009-09-20,91.925
Exchange,USD,JPY,2009-09-21,91.096
Exchange,USD,JPY,2009-09-22,91.275
Exchange,USD,JPY,2009-09-23,91.265
Exchange,USD,JPY,2009-09-24,89.641
Exchange,USD,JPY,2009-09-25,89.66
Exchange,USD,JPY,2009-09-26,89.544
Exchange,USD,JPY,2009-09-27,89.63
Exchange,USD,JPY,2009-09-28,90.085
Exchange,USD,JPY,2009-09-29,89.713
Exchange,USD,JPY,2009-09-30,89.604
Exchange,USD,JPY,2009-10-01,89.804
Exchange,USD,JPY,2009-10-02,89.803
Exchange,USD,JPY,2009-10-03,89.357
Exchange,USD,JPY,2009-10-04,89.55
Exchange,USD,JPY,2009-10-05,88.822
Exchange,USD,JPY,2009-10-06,88.598
Exchange,USD,JPY,2009-10-07,88.394
Exchange,USD,JPY,2009-10-08,89.777
Exchange,USD,JPY,2009-10-09,89.743
Exchange,USD,JPY,2009-10-10,89.543
Exchange,USD,JPY,2009-10-11,89.828
Exchange,USD,JPY,2009-10-12,89.705
Exchange,USD,JPY,2009-10-13,89.445
Exchange,USD,JPY,2009-10-14,90.553
Exchange,USD,JPY,2009-10-15,90.887
Exchange,USD,JPY,2009-10-16,90.884
Exchange,USD,JPY,2009-10-17,91.069
Exchange,USD,JPY,2009-10-18,90.549
Exchange,USD,JPY,2009-10-19,90.768
Exchange,USD,JPY,2009-10-20,90.987
Exchange,USD,JPY,2009-10-21,91.287
Exchange,USD,JPY,2009-10-22,92.055
Exchange,USD,JPY,2009-10-24,92.145
Exchange,USD,JPY,2009-10-25,92.195
Exchange,USD,JPY,2009-10-26,91.792
Exchange,USD,JPY,2009-10-27,90.754
Exchange,USD,JPY,2009-10-28,91.413
Exchange,USD,JPY,2009-10-29,90.091
Exchange,USD,JPY,2009-10-31,89.669
Exchange,USD,JPY,2009-11-01,90.215
Exchange,USD,JPY,2009-11-02,90.334
Exchange,USD,JPY,2009-11-03,90.726
Exchange,USD,JPY,2009-11-04,90.716
Exchange,USD,JPY,2009-11-05,89.877
Exchange,USD,JPY,2009-11-06,89.888
Exchange,USD,JPY,2009-11-07,90.016
Exchange,USD,JPY,2009-11-08,89.928
Exchange,USD,JPY,2009-11-09,89.804
Exchange,USD,JPY,2009-11-10,89.89
Exchange,USD,JPY,2009-11-11,90.37
Exchange,USD,JPY,2009-11-12,89.656
Exchange,USD,JPY,2009-11-13,89.634
Exchange,USD,JPY,2009-11-14,89.583
Exchange,USD,JPY,2009-11-15,89.048
Exchange,USD,JPY,2009-11-16,89.252
Exchange,USD,JPY,2009-11-17,89.31
Exchange,USD,JPY,2009-11-18,88.974
Exchange,USD,JPY,2009-11-19,88.885
Exchange,USD,JPY,2009-11-20,88.888
Exchange,USD,JPY,2009-11-21,88.833
Exchange,USD,JPY,2009-11-22,88.974
Exchange,USD,JPY,2009-11-23,88.496
Exchange,USD,JPY,2009-11-24,87.349
Exchange,USD,JPY,2009-11-25,86.584
Exchange,USD,JPY,2009-11-26,86.535
Exchange,USD,JPY,2009-11-27,86.546
Exchange,USD,JPY,2009-11-28,86.626
Exchange,USD,JPY,2009-11-29,86.404
Exchange,USD,JPY,2009-11-30,86.69
Exchange,USD,JPY,2009-12-01,87.381
Exchange,USD,JPY,2009-12-02,88.267
Exchange,USD,JPY,2009-12-03,90.552
Exchange,USD,JPY,2009-12-04,90.56
Exchange,USD,JPY,2009-12-05,90.182
Exchange,USD,JPY,2009-12-06,89.51
Exchange,USD,JPY,2009-12-07,88.428
Exchange,USD,JPY,2009-12-08,87.87
Exchange,USD,JPY,2009-12-09,88.204
Exchange,USD,JPY,2009-12-10,89.102
Exchange,USD,JPY,2009-12-11,89.072
Exchange,USD,JPY,2009-12-12,88.964
Exchange,USD,JPY,2009-12-13,88.62
Exchange,USD,JPY,2009-12-14,89.609
Exchange,USD,JPY,2009-12-15,89.782
Exchange,USD,JPY,2009-12-16,89.965
Exchange,USD,JPY,2009-12-17,90.499
Exchange,USD,JPY,2009-12-18,90.483
Exchange,USD,JPY,2009-12-19,90.277
Exchange,USD,JPY,2009-12-20,91.178
Exchange,USD,JPY,2009-12-21,91.839
Exchange,USD,JPY,2009-12-22,91.635
Exchange,USD,JPY,2009-12-23,91.552
Exchange,USD,JPY,2009-12-24,91.373
Exchange,USD,JPY,2009-12-26,91.433
Exchange,USD,JPY,2009-12-27,91.633
Exchange,USD,JPY,2009-12-28,92.001
Exchange,USD,JPY,2009-12-29,92.439
Exchange,USD,JPY,2009-12-30,93.026
Exchange,USD,JPY,2009-12-31,93.047
Exchange,USD,JPY,2010-01-02,92.986
Exchange,USD,JPY,2010-01-03,92.509
Exchange,USD,JPY,2010-01-04,91.704
Exchange,USD,JPY,2010-01-05,92.32
Exchange,USD,JPY,2010-01-06,93.368
Exchange,USD,JPY,2010-01-07,92.661
Exchange,USD,JPY,2010-01-08,92.664
Exchange,USD,JPY,2010-01-09,92.591
Exchange,USD,JPY,2010-01-10,92.091
Exchange,USD,JPY,2010-01-11,90.977
Exchange,USD,JPY,2010-01-12,91.377
Exchange,USD,JPY,2010-01-13,91.209
Exchange,USD,JPY,2010-01-14,90.773
Exchange,USD,JPY,2010-01-16,90.773
Exchange,USD,JPY,2010-01-17,90.78
Exchange,USD,JPY,2010-01-18,91.148
Exchange,USD,JPY,2010-01-19,91.237
Exchange,USD,JPY,2010-01-20,90.437
Exchange,USD,JPY,2010-01-21,89.828
Exchange,USD,JPY,2010-01-22,89.83
Exchange,USD,JPY,2010-01-23,90.26
Exchange,USD,JPY,2010-01-24,90.281
Exchange,USD,JPY,2010-01-25,89.657
Exchange,USD,JPY,2010-01-26,90.006
Exchange,USD,JPY,2010-01-27,89.916
Exchange,USD,JPY,2010-01-28,90.266
Exchange,USD,JPY,2010-01-29,90.273
Exchange,USD,JPY,2010-01-30,89.906
Exchange,USD,JPY,2010-01-31,90.615
Exchange,USD,JPY,2010-02-01,90.386
Exchange,USD,JPY,2010-02-02,90.977
Exchange,USD,JPY,2010-02-03,89.043
Exchange,USD,JPY,2010-02-04,89.249
Exchange,USD,JPY,2010-02-05,89.244
Exchange,USD,JPY,2010-02-06,89.506
Exchange,USD,JPY,2010-02-07,89.258
Exchange,USD,JPY,2010-02-08,89.69
Exchange,USD,JPY,2010-02-09,89.943
Exchange,USD,JPY,2010-02-10,89.763
Exchange,USD,JPY,2010-02-11,89.954
Exchange,USD,JPY,2010-02-12,89.93
Exchange,USD,JPY,2010-02-13,90.125
Exchange,USD,JPY,2010-02-14,90.009
Exchange,USD,JPY,2010-02-15,90.144
Exchange,USD,JPY,2010-02-16,91.257
Exchange,USD,JPY,2010-02-17,91.813
Exchange,USD,JPY,2010-02-18,91.513
Exchange,USD,JPY,2010-02-19,91.519
Exchange,USD,JPY,2010-02-20,91.464
Exchange,USD,JPY,2010-02-21,91.141
Exchange,USD,JPY,2010-02-22,90.217
Exchange,USD,JPY,2010-02-23,90.148
Exchange,USD,JPY,2010-02-24,89.078
Exchange,USD,JPY,2010-02-25,88.97
Exchange,USD,JPY,2010-02-26,88.946
Exchange,USD,JPY,2010-02-27,88.86
Exchange,USD,JPY,2010-02-28,89.124
Exchange,USD,JPY,2010-03-01,88.855
Exchange,USD,JPY,2010-03-02,88.465
Exchange,USD,JPY,2010-03-03,89.02
Exchange,USD,JPY,2010-03-04,90.282
Exchange,USD,JPY,2010-03-05,90.225
Exchange,USD,JPY,2010-03-06,90.464
Exchange,USD,JPY,2010-03-07,90.305
Exchange,USD,JPY,2010-03-08,89.965
Exchange,USD,JPY,2010-03-09,90.512
Exchange,USD,JPY,2010-03-10,90.507
Exchange,USD,JPY,2010-03-11,90.557
Exchange,USD,JPY,2010-03-12,90.56
Exchange,USD,JPY,2010-03-13,90.839
Exchange,USD,JPY,2010-03-14,90.526
Exchange,USD,JPY,2010-03-15,90.303
Exchange,USD,JPY,2010-03-16,90.302
Exchange,USD,JPY,2010-03-17,90.382
Exchange,USD,JPY,2010-03-18,90.546
Exchange,USD,JPY,2010-03-19,90.563
Exchange,USD,JPY,2010-03-20,90.5
Exchange,USD,JPY,2010-03-21,90.139
Exchange,USD,JPY,2010-03-22,90.401
Exchange,USD,JPY,2010-03-23,92.309
Exchange,USD,JPY,2010-03-24,92.733
Exchange,USD,JPY,2010-03-25,92.515
Exchange,USD,JPY,2010-03-26,92.52
Exchange,USD,JPY,2010-03-27,92.467
Exchange,USD,JPY,2010-03-28,92.466
Exchange,USD,JPY,2010-03-29,92.762
Exchange,USD,JPY,2010-03-30,93.459
Exchange,USD,JPY,2010-03-31,93.823
Exchange,USD,JPY,2010-04-01,94.61
Exchange,USD,JPY,2010-04-03,94.674
Exchange,USD,JPY,2010-04-04,94.367
Exchange,USD,JPY,2010-04-05,93.793
Exchange,USD,JPY,2010-04-06,93.353
Exchange,USD,JPY,2010-04-07,93.382
Exchange,USD,JPY,2010-04-08,93.18
Exchange,USD,JPY,2010-04-09,93.185
Exchange,USD,JPY,2010-04-10,92.975
Exchange,USD,JPY,2010-04-11,93.237
Exchange,USD,JPY,2010-04-12,93.201
Exchange,USD,JPY,2010-04-13,93.227
Exchange,USD,JPY,2010-04-14,93.03
Exchange,USD,JPY,2010-04-15,92.176
Exchange,USD,JPY,2010-04-17,91.864
Exchange,USD,JPY,2010-04-18,92.398
Exchange,USD,JPY,2010-04-19,93.218
Exchange,USD,JPY,2010-04-20,93.186
Exchange,USD,JPY,2010-04-21,93.487
Exchange,USD,JPY,2010-04-22,93.968
Exchange,USD,JPY,2010-04-23,93.973
Exchange,USD,JPY,2010-04-24,94.004
Exchange,USD,JPY,2010-04-25,93.96
Exchange,USD,JPY,2010-04-26,93.262
Exchange,USD,JPY,2010-04-27,94.032
Exchange,USD,JPY,2010-04-28,94.035
Exchange,USD,JPY,2010-04-29,93.853
Exchange,USD,JPY,2010-04-30,93.835
Exchange,USD,JPY,2010-05-01,93.87
Exchange,USD,JPY,2010-05-02,94.535
Exchange,USD,JPY,2010-05-03,94.537
Exchange,USD,JPY,2010-05-04,93.811
Exchange,USD,JPY,2010-05-05,90.553
Exchange,USD,JPY,2010-05-06,91.597
Exchange,USD,JPY,2010-05-07,91.525
Exchange,USD,JPY,2010-05-08,92.434
Exchange,USD,JPY,2010-05-09,93.303
Exchange,USD,JPY,2010-05-10,92.648
Exchange,USD,JPY,2010-05-11,93.245
Exchange,USD,JPY,2010-05-12,92.752
Exchange,USD,JPY,2010-05-13,92.461
Exchange,USD,JPY,2010-05-14,92.46
Exchange,USD,JPY,2010-05-15,92.257
Exchange,USD,JPY,2010-05-16,92.587
Exchange,USD,JPY,2010-05-17,92.23
Exchange,USD,JPY,2010-05-18,91.707
Exchange,USD,JPY,2010-05-19,89.685
Exchange,USD,JPY,2010-05-20,90.004
Exchange,USD,JPY,2010-05-21,90.015
Exchange,USD,JPY,2010-05-22,90.315
Exchange,USD,JPY,2010-05-23,90.29
Exchange,USD,JPY,2010-05-24,90.232
Exchange,USD,JPY,2010-05-25,89.924
Exchange,USD,JPY,2010-05-26,91.044
Exchange,USD,JPY,2010-05-27,91.066
Exchange,USD,JPY,2010-05-29,90.995
Exchange,USD,JPY,2010-05-30,91.266
Exchange,USD,JPY,2010-05-31,90.944
Exchange,USD,JPY,2010-06-01,92.129
Exchange,USD,JPY,2010-06-02,92.71
Exchange,USD,JPY,2010-06-03,91.912
Exchange,USD,JPY,2010-06-04,91.989
Exchange,USD,JPY,2010-06-05,91.771
Exchange,USD,JPY,2010-06-06,91.372
Exchange,USD,JPY,2010-06-07,91.46
Exchange,USD,JPY,2010-06-08,91.296
Exchange,USD,JPY,2010-06-09,91.333
Exchange,USD,JPY,2010-06-10,91.652
Exchange,USD,JPY,2010-06-12,91.875
Exchange,USD,JPY,2010-06-13,91.575
Exchange,USD,JPY,2010-06-14,91.449
Exchange,USD,JPY,2010-06-15,91.439
Exchange,USD,JPY,2010-06-16,91.004
Exchange,USD,JPY,2010-06-17,90.703
Exchange,USD,JPY,2010-06-18,90.713
Exchange,USD,JPY,2010-06-19,90.339
Exchange,USD,JPY,2010-06-20,91.105
Exchange,USD,JPY,2010-06-21,90.568
Exchange,USD,JPY,2010-06-22,89.817
Exchange,USD,JPY,2010-06-23,89.607
Exchange,USD,JPY,2010-06-24,89.234
Exchange,USD,JPY,2010-06-25,89.225
Exchange,USD,JPY,2010-06-26,89.307
Exchange,USD,JPY,2010-06-27,89.368
Exchange,USD,JPY,2010-06-28,88.599
Exchange,USD,JPY,2010-06-29,88.434
Exchange,USD,JPY,2010-06-30,87.6
Exchange,USD,JPY,2010-07-01,87.751
Exchange,USD,JPY,2010-07-03,87.712
Exchange,USD,JPY,2010-07-04,87.769
Exchange,USD,JPY,2010-07-05,87.522
Exchange,USD,JPY,2010-07-06,87.706
Exchange,USD,JPY,2010-07-07,88.349
Exchange,USD,JPY,2010-07-08,88.611
Exchange,USD,JPY,2010-07-09,88.6
Exchange,USD,JPY,2010-07-10,88.748
Exchange,USD,JPY,2010-07-11,88.588
Exchange,USD,JPY,2010-07-12,88.732
Exchange,USD,JPY,2010-07-13,88.405
Exchange,USD,JPY,2010-07-14,87.392
Exchange,USD,JPY,2010-07-15,86.565
Exchange,USD,JPY,2010-07-16,86.586
Exchange,USD,JPY,2010-07-17,86.523
Exchange,USD,JPY,2010-07-18,86.695
Exchange,USD,JPY,2010-07-19,87.506
Exchange,USD,JPY,2010-07-20,87.049
Exchange,USD,JPY,2010-07-21,86.945
Exchange,USD,JPY,2010-07-22,87.446
Exchange,USD,JPY,2010-07-23,87.488
Exchange,USD,JPY,2010-07-24,87.495
Exchange,USD,JPY,2010-07-25,86.877
Exchange,USD,JPY,2010-07-26,87.909
Exchange,USD,JPY,2010-07-27,87.468
Exchange,USD,JPY,2010-07-28,86.788
Exchange,USD,JPY,2010-07-29,86.467
Exchange,USD,JPY,2010-07-30,86.469
Exchange,USD,JPY,2010-07-31,86.349
Exchange,USD,JPY,2010-08-01,86.498
Exchange,USD,JPY,2010-08-02,85.789
Exchange,USD,JPY,2010-08-03,86.27
Exchange,USD,JPY,2010-08-04,85.825
Exchange,USD,JPY,2010-08-05,85.511
Exchange,USD,JPY,2010-08-06,85.521
Exchange,USD,JPY,2010-08-07,85.397
Exchange,USD,JPY,2010-08-08,85.936
Exchange,USD,JPY,2010-08-09,85.445
Exchange,USD,JPY,2010-08-10,85.323
Exchange,USD,JPY,2010-08-11,85.906
Exchange,USD,JPY,2010-08-12,86.183
Exchange,USD,JPY,2010-08-13,86.202
Exchange,USD,JPY,2010-08-14,86.182
Exchange,USD,JPY,2010-08-15,85.329
Exchange,USD,JPY,2010-08-16,85.527
Exchange,USD,JPY,2010-08-17,85.459
Exchange,USD,JPY,2010-08-18,85.395
Exchange,USD,JPY,2010-08-19,85.613
Exchange,USD,JPY,2010-08-20,85.632
Exchange,USD,JPY,2010-08-21,85.587
Exchange,USD,JPY,2010-08-22,85.157
Exchange,USD,JPY,2010-08-23,83.911
Exchange,USD,JPY,2010-08-24,84.571
Exchange,USD,JPY,2010-08-25,84.451
Exchange,USD,JPY,2010-08-26,85.23
Exchange,USD,JPY,2010-08-27,85.233
Exchange,USD,JPY,2010-08-28,85.33
Exchange,USD,JPY,2010-08-29,84.618
Exchange,USD,JPY,2010-08-30,84.197
Exchange,USD,JPY,2010-08-31,84.44
Exchange,USD,JPY,2010-09-01,84.272
Exchange,USD,JPY,2010-09-02,84.301
Exchange,USD,JPY,2010-09-03,84.299
Exchange,USD,JPY,2010-09-04,84.164
Exchange,USD,JPY,2010-09-05,84.215
Exchange,USD,JPY,2010-09-06,83.839
Exchange,USD,JPY,2010-09-07,83.878
Exchange,USD,JPY,2010-09-08,83.781
Exchange,USD,JPY,2010-09-09,84.152
Exchange,USD,JPY,2010-09-10,84.05
Exchange,USD,JPY,2010-09-11,84.236
Exchange,USD,JPY,2010-09-12,83.708
Exchange,USD,JPY,2010-09-13,83.038
Exchange,USD,JPY,2010-09-14,85.741
Exchange,USD,JPY,2010-09-15,85.781
Exchange,USD,JPY,2010-09-16,85.857
Exchange,USD,JPY,2010-09-17,85.868
Exchange,USD,JPY,2010-09-18,85.746
Exchange,USD,JPY,2010-09-19,85.69
Exchange,USD,JPY,2010-09-20,85.091
Exchange,USD,JPY,2010-09-21,84.493
Exchange,USD,JPY,2010-09-22,84.387
Exchange,USD,JPY,2010-09-23,84.21
Exchange,USD,JPY,2010-09-25,84.244
Exchange,USD,JPY,2010-09-26,84.289
Exchange,USD,JPY,2010-09-27,83.874
Exchange,USD,JPY,2010-09-28,83.703
Exchange,USD,JPY,2010-09-29,83.522
Exchange,USD,JPY,2010-09-30,83.224
Exchange,USD,JPY,2010-10-02,83.256
Exchange,USD,JPY,2010-10-03,83.358
Exchange,USD,JPY,2010-10-04,83.219
Exchange,USD,JPY,2010-10-05,82.935
Exchange,USD,JPY,2010-10-06,82.412
Exchange,USD,JPY,2010-10-07,81.927
Exchange,USD,JPY,2010-10-08,81.932
Exchange,USD,JPY,2010-10-09,81.918
Exchange,USD,JPY,2010-10-10,82.068
Exchange,USD,JPY,2010-10-11,81.718
Exchange,USD,JPY,2010-10-12,81.808
Exchange,USD,JPY,2010-10-13,81.479
Exchange,USD,JPY,2010-10-14,81.449
Exchange,USD,JPY,2010-10-16,81.384
Exchange,USD,JPY,2010-10-17,81.275
Exchange,USD,JPY,2010-10-18,81.586
Exchange,USD,JPY,2010-10-19,81.091
Exchange,USD,JPY,2010-10-20,81.33
Exchange,USD,JPY,2010-10-21,81.37
Exchange,USD,JPY,2010-10-23,81.29
Exchange,USD,JPY,2010-10-24,80.811
Exchange,USD,JPY,2010-10-25,81.437
Exchange,USD,JPY,2010-10-26,81.76
Exchange,USD,JPY,2010-10-27,81.025
Exchange,USD,JPY,2010-10-28,80.41
Exchange,USD,JPY,2010-10-29,80.383
Exchange,USD,JPY,2010-10-30,80.306
Exchange,USD,JPY,2010-10-31,80.51
Exchange,USD,JPY,2010-11-01,80.626
Exchange,USD,JPY,2010-11-02,81.078
Exchange,USD,JPY,2010-11-03,80.747
Exchange,USD,JPY,2010-11-04,81.267
Exchange,USD,JPY,2010-11-05,81.276
Exchange,USD,JPY,2010-11-06,81.245
Exchange,USD,JPY,2010-11-07,81.181
Exchange,USD,JPY,2010-11-08,81.692
Exchange,USD,JPY,2010-11-09,82.281
Exchange,USD,JPY,2010-11-10,82.493
Exchange,USD,JPY,2010-11-11,82.525
Exchange,USD,JPY,2010-11-13,82.476
Exchange,USD,JPY,2010-11-14,83.081
Exchange,USD,JPY,2010-11-15,83.289
Exchange,USD,JPY,2010-11-16,83.184
Exchange,USD,JPY,2010-11-17,83.532
Exchange,USD,JPY,2010-11-18,83.546
Exchange,USD,JPY,2010-11-19,83.551
Exchange,USD,JPY,2010-11-20,83.52
Exchange,USD,JPY,2010-11-21,83.334
Exchange,USD,JPY,2010-11-22,83.171
Exchange,USD,JPY,2010-11-23,83.537
Exchange,USD,JPY,2010-11-24,83.6
Exchange,USD,JPY,2010-11-25,84.107
Exchange,USD,JPY,2010-11-26,84.033
Exchange,USD,JPY,2010-11-27,84.06
Exchange,USD,JPY,2010-11-28,84.257
Exchange,USD,JPY,2010-11-29,83.684
Exchange,USD,JPY,2010-11-30,84.193
Exchange,USD,JPY,2010-12-01,83.822
Exchange,USD,JPY,2010-12-02,82.535
Exchange,USD,JPY,2010-12-03,82.525
Exchange,USD,JPY,2010-12-04,82.647
Exchange,USD,JPY,2010-12-05,82.655
Exchange,USD,JPY,2010-12-06,83.49
Exchange,USD,JPY,2010-12-07,84.019
Exchange,USD,JPY,2010-12-08,83.746
Exchange,USD,JPY,2010-12-09,83.951
Exchange,USD,JPY,2010-12-11,83.985
Exchange,USD,JPY,2010-12-12,83.386
Exchange,USD,JPY,2010-12-13,83.672
Exchange,USD,JPY,2010-12-14,84.244
Exchange,USD,JPY,2010-12-15,83.908
Exchange,USD,JPY,2010-12-16,83.986
Exchange,USD,JPY,2010-12-17,83.97
Exchange,USD,JPY,2010-12-18,83.95
Exchange,USD,JPY,2010-12-19,83.775
Exchange,USD,JPY,2010-12-20,83.745
Exchange,USD,JPY,2010-12-21,83.572
Exchange,USD,JPY,2010-12-22,82.91
Exchange,USD,JPY,2010-12-23,82.894
Exchange,USD,JPY,2010-12-24,82.907
Exchange,USD,JPY,2010-12-25,82.806
Exchange,USD,JPY,2010-12-26,82.82
Exchange,USD,JPY,2010-12-27,82.388
Exchange,USD,JPY,2010-12-28,81.615
Exchange,USD,JPY,2010-12-29,81.529
Exchange,USD,JPY,2010-12-30,81.138
Exchange,USD,JPY,2010-12-31,81.18
Exchange,USD,JPY,2011-01-01,81.233
Exchange,USD,JPY,2011-01-02,81.74
Exchange,USD,JPY,2011-01-03,82.033
Exchange,USD,JPY,2011-01-04,83.249
Exchange,USD,JPY,2011-01-05,83.331
Exchange,USD,JPY,2011-01-06,83.155
Exchange,USD,JPY,2011-01-08,83.225
Exchange,USD,JPY,2011-01-09,82.707
Exchange,USD,JPY,2011-01-10,83.243
Exchange,USD,JPY,2011-01-11,82.996
Exchange,USD,JPY,2011-01-12,82.816
Exchange,USD,JPY,2011-01-13,82.867
Exchange,USD,JPY,2011-01-14,82.87
Exchange,USD,JPY,2011-01-15,82.798
Exchange,USD,JPY,2011-01-16,82.678
Exchange,USD,JPY,2011-01-17,82.551
Exchange,USD,JPY,2011-01-18,82.022
Exchange,USD,JPY,2011-01-19,83.007
Exchange,USD,JPY,2011-01-20,82.569
Exchange,USD,JPY,2011-01-21,82.574
Exchange,USD,JPY,2011-01-22,82.561
Exchange,USD,JPY,2011-01-23,82.525
Exchange,USD,JPY,2011-01-24,82.25
Exchange,USD,JPY,2011-01-25,82.162
Exchange,USD,JPY,2011-01-26,82.926
Exchange,USD,JPY,2011-01-27,82.125
Exchange,USD,JPY,2011-01-28,82.125
Exchange,USD,JPY,2011-01-29,82.006
Exchange,USD,JPY,2011-01-30,82.042
Exchange,USD,JPY,2011-01-31,81.354
Exchange,USD,JPY,2011-02-01,81.56
Exchange,USD,JPY,2011-02-02,81.624
Exchange,USD,JPY,2011-02-03,82.181
Exchange,USD,JPY,2011-02-04,82.19
Exchange,USD,JPY,2011-02-05,82.174
Exchange,USD,JPY,2011-02-06,82.328
Exchange,USD,JPY,2011-02-07,82.365
Exchange,USD,JPY,2011-02-08,82.358
Exchange,USD,JPY,2011-02-09,83.225
Exchange,USD,JPY,2011-02-10,83.434
Exchange,USD,JPY,2011-02-11,83.434
Exchange,USD,JPY,2011-02-12,83.492
Exchange,USD,JPY,2011-02-13,83.326
Exchange,USD,JPY,2011-02-14,83.769
Exchange,USD,JPY,2011-02-15,83.681
Exchange,USD,JPY,2011-02-16,83.308
Exchange,USD,JPY,2011-02-17,83.18
Exchange,USD,JPY,2011-02-18,83.18
Exchange,USD,JPY,2011-02-19,83.091
Exchange,USD,JPY,2011-02-20,83.143
Exchange,USD,JPY,2011-02-21,82.769
Exchange,USD,JPY,2011-02-22,82.511
Exchange,USD,JPY,2011-02-23,81.895
Exchange,USD,JPY,2011-02-24,81.679
Exchange,USD,JPY,2011-02-25,81.677
Exchange,USD,JPY,2011-02-26,81.688
Exchange,USD,JPY,2011-02-27,81.782
Exchange,USD,JPY,2011-02-28,81.846
Exchange,USD,JPY,2011-03-01,81.876
Exchange,USD,JPY,2011-03-02,82.446
Exchange,USD,JPY,2011-03-03,82.314
Exchange,USD,JPY,2011-03-04,82.314
Exchange,USD,JPY,2011-03-05,82.334
Exchange,USD,JPY,2011-03-06,82.241
Exchange,USD,JPY,2011-03-07,82.669
Exchange,USD,JPY,2011-03-08,82.742
Exchange,USD,JPY,2011-03-09,82.98
Exchange,USD,JPY,2011-03-10,81.877
Exchange,USD,JPY,2011-03-11,81.852
Exchange,USD,JPY,2011-03-12,81.659
Exchange,USD,JPY,2011-03-13,81.629
Exchange,USD,JPY,2011-03-14,80.721
Exchange,USD,JPY,2011-03-15,79.594
Exchange,USD,JPY,2011-03-16,78.898
Exchange,USD,JPY,2011-03-17,80.582
Exchange,USD,JPY,2011-03-18,80.591
Exchange,USD,JPY,2011-03-19,80.891
Exchange,USD,JPY,2011-03-20,81.042
Exchange,USD,JPY,2011-03-21,80.961
Exchange,USD,JPY,2011-03-22,80.914
Exchange,USD,JPY,2011-03-23,80.977
Exchange,USD,JPY,2011-03-24,81.33
Exchange,USD,JPY,2011-03-25,81.33
Exchange,USD,JPY,2011-03-26,81.408
Exchange,USD,JPY,2011-03-27,81.695
Exchange,USD,JPY,2011-03-28,82.475
Exchange,USD,JPY,2011-03-29,82.894
Exchange,USD,JPY,2011-03-30,83.134
Exchange,USD,JPY,2011-03-31,84.055
Exchange,USD,JPY,2011-04-01,84.065
Exchange,USD,JPY,2011-04-02,84.205
Exchange,USD,JPY,2011-04-03,84.058
Exchange,USD,JPY,2011-04-04,84.868
Exchange,USD,JPY,2011-04-05,85.49
Exchange,USD,JPY,2011-04-06,84.91
Exchange,USD,JPY,2011-04-07,84.765
Exchange,USD,JPY,2011-04-08,84.793
Exchange,USD,JPY,2011-04-09,84.864
Exchange,USD,JPY,2011-04-10,84.6
Exchange,USD,JPY,2011-04-11,83.577
Exchange,USD,JPY,2011-04-12,83.838
Exchange,USD,JPY,2011-04-13,83.498
Exchange,USD,JPY,2011-04-14,83.131
Exchange,USD,JPY,2011-04-15,83.131
Exchange,USD,JPY,2011-04-16,83.227
Exchange,USD,JPY,2011-04-17,82.656
Exchange,USD,JPY,2011-04-18,82.588
Exchange,USD,JPY,2011-04-19,82.558
Exchange,USD,JPY,2011-04-20,81.852
Exchange,USD,JPY,2011-04-21,81.848
Exchange,USD,JPY,2011-04-22,81.848
Exchange,USD,JPY,2011-04-23,81.826
Exchange,USD,JPY,2011-04-24,81.832
Exchange,USD,JPY,2011-04-25,81.555
Exchange,USD,JPY,2011-04-26,82.15
Exchange,USD,JPY,2011-04-27,81.534
Exchange,USD,JPY,2011-04-28,81.217
Exchange,USD,JPY,2011-04-29,81.217
Exchange,USD,JPY,2011-04-30,81.217
Exchange,USD,JPY,2011-05-01,81.229
Exchange,USD,JPY,2011-05-02,80.935
Exchange,USD,JPY,2011-05-03,80.615
Exchange,USD,JPY,2011-05-04,80.081
Exchange,USD,JPY,2011-05-05,80.629
Exchange,USD,JPY,2011-05-06,80.629
Exchange,USD,JPY,2011-05-07,80.626
Exchange,USD,JPY,2011-05-08,80.362
Exchange,USD,JPY,2011-05-09,80.88
Exchange,USD,JPY,2011-05-10,81.05
Exchange,USD,JPY,2011-05-11,80.942
Exchange,USD,JPY,2011-05-12,80.793
Exchange,USD,JPY,2011-05-13,80.793
Exchange,USD,JPY,2011-05-14,80.878
Exchange,USD,JPY,2011-05-15,80.791
Exchange,USD,JPY,2011-05-16,81.416
Exchange,USD,JPY,2011-05-17,81.683
Exchange,USD,JPY,2011-05-18,81.607
Exchange,USD,JPY,2011-05-19,81.699
Exchange,USD,JPY,2011-05-20,81.699
Exchange,USD,JPY,2011-05-21,81.793
Exchange,USD,JPY,2011-05-22,82.005
Exchange,USD,JPY,2011-05-23,81.955
Exchange,USD,JPY,2011-05-24,81.969
Exchange,USD,JPY,2011-05-25,81.291
Exchange,USD,JPY,2011-05-26,80.796
Exchange,USD,JPY,2011-05-27,80.796
Exchange,USD,JPY,2011-05-28,80.742
Exchange,USD,JPY,2011-05-29,80.939
Exchange,USD,JPY,2011-05-30,81.526
Exchange,USD,JPY,2011-05-31,80.95
Exchange,USD,JPY,2011-06-01,80.892
Exchange,USD,JPY,2011-06-02,80.282
Exchange,USD,JPY,2011-06-03,80.282
Exchange,USD,JPY,2011-06-04,80.234
Exchange,USD,JPY,2011-06-05,80.102
Exchange,USD,JPY,2011-06-06,80.094
Exchange,USD,JPY,2011-06-07,79.891
Exchange,USD,JPY,2011-06-08,80.365
Exchange,USD,JPY,2011-06-09,80.325
Exchange,USD,JPY,2011-06-10,80.325
Exchange,USD,JPY,2011-06-11,80.303
Exchange,USD,JPY,2011-06-12,80.241
Exchange,USD,JPY,2011-06-13,80.486
Exchange,USD,JPY,2011-06-14,80.957
Exchange,USD,JPY,2011-06-15,80.625
Exchange,USD,JPY,2011-06-16,80.045
Exchange,USD,JPY,2011-06-17,80.045
Exchange,USD,JPY,2011-06-18,80.148
Exchange,USD,JPY,2011-06-19,80.277
Exchange,USD,JPY,2011-06-20,80.212
Exchange,USD,JPY,2011-06-21,80.297
Exchange,USD,JPY,2011-06-22,80.511
Exchange,USD,JPY,2011-06-23,80.44
Exchange,USD,JPY,2011-06-24,80.457
Exchange,USD,JPY,2011-06-25,80.326
Exchange,USD,JPY,2011-06-26,80.892
Exchange,USD,JPY,2011-06-27,81.124
Exchange,USD,JPY,2011-06-28,80.779
Exchange,USD,JPY,2011-06-29,80.568
Exchange,USD,JPY,2011-06-30,80.83
Exchange,USD,JPY,2011-07-01,80.83
Exchange,USD,JPY,2011-07-02,80.822
Exchange,USD,JPY,2011-07-03,80.801
Exchange,USD,JPY,2011-07-04,81.07
Exchange,USD,JPY,2011-07-05,80.915
Exchange,USD,JPY,2011-07-06,81.245
Exchange,USD,JPY,2011-07-07,80.629
Exchange,USD,JPY,2011-07-08,80.629
Exchange,USD,JPY,2011-07-09,80.549
Exchange,USD,JPY,2011-07-10,80.262
Exchange,USD,JPY,2011-07-11,79.242
Exchange,USD,JPY,2011-07-12,78.977
Exchange,USD,JPY,2011-07-13,79.138
Exchange,USD,JPY,2011-07-14,79.13
Exchange,USD,JPY,2011-07-15,79.13
Exchange,USD,JPY,2011-07-16,79.111
Exchange,USD,JPY,2011-07-17,79.04
Exchange,USD,JPY,2011-07-18,79.18
Exchange,USD,JPY,2011-07-19,78.778
Exchange,USD,JPY,2011-07-20,78.303
Exchange,USD,JPY,2011-07-21,78.538
Exchange,USD,JPY,2011-07-22,78.538
Exchange,USD,JPY,2011-07-23,78.324
Exchange,USD,JPY,2011-07-24,78.29
Exchange,USD,JPY,2011-07-25,77.883
Exchange,USD,JPY,2011-07-26,77.98
Exchange,USD,JPY,2011-07-27,77.674
Exchange,USD,JPY,2011-07-28,76.765
Exchange,USD,JPY,2011-07-29,76.765
Exchange,USD,JPY,2011-07-30,77.168
Exchange,USD,JPY,2011-07-31,77.212
Exchange,USD,JPY,2011-08-01,77.153
Exchange,USD,JPY,2011-08-02,77.062
Exchange,USD,JPY,2011-08-03,78.886
Exchange,USD,JPY,2011-08-04,78.403
Exchange,USD,JPY,2011-08-05,78.371
Exchange,USD,JPY,2011-08-06,77.984
Exchange,USD,JPY,2011-08-07,77.76
Exchange,USD,JPY,2011-08-08,76.962
Exchange,USD,JPY,2011-08-09,76.86
Exchange,USD,JPY,2011-08-10,76.839
Exchange,USD,JPY,2011-08-11,76.699
Exchange,USD,JPY,2011-08-12,76.699
Exchange,USD,JPY,2011-08-13,76.846
Exchange,USD,JPY,2011-08-14,76.838
Exchange,USD,JPY,2011-08-15,76.802
Exchange,USD,JPY,2011-08-16,76.603
Exchange,USD,JPY,2011-08-17,76.58
Exchange,USD,JPY,2011-08-18,76.55
Exchange,USD,JPY,2011-08-19,76.55
Exchange,USD,JPY,2011-08-20,76.768
Exchange,USD,JPY,2011-08-21,76.794
Exchange,USD,JPY,2011-08-22,76.66
Exchange,USD,JPY,2011-08-23,76.976
Exchange,USD,JPY,2011-08-24,77.463
Exchange,USD,JPY,2011-08-25,76.695
Exchange,USD,JPY,2011-08-26,76.695
Exchange,USD,JPY,2011-08-27,76.755
Exchange,USD,JPY,2011-08-28,76.835
Exchange,USD,JPY,2011-08-29,76.739
Exchange,USD,JPY,2011-08-30,76.659
Exchange,USD,JPY,2011-08-31,76.927
Exchange,USD,JPY,2011-09-01,76.801
Exchange,USD,JPY,2011-09-02,76.801
Exchange,USD,JPY,2011-09-03,76.91
Exchange,USD,JPY,2011-09-04,76.892
Exchange,USD,JPY,2011-09-05,77.661
Exchange,USD,JPY,2011-09-06,77.253
Exchange,USD,JPY,2011-09-07,77.505
Exchange,USD,JPY,2011-09-08,77.594
Exchange,USD,JPY,2011-09-09,77.594
Exchange,USD,JPY,2011-09-10,77.462
Exchange,USD,JPY,2011-09-11,77.211
Exchange,USD,JPY,2011-09-12,76.95
Exchange,USD,JPY,2011-09-13,76.624
Exchange,USD,JPY,2011-09-14,76.701
Exchange,USD,JPY,2011-09-15,76.796
Exchange,USD,JPY,2011-09-16,76.796
Exchange,USD,JPY,2011-09-17,76.945
Exchange,USD,JPY,2011-09-18,76.59
Exchange,USD,JPY,2011-09-19,76.451
Exchange,USD,JPY,2011-09-20,76.455
Exchange,USD,JPY,2011-09-21,76.241
Exchange,USD,JPY,2011-09-22,76.594
Exchange,USD,JPY,2011-09-23,76.594
Exchange,USD,JPY,2011-09-24,76.477
Exchange,USD,JPY,2011-09-25,76.358
Exchange,USD,JPY,2011-09-26,76.814
Exchange,USD,JPY,2011-09-27,76.608
Exchange,USD,JPY,2011-09-28,76.837
Exchange,USD,JPY,2011-09-29,77.053
Exchange,USD,JPY,2011-09-30,77.053
Exchange,USD,JPY,2011-10-01,77.111
Exchange,USD,JPY,2011-10-02,76.628
Exchange,USD,JPY,2011-10-03,76.808
Exchange,USD,JPY,2011-10-04,76.793
Exchange,USD,JPY,2011-10-05,76.721
Exchange,USD,JPY,2011-10-06,76.788
Exchange,USD,JPY,2011-10-07,76.788
Exchange,USD,JPY,2011-10-08,76.808
Exchange,USD,JPY,2011-10-09,76.675
Exchange,USD,JPY,2011-10-10,76.649
Exchange,USD,JPY,2011-10-11,77.263
Exchange,USD,JPY,2011-10-12,76.898
Exchange,USD,JPY,2011-10-13,77.208
Exchange,USD,JPY,2011-10-14,77.208
Exchange,USD,JPY,2011-10-15,77.079
Exchange,USD,JPY,2011-10-16,76.831
Exchange,USD,JPY,2011-10-17,76.82
Exchange,USD,JPY,2011-10-18,76.808
Exchange,USD,JPY,2011-10-19,76.808
Exchange,USD,JPY,2011-10-20,76.244
Exchange,USD,JPY,2011-10-21,76.244
Exchange,USD,JPY,2011-10-22,76.208
Exchange,USD,JPY,2011-10-23,76.099
Exchange,USD,JPY,2011-10-24,76.098
Exchange,USD,JPY,2011-10-25,76.177
Exchange,USD,JPY,2011-10-26,75.948
Exchange,USD,JPY,2011-10-27,75.816
Exchange,USD,JPY,2011-10-28,75.816
Exchange,USD,JPY,2011-10-29,75.653
Exchange,USD,JPY,2011-10-30,78.169
Exchange,USD,JPY,2011-10-31,78.372
Exchange,USD,JPY,2011-11-01,78.047
Exchange,USD,JPY,2011-11-02,78.059
Exchange,USD,JPY,2011-11-03,78.238
Exchange,USD,JPY,2011-11-05,78.19
Exchange,USD,JPY,2011-11-06,78.05
Exchange,USD,JPY,2011-11-07,77.727
Exchange,USD,JPY,2011-11-08,77.817
Exchange,USD,JPY,2011-11-09,77.65
Exchange,USD,JPY,2011-11-10,77.137
Exchange,USD,JPY,2011-11-11,77.137
Exchange,USD,JPY,2011-11-12,77.27
Exchange,USD,JPY,2011-11-13,77.07
Exchange,USD,JPY,2011-11-14,77.029
Exchange,USD,JPY,2011-11-15,77.059
Exchange,USD,JPY,2011-11-16,76.981
Exchange,USD,JPY,2011-11-17,76.898
Exchange,USD,JPY,2011-11-19,76.89
Exchange,USD,JPY,2011-11-20,76.888
Exchange,USD,JPY,2011-11-21,76.972
Exchange,USD,JPY,2011-11-22,77.309
Exchange,USD,JPY,2011-11-23,77.118
Exchange,USD,JPY,2011-11-24,77.725
Exchange,USD,JPY,2011-11-25,77.725
Exchange,USD,JPY,2011-11-26,77.575
Exchange,USD,JPY,2011-11-27,77.984
Exchange,USD,JPY,2011-11-28,77.927
Exchange,USD,JPY,2011-11-29,77.62
Exchange,USD,JPY,2011-11-30,77.703
Exchange,USD,JPY,2011-12-01,77.991
Exchange,USD,JPY,2011-12-02,77.991
Exchange,USD,JPY,2011-12-03,78.036
Exchange,USD,JPY,2011-12-04,77.818
Exchange,USD,JPY,2011-12-05,77.733
Exchange,USD,JPY,2011-12-06,77.677
Exchange,USD,JPY,2011-12-07,77.638
Exchange,USD,JPY,2011-12-08,77.599
Exchange,USD,JPY,2011-12-10,77.684
Exchange,USD,JPY,2011-12-11,77.924
Exchange,USD,JPY,2011-12-12,77.998
Exchange,USD,JPY,2011-12-13,78.076
Exchange,USD,JPY,2011-12-14,77.855
Exchange,USD,JPY,2011-12-15,77.789
Exchange,USD,JPY,2011-12-17,77.792
Exchange,USD,JPY,2011-12-18,78.046
Exchange,USD,JPY,2011-12-19,77.888
Exchange,USD,JPY,2011-12-20,78.061
Exchange,USD,JPY,2011-12-21,78.172
Exchange,USD,JPY,2011-12-22,78.087
Exchange,USD,JPY,2011-12-24,78.079
Exchange,USD,JPY,2011-12-25,77.973
Exchange,USD,JPY,2011-12-26,77.878
Exchange,USD,JPY,2011-12-27,77.94
Exchange,USD,JPY,2011-12-28,77.638
Exchange,USD,JPY,2011-12-29,76.908
Exchange,USD,JPY,2011-12-31,76.962
Exchange,USD,JPY,2012-01-01,76.894
Exchange,USD,JPY,2012-01-02,76.735
Exchange,USD,JPY,2012-01-03,76.718
Exchange,USD,JPY,2012-01-04,77.115
Exchange,USD,JPY,2012-01-05,76.968
Exchange,USD,JPY,2012-01-06,76.968
Exchange,USD,JPY,2012-01-07,76.911
Exchange,USD,JPY,2012-01-08,76.836
Exchange,USD,JPY,2012-01-09,76.846
Exchange,USD,JPY,2012-01-10,76.856
Exchange,USD,JPY,2012-01-11,76.76
Exchange,USD,JPY,2012-01-12,76.967
Exchange,USD,JPY,2012-01-14,77.081
Exchange,USD,JPY,2012-01-15,76.782
Exchange,USD,JPY,2012-01-16,76.831
Exchange,USD,JPY,2012-01-17,76.831
Exchange,USD,JPY,2012-01-18,77.108
Exchange,USD,JPY,2012-01-19,77.03
Exchange,USD,JPY,2012-01-20,77.03
Exchange,USD,JPY,2012-01-21,76.959
Exchange,USD,JPY,2012-01-22,77.023
Exchange,USD,JPY,2012-01-23,77.669
Exchange,USD,JPY,2012-01-24,77.782
Exchange,USD,JPY,2012-01-25,77.451
Exchange,USD,JPY,2012-01-26,76.699
Exchange,USD,JPY,2012-01-28,76.684
Exchange,USD,JPY,2012-01-29,76.349
Exchange,USD,JPY,2012-01-30,76.268
Exchange,USD,JPY,2012-01-31,76.2
Exchange,USD,JPY,2012-02-01,76.222
Exchange,USD,JPY,2012-02-02,76.608
Exchange,USD,JPY,2012-02-04,76.615
Exchange,USD,JPY,2012-02-05,76.548
Exchange,USD,JPY,2012-02-06,76.767
Exchange,USD,JPY,2012-02-07,77.04
Exchange,USD,JPY,2012-02-08,77.665
Exchange,USD,JPY,2012-02-09,77.617
Exchange,USD,JPY,2012-02-10,77.619
Exchange,USD,JPY,2012-02-11,77.562
Exchange,USD,JPY,2012-02-12,77.573
Exchange,USD,JPY,2012-02-13,78.437
Exchange,USD,JPY,2012-02-14,78.434
Exchange,USD,JPY,2012-02-15,78.934
Exchange,USD,JPY,2012-02-16,79.558
Exchange,USD,JPY,2012-02-17,79.558
Exchange,USD,JPY,2012-02-18,79.606
Exchange,USD,JPY,2012-02-19,79.63
Exchange,USD,JPY,2012-02-20,79.74
Exchange,USD,JPY,2012-02-21,80.293
Exchange,USD,JPY,2012-02-22,79.999
Exchange,USD,JPY,2012-02-23,81.2
Exchange,USD,JPY,2012-02-24,81.2
Exchange,USD,JPY,2012-02-25,81.263
Exchange,USD,JPY,2012-02-26,80.605
Exchange,USD,JPY,2012-02-27,80.462
Exchange,USD,JPY,2012-02-28,81.15
Exchange,USD,JPY,2012-02-29,81.117
Exchange,USD,JPY,2012-03-01,81.812
Exchange,USD,JPY,2012-03-02,81.812
Exchange,USD,JPY,2012-03-03,81.775
Exchange,USD,JPY,2012-03-04,81.559
Exchange,USD,JPY,2012-03-05,80.894
Exchange,USD,JPY,2012-03-06,81.09
Exchange,USD,JPY,2012-03-07,81.552
Exchange,USD,JPY,2012-03-08,82.48
Exchange,USD,JPY,2012-03-10,82.505
Exchange,USD,JPY,2012-03-11,82.234
Exchange,USD,JPY,2012-03-12,82.948
Exchange,USD,JPY,2012-03-13,83.731
Exchange,USD,JPY,2012-03-14,83.575
Exchange,USD,JPY,2012-03-15,83.439
Exchange,USD,JPY,2012-03-16,83.439
Exchange,USD,JPY,2012-03-17,83.396
Exchange,USD,JPY,2012-03-18,83.346
Exchange,USD,JPY,2012-03-19,83.707
Exchange,USD,JPY,2012-03-20,83.406
Exchange,USD,JPY,2012-03-21,82.535
Exchange,USD,JPY,2012-03-22,82.349
Exchange,USD,JPY,2012-03-23,82.349
Exchange,USD,JPY,2012-03-24,82.407
Exchange,USD,JPY,2012-03-25,82.826
Exchange,USD,JPY,2012-03-26,83.175
Exchange,USD,JPY,2012-03-27,82.898
Exchange,USD,JPY,2012-03-28,82.457
Exchange,USD,JPY,2012-03-29,82.865
Exchange,USD,JPY,2012-03-30,82.865
Exchange,USD,JPY,2012-03-31,83.031
Exchange,USD,JPY,2012-04-01,82.076
Exchange,USD,JPY,2012-04-02,82.812
Exchange,USD,JPY,2012-04-03,82.463
Exchange,USD,JPY,2012-04-04,82.376
Exchange,USD,JPY,2012-04-05,81.639
Exchange,USD,JPY,2012-04-07,81.511
Exchange,USD,JPY,2012-04-08,81.492
Exchange,USD,JPY,2012-04-09,80.672
Exchange,USD,JPY,2012-04-10,80.862
Exchange,USD,JPY,2012-04-11,80.89
Exchange,USD,JPY,2012-04-12,80.912
Exchange,USD,JPY,2012-04-13,80.912
Exchange,USD,JPY,2012-04-14,80.85
Exchange,USD,JPY,2012-04-15,80.409
Exchange,USD,JPY,2012-04-16,80.844
Exchange,USD,JPY,2012-04-17,81.259
Exchange,USD,JPY,2012-04-18,81.603
Exchange,USD,JPY,2012-04-19,81.52
Exchange,USD,JPY,2012-04-20,81.57
Exchange,USD,JPY,2012-04-21,81.517
Exchange,USD,JPY,2012-04-22,81.185
Exchange,USD,JPY,2012-04-23,81.315
Exchange,USD,JPY,2012-04-24,81.346
Exchange,USD,JPY,2012-04-25,80.995
Exchange,USD,JPY,2012-04-26,80.267
Exchange,USD,JPY,2012-04-27,80.307
Exchange,USD,JPY,2012-04-28,80.267
Exchange,USD,JPY,2012-04-29,79.823
Exchange,USD,JPY,2012-04-30,80.093
Exchange,USD,JPY,2012-05-01,80.143
Exchange,USD,JPY,2012-05-02,80.183
Exchange,USD,JPY,2012-05-03,79.857
Exchange,USD,JPY,2012-05-05,79.849
Exchange,USD,JPY,2012-05-06,79.917
Exchange,USD,JPY,2012-05-07,79.869
Exchange,USD,JPY,2012-05-08,79.636
Exchange,USD,JPY,2012-05-09,79.927
Exchange,USD,JPY,2012-05-10,79.943
Exchange,USD,JPY,2012-05-11,79.943
Exchange,USD,JPY,2012-05-12,79.987
Exchange,USD,JPY,2012-05-13,79.847
Exchange,USD,JPY,2012-05-14,80.183
Exchange,USD,JPY,2012-05-15,80.332
Exchange,USD,JPY,2012-05-16,79.275
Exchange,USD,JPY,2012-05-17,79.03
Exchange,USD,JPY,2012-05-18,79.03
Exchange,USD,JPY,2012-05-19,79.126
Exchange,USD,JPY,2012-05-20,79.305
Exchange,USD,JPY,2012-05-21,79.962
Exchange,USD,JPY,2012-05-22,79.478
Exchange,USD,JPY,2012-05-23,79.599
Exchange,USD,JPY,2012-05-24,79.685
Exchange,USD,JPY,2012-05-25,79.685
Exchange,USD,JPY,2012-05-26,79.708
Exchange,USD,JPY,2012-05-27,79.477
Exchange,USD,JPY,2012-05-28,79.493
Exchange,USD,JPY,2012-05-29,79.072
Exchange,USD,JPY,2012-05-30,78.314
Exchange,USD,JPY,2012-05-31,78.019
Exchange,USD,JPY,2012-06-02,78.087
Exchange,USD,JPY,2012-06-03,78.346
Exchange,USD,JPY,2012-06-04,78.754
Exchange,USD,JPY,2012-06-05,79.195
Exchange,USD,JPY,2012-06-06,79.631
Exchange,USD,JPY,2012-06-07,79.475
Exchange,USD,JPY,2012-06-09,79.628
Exchange,USD,JPY,2012-06-10,79.444
Exchange,USD,JPY,2012-06-11,79.525
Exchange,USD,JPY,2012-06-12,79.487
Exchange,USD,JPY,2012-06-13,79.349
Exchange,USD,JPY,2012-06-14,78.722
Exchange,USD,JPY,2012-06-16,78.806
Exchange,USD,JPY,2012-06-17,79.112
Exchange,USD,JPY,2012-06-18,78.953
Exchange,USD,JPY,2012-06-19,79.538
Exchange,USD,JPY,2012-06-20,80.279
Exchange,USD,JPY,2012-06-21,80.429
Exchange,USD,JPY,2012-06-22,80.429
Exchange,USD,JPY,2012-06-23,80.426
Exchange,USD,JPY,2012-06-24,79.666
Exchange,USD,JPY,2012-06-25,79.514
Exchange,USD,JPY,2012-06-26,79.719
Exchange,USD,JPY,2012-06-27,79.454
Exchange,USD,JPY,2012-06-28,79.794
Exchange,USD,JPY,2012-06-30,79.861
Exchange,USD,JPY,2012-07-01,79.522
Exchange,USD,JPY,2012-07-02,79.791
Exchange,USD,JPY,2012-07-03,79.876
Exchange,USD,JPY,2012-07-04,79.92
Exchange,USD,JPY,2012-07-05,79.656
Exchange,USD,JPY,2012-07-06,79.656
Exchange,USD,JPY,2012-07-07,79.62
Exchange,USD,JPY,2012-07-08,79.559
Exchange,USD,JPY,2012-07-09,79.428
Exchange,USD,JPY,2012-07-10,79.763
Exchange,USD,JPY,2012-07-11,79.313
Exchange,USD,JPY,2012-07-12,79.179
Exchange,USD,JPY,2012-07-13,79.179
Exchange,USD,JPY,2012-07-14,79.272
Exchange,USD,JPY,2012-07-15,78.864
Exchange,USD,JPY,2012-07-16,79.064
Exchange,USD,JPY,2012-07-17,78.805
Exchange,USD,JPY,2012-07-18,78.587
Exchange,USD,JPY,2012-07-19,78.493
Exchange,USD,JPY,2012-07-21,78.45
Exchange,USD,JPY,2012-07-22,78.396
Exchange,USD,JPY,2012-07-23,78.179
Exchange,USD,JPY,2012-07-24,78.165
Exchange,USD,JPY,2012-07-25,78.21
Exchange,USD,JPY,2012-07-26,78.428
Exchange,USD,JPY,2012-07-28,78.452
Exchange,USD,JPY,2012-07-29,78.177
Exchange,USD,JPY,2012-07-30,78.123
Exchange,USD,JPY,2012-07-31,78.434
Exchange,USD,JPY,2012-08-01,78.244
Exchange,USD,JPY,2012-08-02,78.458
Exchange,USD,JPY,2012-08-03,78.458
Exchange,USD,JPY,2012-08-04,78.598
Exchange,USD,JPY,2012-08-05,78.246
Exchange,USD,JPY,2012-08-06,78.605
Exchange,USD,JPY,2012-08-07,78.434
Exchange,USD,JPY,2012-08-08,78.567
Exchange,USD,JPY,2012-08-09,78.27
Exchange,USD,JPY,2012-08-11,78.23
Exchange,USD,JPY,2012-08-12,78.319
Exchange,USD,JPY,2012-08-13,78.736
Exchange,USD,JPY,2012-08-14,78.995
Exchange,USD,JPY,2012-08-15,79.344
Exchange,USD,JPY,2012-08-16,79.564
Exchange,USD,JPY,2012-08-17,79.564
Exchange,USD,JPY,2012-08-18,79.562
Exchange,USD,JPY,2012-08-19,79.427
Exchange,USD,JPY,2012-08-20,79.285
Exchange,USD,JPY,2012-08-21,78.582
Exchange,USD,JPY,2012-08-22,78.494
Exchange,USD,JPY,2012-08-23,78.672
Exchange,USD,JPY,2012-08-25,78.703
Exchange,USD,JPY,2012-08-26,78.744
Exchange,USD,JPY,2012-08-27,78.508
Exchange,USD,JPY,2012-08-28,78.706
Exchange,USD,JPY,2012-08-29,78.627
Exchange,USD,JPY,2012-08-30,78.387
Exchange,USD,JPY,2012-09-01,78.341
Exchange,USD,JPY,2012-09-02,78.258
Exchange,USD,JPY,2012-09-03,78.43
Exchange,USD,JPY,2012-09-04,78.392
Exchange,USD,JPY,2012-09-05,78.862
Exchange,USD,JPY,2012-09-06,78.234
Exchange,USD,JPY,2012-09-08,78.252
Exchange,USD,JPY,2012-09-09,78.284
Exchange,USD,JPY,2012-09-10,77.766
Exchange,USD,JPY,2012-09-11,77.855
Exchange,USD,JPY,2012-09-12,77.49
Exchange,USD,JPY,2012-09-13,78.395
Exchange,USD,JPY,2012-09-15,78.346
Exchange,USD,JPY,2012-09-16,78.708
Exchange,USD,JPY,2012-09-17,78.813
Exchange,USD,JPY,2012-09-18,78.379
Exchange,USD,JPY,2012-09-19,78.245
Exchange,USD,JPY,2012-09-20,78.168
Exchange,USD,JPY,2012-09-21,78.168
Exchange,USD,JPY,2012-09-22,78.17
Exchange,USD,JPY,2012-09-23,77.85
Exchange,USD,JPY,2012-09-24,77.797
Exchange,USD,JPY,2012-09-25,77.745
Exchange,USD,JPY,2012-09-26,77.605
Exchange,USD,JPY,2012-09-27,77.919
Exchange,USD,JPY,2012-09-29,77.976
Exchange,USD,JPY,2012-09-30,77.993
Exchange,USD,JPY,2012-10-01,78.155
Exchange,USD,JPY,2012-10-02,78.491
Exchange,USD,JPY,2012-10-03,78.48
Exchange,USD,JPY,2012-10-04,78.672
Exchange,USD,JPY,2012-10-06,78.663
Exchange,USD,JPY,2012-10-07,78.335
Exchange,USD,JPY,2012-10-08,78.254
Exchange,USD,JPY,2012-10-09,78.184
Exchange,USD,JPY,2012-10-10,78.335
Exchange,USD,JPY,2012-10-11,78.442
Exchange,USD,JPY,2012-10-13,78.45
Exchange,USD,JPY,2012-10-14,78.648
Exchange,USD,JPY,2012-10-15,78.889
Exchange,USD,JPY,2012-10-16,78.937
Exchange,USD,JPY,2012-10-17,79.273
Exchange,USD,JPY,2012-10-18,79.314
Exchange,USD,JPY,2012-10-20,79.285
Exchange,USD,JPY,2012-10-21,79.943
Exchange,USD,JPY,2012-10-22,79.852
Exchange,USD,JPY,2012-10-23,79.805
Exchange,USD,JPY,2012-10-24,80.3
Exchange,USD,JPY,2012-10-25,79.649
Exchange,USD,JPY,2012-10-26,79.649
Exchange,USD,JPY,2012-10-27,79.611
Exchange,USD,JPY,2012-10-28,79.802
Exchange,USD,JPY,2012-10-29,79.629
Exchange,USD,JPY,2012-10-30,79.767
Exchange,USD,JPY,2012-10-31,80.124
Exchange,USD,JPY,2012-11-01,80.436
Exchange,USD,JPY,2012-11-02,80.436
Exchange,USD,JPY,2012-11-03,80.438
Exchange,USD,JPY,2012-11-04,80.288
Exchange,USD,JPY,2012-11-05,80.357
Exchange,USD,JPY,2012-11-06,79.996
Exchange,USD,JPY,2012-11-07,79.472
Exchange,USD,JPY,2012-11-08,79.494
Exchange,USD,JPY,2012-11-09,79.494
Exchange,USD,JPY,2012-11-10,79.492
Exchange,USD,JPY,2012-11-11,79.493
Exchange,USD,JPY,2012-11-12,79.38
Exchange,USD,JPY,2012-11-13,80.248
Exchange,USD,JPY,2012-11-14,81.168
Exchange,USD,JPY,2012-11-15,81.303
Exchange,USD,JPY,2012-11-17,81.39
Exchange,USD,JPY,2012-11-18,81.412
Exchange,USD,JPY,2012-11-19,81.678
Exchange,USD,JPY,2012-11-20,82.525
Exchange,USD,JPY,2012-11-21,82.472
Exchange,USD,JPY,2012-11-22,82.399
Exchange,USD,JPY,2012-11-23,82.399
Exchange,USD,JPY,2012-11-24,82.347
Exchange,USD,JPY,2012-11-25,82.079
Exchange,USD,JPY,2012-11-26,82.155
Exchange,USD,JPY,2012-11-27,82.076
Exchange,USD,JPY,2012-11-28,82.118
Exchange,USD,JPY,2012-11-29,82.481
Exchange,USD,JPY,2012-12-02,82.248
Exchange,USD,JPY,2012-12-03,81.897
Exchange,USD,JPY,2012-12-04,82.469
Exchange,USD,JPY,2012-12-05,82.401
Exchange,USD,JPY,2012-12-06,82.492
Exchange,USD,JPY,2012-12-07,82.492
Exchange,USD,JPY,2012-12-09,82.355
Exchange,USD,JPY,2012-12-10,82.516
Exchange,USD,JPY,2012-12-11,83.258
Exchange,USD,JPY,2012-12-12,83.648
Exchange,USD,JPY,2012-12-13,83.515
Exchange,USD,JPY,2012-12-15,84.336
Exchange,USD,JPY,2012-12-16,83.89
Exchange,USD,JPY,2012-12-17,84.206
Exchange,USD,JPY,2012-12-18,84.41
Exchange,USD,JPY,2012-12-19,84.383
Exchange,USD,JPY,2012-12-20,84.238
Exchange,USD,JPY,2012-12-22,84.376
Exchange,USD,JPY,2012-12-23,84.77
Exchange,USD,JPY,2012-12-25,85.632
Exchange,USD,JPY,2012-12-26,86.102
Exchange,USD,JPY,2012-12-27,85.892
Exchange,USD,JPY,2012-12-29,85.815
Exchange,USD,JPY,2012-12-30,86.618
Exchange,USD,JPY,2013-01-01,87.345
Exchange,USD,JPY,2013-01-02,87.236
Exchange,USD,JPY,2013-01-03,88.155
Exchange,USD,JPY,2013-01-04,88.155
Exchange,USD,JPY,2013-01-05,88.119
Exchange,USD,JPY,2013-01-06,87.793
Exchange,USD,JPY,2013-01-07,87.051
Exchange,USD,JPY,2013-01-08,87.878
Exchange,USD,JPY,2013-01-09,88.78
Exchange,USD,JPY,2013-01-10,89.183
Exchange,USD,JPY,2013-01-11,89.183
Exchange,USD,JPY,2013-01-12,89.298
Exchange,USD,JPY,2013-01-13,89.477
Exchange,USD,JPY,2013-01-14,88.794
Exchange,USD,JPY,2013-01-15,88.382
Exchange,USD,JPY,2013-01-16,89.879
Exchange,USD,JPY,2013-01-17,90.082
Exchange,USD,JPY,2013-01-18,90.082
Exchange,USD,JPY,2013-01-19,90.094
Exchange,USD,JPY,2013-01-20,89.605
Exchange,USD,JPY,2013-01-21,88.708
Exchange,USD,JPY,2013-01-22,88.614
Exchange,USD,JPY,2013-01-23,90.326
Exchange,USD,JPY,2013-01-24,90.878
Exchange,USD,JPY,2013-01-26,91.048
Exchange,USD,JPY,2013-01-27,90.855
Exchange,USD,JPY,2013-01-28,90.722
Exchange,USD,JPY,2013-01-29,91.086
Exchange,USD,JPY,2013-01-30,91.712
Exchange,USD,JPY,2013-01-31,92.828
Exchange,USD,JPY,2013-02-01,92.828
Exchange,USD,JPY,2013-02-02,92.78
Exchange,USD,JPY,2013-02-03,92.38
Exchange,USD,JPY,2013-02-04,93.634
Exchange,USD,JPY,2013-02-05,93.618
Exchange,USD,JPY,2013-02-06,93.628
Exchange,USD,JPY,2013-02-07,92.652
Exchange,USD,JPY,2013-02-08,92.652
Exchange,USD,JPY,2013-02-10,94.316
Exchange,USD,JPY,2013-02-11,93.479
Exchange,USD,JPY,2013-02-12,93.389
Exchange,USD,JPY,2013-02-13,92.876
Exchange,USD,JPY,2013-02-14,93.501
Exchange,USD,JPY,2013-02-15,93.501
Exchange,USD,JPY,2013-02-17,93.954
Exchange,USD,JPY,2013-02-18,93.572
Exchange,USD,JPY,2013-02-19,93.565
Exchange,USD,JPY,2013-02-20,93.116
Exchange,USD,JPY,2013-02-21,93.414
Exchange,USD,JPY,2013-02-24,91.82
Exchange,USD,JPY,2013-02-25,91.979
Exchange,USD,JPY,2013-02-26,92.234
Exchange,USD,JPY,2013-02-27,92.56
Exchange,USD,JPY,2013-02-28,93.588
Exchange,USD,JPY,2013-03-01,93.588
Exchange,USD,JPY,2013-03-03,93.484
Exchange,USD,JPY,2013-03-04,93.292
Exchange,USD,JPY,2013-03-05,94.068
Exchange,USD,JPY,2013-03-06,94.822
Exchange,USD,JPY,2013-03-07,96.003
Exchange,USD,JPY,2013-03-08,96.003
Exchange,USD,JPY,2013-03-10,96.281
Exchange,USD,JPY,2013-03-11,96.083
Exchange,USD,JPY,2013-03-12,96.123
Exchange,USD,JPY,2013-03-13,96.113
Exchange,USD,JPY,2013-03-14,95.272
Exchange,USD,JPY,2013-03-15,95.272
Exchange,USD,JPY,2013-03-17,95.214
Exchange,USD,JPY,2013-03-18,95.164
Exchange,USD,JPY,2013-03-19,96.014
Exchange,USD,JPY,2013-03-20,94.907
Exchange,USD,JPY,2013-03-21,94.468
Exchange,USD,JPY,2013-03-22,94.469
Exchange,USD,JPY,2013-03-24,94.168
Exchange,USD,JPY,2013-03-25,94.444
Exchange,USD,JPY,2013-03-26,94.454
Exchange,USD,JPY,2013-03-27,94.147
Exchange,USD,JPY,2013-03-28,94.208
Exchange,USD,JPY,2013-03-31,93.233
Exchange,USD,JPY,2013-04-01,93.44
Exchange,USD,JPY,2013-04-02,93.043
Exchange,USD,JPY,2013-04-03,96.336
Exchange,USD,JPY,2013-04-04,97.56
Exchange,USD,JPY,2013-04-07,99.356
Exchange,USD,JPY,2013-04-08,99.024
Exchange,USD,JPY,2013-04-09,99.772
Exchange,USD,JPY,2013-04-10,99.676
Exchange,USD,JPY,2013-04-11,98.404
Exchange,USD,JPY,2013-04-12,98.404
Exchange,USD,JPY,2013-04-14,96.764
Exchange,USD,JPY,2013-04-15,97.534
Exchange,USD,JPY,2013-04-16,98.115
Exchange,USD,JPY,2013-04-17,98.171
Exchange,USD,JPY,2013-04-18,99.518
Exchange,USD,JPY,2013-04-21,99.234
Exchange,USD,JPY,2013-04-22,99.476
Exchange,USD,JPY,2013-04-23,99.516
Exchange,USD,JPY,2013-04-24,99.254
Exchange,USD,JPY,2013-04-25,98.046
Exchange,USD,JPY,2013-04-28,97.756
Exchange,USD,JPY,2013-04-29,97.454
Exchange,USD,JPY,2013-04-30,97.392
Exchange,USD,JPY,2013-05-01,97.932
Exchange,USD,JPY,2013-05-02,98.998
Exchange,USD,JPY,2013-05-05,99.326
Exchange,USD,JPY,2013-05-06,98.996
Exchange,USD,JPY,2013-05-07,99.005
Exchange,USD,JPY,2013-05-08,100.594
Exchange,USD,JPY,2013-05-09,101.618
Exchange,USD,JPY,2013-05-12,101.828
Exchange,USD,JPY,2013-05-13,102.414
Exchange,USD,JPY,2013-05-14,102.25
Exchange,USD,JPY,2013-05-15,102.26
Exchange,USD,JPY,2013-05-16,103.222
Exchange,USD,JPY,2013-05-19,102.271
Exchange,USD,JPY,2013-05-20,102.494
Exchange,USD,JPY,2013-05-21,103.158
Exchange,USD,JPY,2013-05-22,102.013
Exchange,USD,JPY,2013-05-23,101.282
Exchange,USD,JPY,2013-05-26,100.957
Exchange,USD,JPY,2013-05-27,102.372
Exchange,USD,JPY,2013-05-28,101.16
Exchange,USD,JPY,2013-05-29,100.732
Exchange,USD,JPY,2013-05-30,100.454
Exchange,USD,JPY,2013-06-02,99.528
Exchange,USD,JPY,2013-06-03,100.022
Exchange,USD,JPY,2013-06-04,99.056
Exchange,USD,JPY,2013-06-05,96.971
Exchange,USD,JPY,2013-06-06,97.558
Exchange,USD,JPY,2013-06-09,98.766
Exchange,USD,JPY,2013-06-10,96.028
Exchange,USD,JPY,2013-06-11,96.022
Exchange,USD,JPY,2013-06-12,95.368
Exchange,USD,JPY,2013-06-13,94.091
Exchange,USD,JPY,2013-06-16,94.507
Exchange,USD,JPY,2013-06-17,95.328
Exchange,USD,JPY,2013-06-18,96.449
Exchange,USD,JPY,2013-06-19,97.287
Exchange,USD,JPY,2013-06-20,97.898
Exchange,USD,JPY,2013-06-23,97.733
Exchange,USD,JPY,2013-06-24,97.814
Exchange,USD,JPY,2013-06-25,97.728
Exchange,USD,JPY,2013-06-26,98.348
Exchange,USD,JPY,2013-06-27,99.136
Exchange,USD,JPY,2013-06-30,99.658
Exchange,USD,JPY,2013-07-01,100.627
Exchange,USD,JPY,2013-07-02,99.912
Exchange,USD,JPY,2013-07-03,100.034
Exchange,USD,JPY,2013-07-04,101.189
Exchange,USD,JPY,2013-07-07,100.968
Exchange,USD,JPY,2013-07-08,101.149
Exchange,USD,JPY,2013-07-09,99.686
Exchange,USD,JPY,2013-07-10,98.962
Exchange,USD,JPY,2013-07-11,99.214
Exchange,USD,JPY,2013-07-14,99.861
Exchange,USD,JPY,2013-07-15,99.098
Exchange,USD,JPY,2013-07-16,99.584
Exchange,USD,JPY,2013-07-17,100.422
Exchange,USD,JPY,2013-07-18,100.607
Exchange,USD,JPY,2013-07-21,99.663
Exchange,USD,JPY,2013-07-22,99.464
Exchange,USD,JPY,2013-07-23,100.265
Exchange,USD,JPY,2013-07-24,99.282
Exchange,USD,JPY,2013-07-25,98.272
Exchange,USD,JPY,2013-07-28,97.952
Exchange,USD,JPY,2013-07-29,98.032
Exchange,USD,JPY,2013-07-30,97.874
Exchange,USD,JPY,2013-07-31,99.542
Exchange,USD,JPY,2013-08-01,98.952
Exchange,USD,JPY,2013-08-04,98.298
Exchange,USD,JPY,2013-08-05,97.742
Exchange,USD,JPY,2013-08-06,96.336
Exchange,USD,JPY,2013-08-07,96.672
Exchange,USD,JPY,2013-08-08,96.216
Exchange,USD,JPY,2013-08-11,96.903
Exchange,USD,JPY,2013-08-12,98.204
Exchange,USD,JPY,2013-08-13,98.138
Exchange,USD,JPY,2013-08-14,97.368
Exchange,USD,JPY,2013-08-15,97.526
Exchange,USD,JPY,2013-08-18,97.554
Exchange,USD,JPY,2013-08-19,97.271
Exchange,USD,JPY,2013-08-20,97.68
Exchange,USD,JPY,2013-08-21,98.719
Exchange,USD,JPY,2013-08-22,98.736
Exchange,USD,JPY,2013-08-25,98.514
Exchange,USD,JPY,2013-08-26,97.031
Exchange,USD,JPY,2013-08-27,97.638
Exchange,USD,JPY,2013-08-28,98.346
Exchange,USD,JPY,2013-08-29,98.17
Exchange,USD,JPY,2013-09-01,99.334
Exchange,USD,JPY,2013-09-02,99.57
Exchange,USD,JPY,2013-09-03,99.737
Exchange,USD,JPY,2013-09-04,100.107
Exchange,USD,JPY,2013-09-05,99.109
Exchange,USD,JPY,2013-09-08,99.576
Exchange,USD,JPY,2013-09-09,100.386
Exchange,USD,JPY,2013-09-10,99.89
Exchange,USD,JPY,2013-09-11,99.537
Exchange,USD,JPY,2013-09-12,99.374
Exchange,USD,JPY,2013-09-15,99.072
Exchange,USD,JPY,2013-09-16,99.127
Exchange,USD,JPY,2013-09-17,97.936
Exchange,USD,JPY,2013-09-18,99.452
Exchange,USD,JPY,2013-09-19,99.353
Exchange,USD,JPY,2013-09-22,98.845
Exchange,USD,JPY,2013-09-23,98.745
Exchange,USD,JPY,2013-09-24,98.434
Exchange,USD,JPY,2013-09-25,98.987
Exchange,USD,JPY,2013-09-26,98.255
Exchange,USD,JPY,2013-09-27,98.248
Exchange,USD,JPY,2013-09-29,98.269
Exchange,USD,JPY,2013-09-30,97.994
Exchange,USD,JPY,2013-10-01,97.357
Exchange,USD,JPY,2013-10-02,97.267
Exchange,USD,JPY,2013-10-03,97.472
Exchange,USD,JPY,2013-10-06,96.706
Exchange,USD,JPY,2013-10-07,96.88
Exchange,USD,JPY,2013-10-08,97.346
Exchange,USD,JPY,2013-10-09,98.161
Exchange,USD,JPY,2013-10-10,98.578
Exchange,USD,JPY,2013-10-13,98.572
Exchange,USD,JPY,2013-10-14,98.162
Exchange,USD,JPY,2013-10-15,98.768
Exchange,USD,JPY,2013-10-16,97.914
Exchange,USD,JPY,2013-10-17,97.713
Exchange,USD,JPY,2013-10-20,98.189
Exchange,USD,JPY,2013-10-21,98.139
Exchange,USD,JPY,2013-10-22,97.374
Exchange,USD,JPY,2013-10-23,97.282
Exchange,USD,JPY,2013-10-24,97.408
Exchange,USD,JPY,2013-10-27,97.675
Exchange,USD,JPY,2013-10-28,98.184
Exchange,USD,JPY,2013-10-29,98.512
Exchange,USD,JPY,2013-10-30,98.354
Exchange,USD,JPY,2013-10-31,98.668
Exchange,USD,JPY,2013-11-03,98.602
Exchange,USD,JPY,2013-11-04,98.501
Exchange,USD,JPY,2013-11-05,98.658
Exchange,USD,JPY,2013-11-06,98.086
Exchange,USD,JPY,2013-11-07,99.049
Exchange,USD,JPY,2013-11-10,99.159
Exchange,USD,JPY,2013-11-11,99.635
Exchange,USD,JPY,2013-11-12,99.245
Exchange,USD,JPY,2013-11-13,100.012
Exchange,USD,JPY,2013-11-14,100.18
Exchange,USD,JPY,2013-11-17,99.992
Exchange,USD,JPY,2013-11-18,100.134
Exchange,USD,JPY,2013-11-19,100.034
Exchange,USD,JPY,2013-11-20,101.155
Exchange,USD,JPY,2013-11-21,101.278
Exchange,USD,JPY,2013-11-24,101.676
Exchange,USD,JPY,2013-11-25,101.287
Exchange,USD,JPY,2013-11-26,102.16
Exchange,USD,JPY,2013-11-27,102.327
Exchange,USD,JPY,2013-11-28,102.446
Exchange,USD,JPY,2013-12-01,102.938
Exchange,USD,JPY,2013-12-02,102.51
Exchange,USD,JPY,2013-12-03,102.356
Exchange,USD,JPY,2013-12-04,101.786
Exchange,USD,JPY,2013-12-05,102.912
Exchange,USD,JPY,2013-12-08,103.277
Exchange,USD,JPY,2013-12-09,102.845
Exchange,USD,JPY,2013-12-10,102.427
Exchange,USD,JPY,2013-12-11,103.379
Exchange,USD,JPY,2013-12-12,103.256
Exchange,USD,JPY,2013-12-15,103.014
Exchange,USD,JPY,2013-12-16,102.668
Exchange,USD,JPY,2013-12-17,104.292
Exchange,USD,JPY,2013-12-18,104.24
Exchange,USD,JPY,2013-12-19,104.08
Exchange,USD,JPY,2013-12-22,104.104
Exchange,USD,JPY,2013-12-23,104.243
Exchange,USD,JPY,2013-12-25,104.804
Exchange,USD,JPY,2013-12-26,105.16
Exchange,USD,JPY,2013-12-29,105.141
Exchange,USD,JPY,2013-12-30,105.257
Exchange,USD,JPY,2014-01-01,104.81
Exchange,USD,JPY,2014-01-02,104.851
Exchange,USD,JPY,2014-01-05,104.217
Exchange,USD,JPY,2014-01-06,104.6
Exchange,USD,JPY,2014-01-07,104.857
Exchange,USD,JPY,2014-01-08,104.812
Exchange,USD,JPY,2014-01-09,104.178
Exchange,USD,JPY,2014-01-12,103.0
Exchange,USD,JPY,2014-01-13,104.212
Exchange,USD,JPY,2014-01-14,104.556
Exchange,USD,JPY,2014-01-15,104.35
Exchange,USD,JPY,2014-01-16,104.332
Exchange,USD,JPY,2014-01-19,104.178
Exchange,USD,JPY,2014-01-20,104.302
Exchange,USD,JPY,2014-01-21,104.514
Exchange,USD,JPY,2014-01-22,103.255
Exchange,USD,JPY,2014-01-23,102.381
Exchange,USD,JPY,2014-01-26,102.549
Exchange,USD,JPY,2014-01-27,102.944
Exchange,USD,JPY,2014-01-28,102.286
Exchange,USD,JPY,2014-01-29,102.718
Exchange,USD,JPY,2014-01-30,102.017
Exchange,USD,JPY,2014-02-02,100.986
Exchange,USD,JPY,2014-02-03,101.646
Exchange,USD,JPY,2014-02-04,101.45
Exchange,USD,JPY,2014-02-05,102.104
Exchange,USD,JPY,2014-02-06,102.374
Exchange,USD,JPY,2014-02-09,102.265
Exchange,USD,JPY,2014-02-10,102.628
Exchange,USD,JPY,2014-02-11,102.536
Exchange,USD,JPY,2014-02-12,102.166
Exchange,USD,JPY,2014-02-13,101.806
Exchange,USD,JPY,2014-02-16,101.916
Exchange,USD,JPY,2014-02-17,102.359
Exchange,USD,JPY,2014-02-18,102.302
Exchange,USD,JPY,2014-02-19,102.272
Exchange,USD,JPY,2014-02-20,102.478
Exchange,USD,JPY,2014-02-23,102.494
Exchange,USD,JPY,2014-02-24,102.235
Exchange,USD,JPY,2014-02-25,102.378
Exchange,USD,JPY,2014-02-26,102.122
Exchange,USD,JPY,2014-02-27,101.783
Exchange,USD,JPY,2014-03-02,101.451
Exchange,USD,JPY,2014-03-03,102.202
Exchange,USD,JPY,2014-03-04,102.304
Exchange,USD,JPY,2014-03-05,103.077
Exchange,USD,JPY,2014-03-06,103.245
Exchange,USD,JPY,2014-03-09,103.269
Exchange,USD,JPY,2014-03-10,103.02
Exchange,USD,JPY,2014-03-11,102.756
Exchange,USD,JPY,2014-03-12,101.838
Exchange,USD,JPY,2014-03-13,101.36
Exchange,USD,JPY,2014-03-16,101.769
Exchange,USD,JPY,2014-03-17,101.437
Exchange,USD,JPY,2014-03-18,102.328
Exchange,USD,JPY,2014-03-19,102.392
Exchange,USD,JPY,2014-03-20,102.254
Exchange,USD,JPY,2014-03-23,102.247
Exchange,USD,JPY,2014-03-24,102.26
Exchange,USD,JPY,2014-03-25,102.043
Exchange,USD,JPY,2014-03-26,102.186
Exchange,USD,JPY,2014-03-27,102.819
Exchange,USD,JPY,2014-03-30,103.224
Exchange,USD,JPY,2014-03-31,103.66
Exchange,USD,JPY,2014-04-01,103.875
Exchange,USD,JPY,2014-04-02,103.934
Exchange,USD,JPY,2014-04-03,103.294
Exchange,USD,JPY,2014-04-06,103.1
Exchange,USD,JPY,2014-04-07,101.806
Exchange,USD,JPY,2014-04-08,101.997
Exchange,USD,JPY,2014-04-09,101.532
Exchange,USD,JPY,2014-04-10,101.616
Exchange,USD,JPY,2014-04-13,101.852
Exchange,USD,JPY,2014-04-14,101.914
Exchange,USD,JPY,2014-04-15,102.234
Exchange,USD,JPY,2014-04-16,102.386
Exchange,USD,JPY,2014-04-17,102.418
Exchange,USD,JPY,2014-04-20,102.602
Exchange,USD,JPY,2014-04-21,102.616
Exchange,USD,JPY,2014-04-22,102.538
Exchange,USD,JPY,2014-04-23,102.306
Exchange,USD,JPY,2014-04-24,102.192
Exchange,USD,JPY,2014-04-27,102.492
Exchange,USD,JPY,2014-04-28,102.641
Exchange,USD,JPY,2014-04-29,102.239
Exchange,USD,JPY,2014-04-30,102.328
Exchange,USD,JPY,2014-05-01,102.224
Exchange,USD,JPY,2014-05-04,102.144
Exchange,USD,JPY,2014-05-05,101.682
Exchange,USD,JPY,2014-05-06,101.904
Exchange,USD,JPY,2014-05-07,101.658
Exchange,USD,JPY,2014-05-08,101.846
Exchange,USD,JPY,2014-05-11,102.122
Exchange,USD,JPY,2014-05-12,102.262
Exchange,USD,JPY,2014-05-13,101.898
Exchange,USD,JPY,2014-05-14,101.58
Exchange,USD,JPY,2014-05-15,101.514
Exchange,USD,JPY,2014-05-18,101.498
Exchange,USD,JPY,2014-05-19,101.33
Exchange,USD,JPY,2014-05-20,101.36
Exchange,USD,JPY,2014-05-21,101.734
Exchange,USD,JPY,2014-05-22,101.988
Exchange,USD,JPY,2014-05-25,101.94
Exchange,USD,JPY,2014-05-26,101.97
Exchange,USD,JPY,2014-05-27,101.846
Exchange,USD,JPY,2014-05-28,101.786
Exchange,USD,JPY,2014-05-29,101.729
Exchange,USD,JPY,2014-06-01,102.392
Exchange,USD,JPY,2014-06-02,102.51
Exchange,USD,JPY,2014-06-03,102.746
Exchange,USD,JPY,2014-06-04,102.412
Exchange,USD,JPY,2014-06-05,102.478
Exchange,USD,JPY,2014-06-08,102.53
Exchange,USD,JPY,2014-06-09,102.346
Exchange,USD,JPY,2014-06-10,102.078
Exchange,USD,JPY,2014-06-11,101.698
Exchange,USD,JPY,2014-06-12,102.026
Exchange,USD,JPY,2014-06-15,101.84
Exchange,USD,JPY,2014-06-16,102.15
Exchange,USD,JPY,2014-06-17,101.93
Exchange,USD,JPY,2014-06-18,101.941
Exchange,USD,JPY,2014-06-19,102.077
Exchange,USD,JPY,2014-06-22,101.94
Exchange,USD,JPY,2014-06-23,101.974
Exchange,USD,JPY,2014-06-24,101.875
Exchange,USD,JPY,2014-06-25,101.729
Exchange,USD,JPY,2014-06-26,101.443
Exchange,USD,JPY,2014-06-29,101.333
Exchange,USD,JPY,2014-06-30,101.525
Exchange,USD,JPY,2014-07-01,101.777
Exchange,USD,JPY,2014-07-02,102.194
Exchange,USD,JPY,2014-07-03,102.076
Exchange,USD,JPY,2014-07-06,101.86
Exchange,USD,JPY,2014-07-07,101.569
Exchange,USD,JPY,2014-07-08,101.636
Exchange,USD,JPY,2014-07-09,101.34
Exchange,USD,JPY,2014-07-10,101.324
Exchange,USD,JPY,2014-07-13,101.538
Exchange,USD,JPY,2014-07-14,101.682
Exchange,USD,JPY,2014-07-15,101.68
Exchange,USD,JPY,2014-07-16,101.177
Exchange,USD,JPY,2014-07-17,101.328
Exchange,USD,JPY,2014-07-20,101.396
Exchange,USD,JPY,2014-07-21,101.462
Exchange,USD,JPY,2014-07-22,101.479
Exchange,USD,JPY,2014-07-23,101.814
Exchange,USD,JPY,2014-07-24,101.832
Exchange,USD,JPY,2014-07-27,101.861
Exchange,USD,JPY,2014-07-28,102.119
Exchange,USD,JPY,2014-07-29,102.792
Exchange,USD,JPY,2014-07-30,102.795
Exchange,USD,JPY,2014-07-31,102.61
Exchange,USD,JPY,2014-08-03,102.578
Exchange,USD,JPY,2014-08-04,102.596
Exchange,USD,JPY,2014-08-05,102.097
Exchange,USD,JPY,2014-08-06,102.096
Exchange,USD,JPY,2014-08-07,102.024
Exchange,USD,JPY,2014-08-10,102.194
Exchange,USD,JPY,2014-08-11,102.258
Exchange,USD,JPY,2014-08-12,102.416
Exchange,USD,JPY,2014-08-13,102.452
Exchange,USD,JPY,2014-08-14,102.357
Exchange,USD,JPY,2014-08-17,102.57
Exchange,USD,JPY,2014-08-18,102.914
Exchange,USD,JPY,2014-08-19,103.76
Exchange,USD,JPY,2014-08-20,103.848
Exchange,USD,JPY,2014-08-21,103.946
Exchange,USD,JPY,2014-08-24,104.056
Exchange,USD,JPY,2014-08-25,104.064
Exchange,USD,JPY,2014-08-26,103.88
Exchange,USD,JPY,2014-08-27,103.726
Exchange,USD,JPY,2014-08-28,104.08
Exchange,USD,JPY,2014-08-31,104.35
Exchange,USD,JPY,2014-09-01,105.092
Exchange,USD,JPY,2014-09-02,104.796
Exchange,USD,JPY,2014-09-03,105.261
Exchange,USD,JPY,2014-09-04,105.084
Exchange,USD,JPY,2014-09-07,106.028
Exchange,USD,JPY,2014-09-08,106.204
Exchange,USD,JPY,2014-09-09,106.86
Exchange,USD,JPY,2014-09-10,107.1
Exchange,USD,JPY,2014-09-11,107.352
Exchange,USD,JPY,2014-09-14,107.186
Exchange,USD,JPY,2014-09-15,107.13
Exchange,USD,JPY,2014-09-16,108.371
Exchange,USD,JPY,2014-09-17,108.683
Exchange,USD,JPY,2014-09-18,109.038
Exchange,USD,JPY,2014-09-21,108.837
Exchange,USD,JPY,2014-09-22,108.884
Exchange,USD,JPY,2014-09-23,109.044
Exchange,USD,JPY,2014-09-24,108.752
Exchange,USD,JPY,2014-09-25,109.288
Exchange,USD,JPY,2014-09-28,109.486
Exchange,USD,JPY,2014-09-29,109.652
Exchange,USD,JPY,2014-09-30,108.888
Exchange,USD,JPY,2014-10-01,108.42
Exchange,USD,JPY,2014-10-02,109.764
Exchange,USD,JPY,2014-10-05,108.78
Exchange,USD,JPY,2014-10-06,108.027
Exchange,USD,JPY,2014-10-07,108.077
Exchange,USD,JPY,2014-10-08,107.839
Exchange,USD,JPY,2014-10-09,107.651
Exchange,USD,JPY,2014-10-12,106.841
Exchange,USD,JPY,2014-10-13,107.054
Exchange,USD,JPY,2014-10-14,105.93
Exchange,USD,JPY,2014-10-15,106.322
Exchange,USD,JPY,2014-10-16,106.888
Exchange,USD,JPY,2014-10-19,106.947
Exchange,USD,JPY,2014-10-20,106.998
Exchange,USD,JPY,2014-10-21,107.133
Exchange,USD,JPY,2014-10-22,108.268
Exchange,USD,JPY,2014-10-23,108.16
Exchange,USD,JPY,2014-10-26,107.824
Exchange,USD,JPY,2014-10-27,108.17
Exchange,USD,JPY,2014-10-28,108.889
Exchange,USD,JPY,2014-10-29,109.218
Exchange,USD,JPY,2014-10-30,112.327
Exchange,USD,JPY,2014-11-02,114.052
Exchange,USD,JPY,2014-11-03,113.598
Exchange,USD,JPY,2014-11-04,114.641
Exchange,USD,JPY,2014-11-05,115.208
Exchange,USD,JPY,2014-11-06,114.596
Exchange,USD,JPY,2014-11-09,114.855
Exchange,USD,JPY,2014-11-10,115.773
Exchange,USD,JPY,2014-11-11,115.462
Exchange,USD,JPY,2014-11-12,115.766
Exchange,USD,JPY,2014-11-13,116.275
Exchange,USD,JPY,2014-11-16,116.627
Exchange,USD,JPY,2014-11-17,116.853
Exchange,USD,JPY,2014-11-18,117.967
Exchange,USD,JPY,2014-11-19,118.229
Exchange,USD,JPY,2014-11-20,117.866
Exchange,USD,JPY,2014-11-23,118.275
Exchange,USD,JPY,2014-11-24,117.972
Exchange,USD,JPY,2014-11-25,117.743
Exchange,USD,JPY,2014-11-26,117.716
Exchange,USD,JPY,2014-11-27,118.617
Exchange,USD,JPY,2014-11-30,118.402
Exchange,USD,JPY,2014-12-01,119.216
Exchange,USD,JPY,2014-12-02,119.792
Exchange,USD,JPY,2014-12-03,119.784
Exchange,USD,JPY,2014-12-04,121.472
Exchange,USD,JPY,2014-12-07,120.69
Exchange,USD,JPY,2014-12-08,119.694
Exchange,USD,JPY,2014-12-09,117.821
Exchange,USD,JPY,2014-12-10,118.648
Exchange,USD,JPY,2014-12-11,118.812
Exchange,USD,JPY,2014-12-14,117.81
Exchange,USD,JPY,2014-12-15,116.412
Exchange,USD,JPY,2014-12-16,118.639
Exchange,USD,JPY,2014-12-17,118.841
Exchange,USD,JPY,2014-12-18,119.514
Exchange,USD,JPY,2014-12-21,120.038
Exchange,USD,JPY,2014-12-22,120.69
Exchange,USD,JPY,2014-12-23,120.46
Exchange,USD,JPY,2014-12-25,120.382
Exchange,USD,JPY,2014-12-28,120.673
Exchange,USD,JPY,2014-12-29,119.472
Exchange,USD,JPY,2014-12-30,119.884
Exchange,USD,JPY,2015-01-01,120.494
Exchange,USD,JPY,2015-01-04,119.636
Exchange,USD,JPY,2015-01-05,118.384
Exchange,USD,JPY,2015-01-06,119.253
Exchange,USD,JPY,2015-01-07,119.661
Exchange,USD,JPY,2015-01-08,118.543
Exchange,USD,JPY,2015-01-11,118.348
Exchange,USD,JPY,2015-01-12,117.923
Exchange,USD,JPY,2015-01-13,117.332
Exchange,USD,JPY,2015-01-14,116.163
Exchange,USD,JPY,2015-01-15,117.624
Exchange,USD,JPY,2015-01-18,117.558
Exchange,USD,JPY,2015-01-19,118.814
Exchange,USD,JPY,2015-01-20,117.954
Exchange,USD,JPY,2015-01-21,118.502
Exchange,USD,JPY,2015-01-22,117.8
Exchange,USD,JPY,2015-01-25,118.456
Exchange,USD,JPY,2015-01-26,117.864
Exchange,USD,JPY,2015-01-27,117.536
Exchange,USD,JPY,2015-01-28,118.291
Exchange,USD,JPY,2015-01-29,117.535
Exchange,USD,JPY,2015-02-01,117.598
Exchange,USD,JPY,2015-02-02,117.568
Exchange,USD,JPY,2015-02-03,117.262
Exchange,USD,JPY,2015-02-04,117.53
Exchange,USD,JPY,2015-02-05,119.134
Exchange,USD,JPY,2015-02-08,118.633
Exchange,USD,JPY,2015-02-09,119.423
Exchange,USD,JPY,2015-02-10,120.462
Exchange,USD,JPY,2015-02-11,119.109
Exchange,USD,JPY,2015-02-12,118.799
Exchange,USD,JPY,2015-02-15,118.48
Exchange,USD,JPY,2015-02-16,119.242
Exchange,USD,JPY,2015-02-17,118.786
Exchange,USD,JPY,2015-02-18,118.943
Exchange,USD,JPY,2015-02-19,119.01
Exchange,USD,JPY,2015-02-22,118.813
Exchange,USD,JPY,2015-02-23,118.98
Exchange,USD,JPY,2015-02-24,118.86
Exchange,USD,JPY,2015-02-25,119.418
Exchange,USD,JPY,2015-02-26,119.606
Exchange,USD,JPY,2015-03-01,120.132
Exchange,USD,JPY,2015-03-02,119.738
Exchange,USD,JPY,2015-03-03,119.688
Exchange,USD,JPY,2015-03-04,120.134
Exchange,USD,JPY,2015-03-05,120.827
Exchange,USD,JPY,2015-03-08,121.15
Exchange,USD,JPY,2015-03-09,121.146
Exchange,USD,JPY,2015-03-10,121.453
Exchange,USD,JPY,2015-03-11,121.284
Exchange,USD,JPY,2015-03-12,121.384
Exchange,USD,JPY,2015-03-15,121.34
Exchange,USD,JPY,2015-03-16,121.374
Exchange,USD,JPY,2015-03-17,120.118
Exchange,USD,JPY,2015-03-18,120.772
Exchange,USD,JPY,2015-03-19,120.07
Exchange,USD,JPY,2015-03-22,119.726
Exchange,USD,JPY,2015-03-23,119.753
Exchange,USD,JPY,2015-03-24,119.488
Exchange,USD,JPY,2015-03-25,119.192
Exchange,USD,JPY,2015-03-26,119.126
Exchange,USD,JPY,2015-03-29,120.072
Exchange,USD,JPY,2015-03-30,120.142
Exchange,USD,JPY,2015-03-31,119.751
Exchange,USD,JPY,2015-04-01,119.724
Exchange,USD,JPY,2015-04-02,118.992
Exchange,USD,JPY,2015-04-05,119.536
Exchange,USD,JPY,2015-04-06,120.266
Exchange,USD,JPY,2015-04-07,120.132
Exchange,USD,JPY,2015-04-08,120.578
Exchange,USD,JPY,2015-04-09,120.198
Exchange,USD,JPY,2015-04-12,120.13
Exchange,USD,JPY,2015-04-13,119.397
Exchange,USD,JPY,2015-04-14,119.136
Exchange,USD,JPY,2015-04-15,119.003
Exchange,USD,JPY,2015-04-16,118.919
Exchange,USD,JPY,2015-04-19,119.188
Exchange,USD,JPY,2015-04-20,119.67
Exchange,USD,JPY,2015-04-21,119.91
Exchange,USD,JPY,2015-04-22,119.584
Exchange,USD,JPY,2015-04-23,118.966
Exchange,USD,JPY,2015-04-26,119.04
Exchange,USD,JPY,2015-04-27,118.876
Exchange,USD,JPY,2015-04-28,119.018
Exchange,USD,JPY,2015-04-29,119.376
Exchange,USD,JPY,2015-04-30,120.21
Exchange,USD,JPY,2015-05-03,120.122
Exchange,USD,JPY,2015-05-04,119.862
Exchange,USD,JPY,2015-05-05,119.462
Exchange,USD,JPY,2015-05-06,119.742
Exchange,USD,JPY,2015-05-07,119.794
Exchange,USD,JPY,2015-05-10,120.088
Exchange,USD,JPY,2015-05-11,119.869
Exchange,USD,JPY,2015-05-12,119.15
Exchange,USD,JPY,2015-05-13,119.17
Exchange,USD,JPY,2015-05-14,119.349
Exchange,USD,JPY,2015-05-17,119.984
Exchange,USD,JPY,2015-05-18,120.687
Exchange,USD,JPY,2015-05-19,121.364
Exchange,USD,JPY,2015-05-20,121.026
Exchange,USD,JPY,2015-05-21,121.534
Exchange,USD,JPY,2015-05-24,121.56
Exchange,USD,JPY,2015-05-25,123.121
Exchange,USD,JPY,2015-05-26,123.666
Exchange,USD,JPY,2015-05-27,123.954
Exchange,USD,JPY,2015-05-28,124.146
Exchange,USD,JPY,2015-05-31,124.786
Exchange,USD,JPY,2015-06-01,124.114
Exchange,USD,JPY,2015-06-02,124.228
Exchange,USD,JPY,2015-06-03,124.368
Exchange,USD,JPY,2015-06-04,125.599
Exchange,USD,JPY,2015-06-07,124.492
Exchange,USD,JPY,2015-06-08,124.348
Exchange,USD,JPY,2015-06-09,122.674
Exchange,USD,JPY,2015-06-10,123.422
Exchange,USD,JPY,2015-06-11,123.407
Exchange,USD,JPY,2015-06-14,123.394
Exchange,USD,JPY,2015-06-15,123.355
Exchange,USD,JPY,2015-06-16,123.442
Exchange,USD,JPY,2015-06-17,122.954
Exchange,USD,JPY,2015-06-18,122.709
Exchange,USD,JPY,2015-06-21,123.375
Exchange,USD,JPY,2015-06-22,123.94
Exchange,USD,JPY,2015-06-23,123.849
Exchange,USD,JPY,2015-06-24,123.62
Exchange,USD,JPY,2015-06-25,123.846
Exchange,USD,JPY,2015-06-28,122.548
Exchange,USD,JPY,2015-06-29,122.499
Exchange,USD,JPY,2015-06-30,123.171
Exchange,USD,JPY,2015-07-01,123.062
Exchange,USD,JPY,2015-07-02,122.771
Exchange,USD,JPY,2015-07-05,122.573
Exchange,USD,JPY,2015-07-06,122.542
Exchange,USD,JPY,2015-07-07,120.7
Exchange,USD,JPY,2015-07-08,121.338
Exchange,USD,JPY,2015-07-09,122.798
Exchange,USD,JPY,2015-07-12,123.43
Exchange,USD,JPY,2015-07-13,123.385
Exchange,USD,JPY,2015-07-14,123.768
Exchange,USD,JPY,2015-07-15,124.146
Exchange,USD,JPY,2015-07-16,124.064
Exchange,USD,JPY,2015-07-19,124.282
Exchange,USD,JPY,2015-07-20,123.89
Exchange,USD,JPY,2015-07-21,123.974
Exchange,USD,JPY,2015-07-22,123.909
Exchange,USD,JPY,2015-07-23,123.8
Exchange,USD,JPY,2015-07-26,123.246
Exchange,USD,JPY,2015-07-27,123.555
Exchange,USD,JPY,2015-07-28,123.941
Exchange,USD,JPY,2015-07-29,124.145
Exchange,USD,JPY,2015-07-30,123.859
Exchange,USD,JPY,2015-08-02,124.032
Exchange,USD,JPY,2015-08-03,124.38
Exchange,USD,JPY,2015-08-04,124.868
Exchange,USD,JPY,2015-08-05,124.74
Exchange,USD,JPY,2015-08-06,124.222
Exchange,USD,JPY,2015-08-09,124.627
Exchange,USD,JPY,2015-08-10,125.124
Exchange,USD,JPY,2015-08-11,124.21
Exchange,USD,JPY,2015-08-12,124.432
Exchange,USD,JPY,2015-08-13,124.333
Exchange,USD,JPY,2015-08-16,124.388
Exchange,USD,JPY,2015-08-17,124.41
Exchange,USD,JPY,2015-08-18,123.801
Exchange,USD,JPY,2015-08-19,123.404
Exchange,USD,JPY,2015-08-20,122.031
Exchange,USD,JPY,2015-08-23,118.429
Exchange,USD,JPY,2015-08-24,118.866
Exchange,USD,JPY,2015-08-25,119.902
Exchange,USD,JPY,2015-08-26,121.032
Exchange,USD,JPY,2015-08-27,121.73
Exchange,USD,JPY,2015-08-28,121.715
Exchange,USD,JPY,2015-08-30,121.224
Exchange,USD,JPY,2015-08-31,119.38
Exchange,USD,JPY,2015-09-01,120.331
Exchange,USD,JPY,2015-09-02,120.059
Exchange,USD,JPY,2015-09-03,119.018
Exchange,USD,JPY,2015-09-06,119.278
Exchange,USD,JPY,2015-09-07,119.815
Exchange,USD,JPY,2015-09-08,120.507
Exchange,USD,JPY,2015-09-09,120.63
Exchange,USD,JPY,2015-09-10,120.59
Exchange,USD,JPY,2015-09-13,120.235
Exchange,USD,JPY,2015-09-14,120.422
Exchange,USD,JPY,2015-09-15,120.567
Exchange,USD,JPY,2015-09-16,120.005
Exchange,USD,JPY,2015-09-17,119.986
Exchange,USD,JPY,2015-09-20,120.56
Exchange,USD,JPY,2015-09-21,120.162
Exchange,USD,JPY,2015-09-22,120.274
Exchange,USD,JPY,2015-09-23,120.06
Exchange,USD,JPY,2015-09-24,120.6
Exchange,USD,JPY,2015-09-27,119.924
Exchange,USD,JPY,2015-09-28,119.739
Exchange,USD,JPY,2015-09-29,119.878
Exchange,USD,JPY,2015-09-30,119.924
Exchange,USD,JPY,2015-10-01,119.904
Exchange,USD,JPY,2015-10-04,120.461
Exchange,USD,JPY,2015-10-05,120.233
Exchange,USD,JPY,2015-10-06,120.012
Exchange,USD,JPY,2015-10-07,119.934
Exchange,USD,JPY,2015-10-08,120.223
Exchange,USD,JPY,2015-10-11,120.04
Exchange,USD,JPY,2015-10-12,119.742
Exchange,USD,JPY,2015-10-13,118.831
Exchange,USD,JPY,2015-10-14,118.898
Exchange,USD,JPY,2015-10-15,119.45
Exchange,USD,JPY,2015-10-18,119.5
Exchange,USD,JPY,2015-10-19,119.844
Exchange,USD,JPY,2015-10-20,119.932
Exchange,USD,JPY,2015-10-21,120.692
Exchange,USD,JPY,2015-10-22,121.467
Exchange,USD,JPY,2015-10-25,121.096
Exchange,USD,JPY,2015-10-26,120.456
Exchange,USD,JPY,2015-10-27,121.09
Exchange,USD,JPY,2015-10-28,121.12
Exchange,USD,JPY,2015-10-29,120.612
Exchange,USD,JPY,2015-11-01,120.755
Exchange,USD,JPY,2015-11-02,121.074
Exchange,USD,JPY,2015-11-03,121.55
Exchange,USD,JPY,2015-11-04,121.75
Exchange,USD,JPY,2015-11-05,123.158
Exchange,USD,JPY,2015-11-08,123.174
Exchange,USD,JPY,2015-11-09,123.166
Exchange,USD,JPY,2015-11-10,122.858
Exchange,USD,JPY,2015-11-11,122.616
Exchange,USD,JPY,2015-11-12,122.606
Exchange,USD,JPY,2015-11-15,123.175
Exchange,USD,JPY,2015-11-16,123.442
Exchange,USD,JPY,2015-11-17,123.64
Exchange,USD,JPY,2015-11-18,122.865
Exchange,USD,JPY,2015-11-19,122.793
Exchange,USD,JPY,2015-11-22,122.84
Exchange,USD,JPY,2015-11-23,122.536
Exchange,USD,JPY,2015-11-24,122.708
Exchange,USD,JPY,2015-11-25,122.588
Exchange,USD,JPY,2015-11-26,122.778
Exchange,USD,JPY,2015-11-29,123.115
Exchange,USD,JPY,2015-11-30,122.88
Exchange,USD,JPY,2015-12-01,123.246
Exchange,USD,JPY,2015-12-02,122.609
Exchange,USD,JPY,2015-12-03,123.118
Exchange,USD,JPY,2015-12-06,123.37
Exchange,USD,JPY,2015-12-07,122.931
Exchange,USD,JPY,2015-12-08,121.44
Exchange,USD,JPY,2015-12-09,121.566
Exchange,USD,JPY,2015-12-10,120.982
Exchange,USD,JPY,2015-12-13,121.038
Exchange,USD,JPY,2015-12-14,121.676
Exchange,USD,JPY,2015-12-15,122.208
Exchange,USD,JPY,2015-12-16,122.56
Exchange,USD,JPY,2015-12-17,121.163
Exchange,USD,JPY,2015-12-20,121.184
Exchange,USD,JPY,2015-12-21,121.07
Exchange,USD,JPY,2015-12-22,120.918
Exchange,USD,JPY,2015-12-23,120.283
Exchange,USD,JPY,2015-12-27,120.393
Exchange,USD,JPY,2015-12-28,120.46
Exchange,USD,JPY,2015-12-29,120.534
Exchange,USD,JPY,2015-12-30,120.209
Exchange,USD,JPY,2016-01-03,119.445
Exchange,USD,JPY,2016-01-04,119.063
Exchange,USD,JPY,2016-01-05,118.475
Exchange,USD,JPY,2016-01-06,117.67
Exchange,USD,JPY,2016-01-07,117.238
Exchange,USD,JPY,2016-01-10,117.761
Exchange,USD,JPY,2016-01-11,117.643
Exchange,USD,JPY,2016-01-12,117.666
Exchange,USD,JPY,2016-01-13,118.065
Exchange,USD,JPY,2016-01-14,117.013
Exchange,USD,JPY,2016-01-17,117.344
Exchange,USD,JPY,2016-01-18,117.634
Exchange,USD,JPY,2016-01-19,116.947
Exchange,USD,JPY,2016-01-20,117.696
Exchange,USD,JPY,2016-01-21,118.775
Exchange,USD,JPY,2016-01-24,118.296
Exchange,USD,JPY,2016-01-25,118.423
Exchange,USD,JPY,2016-01-26,118.68
Exchange,USD,JPY,2016-01-27,118.818
Exchange,USD,JPY,2016-01-28,121.134
Exchange,USD,JPY,2016-01-31,120.992
Exchange,USD,JPY,2016-02-01,119.962
Exchange,USD,JPY,2016-02-02,117.881
Exchange,USD,JPY,2016-02-03,116.777
Exchange,USD,JPY,2016-02-04,116.867
Exchange,USD,JPY,2016-02-07,115.847
Exchange,USD,JPY,2016-02-08,115.124
Exchange,USD,JPY,2016-02-09,113.342
Exchange,USD,JPY,2016-02-10,112.43
Exchange,USD,JPY,2016-02-11,113.225
Exchange,USD,JPY,2016-02-14,114.598
Exchange,USD,JPY,2016-02-15,114.084
Exchange,USD,JPY,2016-02-16,114.09
Exchange,USD,JPY,2016-02-17,113.253
Exchange,USD,JPY,2016-02-18,112.576
Exchange,USD,JPY,2016-02-21,112.922
Exchange,USD,JPY,2016-02-22,112.106
Exchange,USD,JPY,2016-02-23,112.174
Exchange,USD,JPY,2016-02-24,112.988
Exchange,USD,JPY,2016-02-25,113.983
Exchange,USD,JPY,2016-02-28,112.7
Exchange,USD,JPY,2016-02-29,114.003
Exchange,USD,JPY,2016-03-01,113.47
Exchange,USD,JPY,2016-03-02,113.694
Exchange,USD,JPY,2016-03-03,113.773
Exchange,USD,JPY,2016-03-06,113.456
Exchange,USD,JPY,2016-03-07,112.628
Exchange,USD,JPY,2016-03-08,113.34
Exchange,USD,JPY,2016-03-09,113.214
Exchange,USD,JPY,2016-03-10,113.842
Exchange,USD,JPY,2016-03-13,113.818
Exchange,USD,JPY,2016-03-14,113.176
Exchange,USD,JPY,2016-03-15,112.568
Exchange,USD,JPY,2016-03-16,111.4
Exchange,USD,JPY,2016-03-17,111.554
Exchange,USD,JPY,2016-03-20,111.95
Exchange,USD,JPY,2016-03-21,112.362
Exchange,USD,JPY,2016-03-22,112.381
Exchange,USD,JPY,2016-03-23,112.896
Exchange,USD,JPY,2016-03-24,113.092
Exchange,USD,JPY,2016-03-27,113.444
Exchange,USD,JPY,2016-03-28,112.73
Exchange,USD,JPY,2016-03-29,112.44
Exchange,USD,JPY,2016-03-30,112.578
Exchange,USD,JPY,2016-03-31,111.727
Exchange,USD,JPY,2016-04-03,111.33
Exchange,USD,JPY,2016-04-04,110.352
Exchange,USD,JPY,2016-04-05,109.787
Exchange,USD,JPY,2016-04-06,108.208
Exchange,USD,JPY,2016-04-07,108.078
Exchange,USD,JPY,2016-04-10,107.95
Exchange,USD,JPY,2016-04-11,108.542
Exchange,USD,JPY,2016-04-12,109.34
Exchange,USD,JPY,2016-04-13,109.392
Exchange,USD,JPY,2016-04-14,108.748
Exchange,USD,JPY,2016-04-17,108.825
Exchange,USD,JPY,2016-04-18,109.22
Exchange,USD,JPY,2016-04-19,109.846
Exchange,USD,JPY,2016-04-20,109.463
Exchange,USD,JPY,2016-04-21,111.779
Exchange,USD,JPY,2016-04-24,111.198
Exchange,USD,JPY,2016-04-25,111.308
Exchange,USD,JPY,2016-04-26,111.455
Exchange,USD,JPY,2016-04-27,108.101
Exchange,USD,JPY,2016-04-28,106.34
Exchange,USD,JPY,2016-05-01,106.411
Exchange,USD,JPY,2016-05-02,106.603
Exchange,USD,JPY,2016-05-03,107.011
Exchange,USD,JPY,2016-05-04,107.258
Exchange,USD,JPY,2016-05-05,107.122
Exchange,USD,JPY,2016-05-08,108.328
Exchange,USD,JPY,2016-05-09,109.266
Exchange,USD,JPY,2016-05-10,108.429
Exchange,USD,JPY,2016-05-11,109.014
Exchange,USD,JPY,2016-05-12,108.645
Exchange,USD,JPY,2016-05-15,109.026
Exchange,USD,JPY,2016-05-16,109.142
Exchange,USD,JPY,2016-05-17,110.196
Exchange,USD,JPY,2016-05-18,109.958
Exchange,USD,JPY,2016-05-19,110.115
Exchange,USD,JPY,2016-05-22,109.233
Exchange,USD,JPY,2016-05-23,109.991
Exchange,USD,JPY,2016-05-24,110.206
Exchange,USD,JPY,2016-05-25,109.768
Exchange,USD,JPY,2016-05-26,110.283
Exchange,USD,JPY,2016-05-29,111.114
Exchange,USD,JPY,2016-05-30,110.734
Exchange,USD,JPY,2016-05-31,109.538
Exchange,USD,JPY,2016-06-01,108.875
Exchange,USD,JPY,2016-06-02,106.526
Exchange,USD,JPY,2016-06-05,107.551
Exchange,USD,JPY,2016-06-06,107.377
Exchange,USD,JPY,2016-06-07,106.989
Exchange,USD,JPY,2016-06-08,107.114
Exchange,USD,JPY,2016-06-09,106.957
Exchange,USD,JPY,2016-06-12,106.255
Exchange,USD,JPY,2016-06-13,106.113
Exchange,USD,JPY,2016-06-14,106.004
Exchange,USD,JPY,2016-06-15,104.255
Exchange,USD,JPY,2016-06-16,104.131
Exchange,USD,JPY,2016-06-19,103.938
Exchange,USD,JPY,2016-06-20,104.762
Exchange,USD,JPY,2016-06-21,104.418
Exchange,USD,JPY,2016-06-22,106.172
Exchange,USD,JPY,2016-06-23,102.2
Exchange,USD,JPY,2016-06-26,102.003
Exchange,USD,JPY,2016-06-27,102.754
Exchange,USD,JPY,2016-06-28,102.819
Exchange,USD,JPY,2016-06-29,103.19
Exchange,USD,JPY,2016-06-30,102.521
Exchange,USD,JPY,2016-07-03,102.551
Exchange,USD,JPY,2016-07-04,101.736
Exchange,USD,JPY,2016-07-05,101.312
Exchange,USD,JPY,2016-07-06,100.776
Exchange,USD,JPY,2016-07-07,100.561
Exchange,USD,JPY,2016-07-10,102.806
Exchange,USD,JPY,2016-07-11,104.689
Exchange,USD,JPY,2016-07-12,104.482
Exchange,USD,JPY,2016-07-13,105.347
Exchange,USD,JPY,2016-07-14,104.858
Exchange,USD,JPY,2016-07-17,106.158
Exchange,USD,JPY,2016-07-18,106.125
Exchange,USD,JPY,2016-07-19,106.876
Exchange,USD,JPY,2016-07-20,105.812
Exchange,USD,JPY,2016-07-21,106.115
Exchange,USD,JPY,2016-07-24,105.81
Exchange,USD,JPY,2016-07-25,104.63
Exchange,USD,JPY,2016-07-26,105.392
Exchange,USD,JPY,2016-07-27,105.262
Exchange,USD,JPY,2016-07-28,102.068
Exchange,USD,JPY,2016-07-31,102.393
Exchange,USD,JPY,2016-08-01,100.89
Exchange,USD,JPY,2016-08-02,101.24
Exchange,USD,JPY,2016-08-03,101.223
Exchange,USD,JPY,2016-08-04,101.82
Exchange,USD,JPY,2016-08-07,102.451
Exchange,USD,JPY,2016-08-08,101.882
Exchange,USD,JPY,2016-08-09,101.284
Exchange,USD,JPY,2016-08-10,101.964
Exchange,USD,JPY,2016-08-11,101.303
Exchange,USD,JPY,2016-08-14,101.253
Exchange,USD,JPY,2016-08-15,100.308
Exchange,USD,JPY,2016-08-16,100.269
Exchange,USD,JPY,2016-08-17,99.882
Exchange,USD,JPY,2016-08-18,100.22
Exchange,USD,JPY,2016-08-21,100.324
Exchange,USD,JPY,2016-08-22,100.243
Exchange,USD,JPY,2016-08-23,100.45
Exchange,USD,JPY,2016-08-24,100.532
Exchange,USD,JPY,2016-08-25,101.826
Exchange,USD,JPY,2016-08-28,101.919
Exchange,USD,JPY,2016-08-29,102.965
Exchange,USD,JPY,2016-08-30,103.422
Exchange,USD,JPY,2016-08-31,103.231
Exchange,USD,JPY,2016-09-01,103.942
Exchange,USD,JPY,2016-09-04,103.435
Exchange,USD,JPY,2016-09-05,102.02
Exchange,USD,JPY,2016-09-06,101.742
Exchange,USD,JPY,2016-09-07,102.486
Exchange,USD,JPY,2016-09-08,102.695
Exchange,USD,JPY,2016-09-11,101.842
Exchange,USD,JPY,2016-09-12,102.553
Exchange,USD,JPY,2016-09-13,102.428
Exchange,USD,JPY,2016-09-14,102.088
Exchange,USD,JPY,2016-09-15,102.258
Exchange,USD,JPY,2016-09-18,101.92
Exchange,USD,JPY,2016-09-19,101.716
Exchange,USD,JPY,2016-09-20,100.325
Exchange,USD,JPY,2016-09-21,100.764
Exchange,USD,JPY,2016-09-22,101.0
Exchange,USD,JPY,2016-09-25,100.336
Exchange,USD,JPY,2016-09-26,100.43
Exchange,USD,JPY,2016-09-27,100.69
Exchange,USD,JPY,2016-09-28,101.041
Exchange,USD,JPY,2016-09-29,101.353
Exchange,USD,JPY,2016-10-02,101.65
Exchange,USD,JPY,2016-10-03,102.904
Exchange,USD,JPY,2016-10-04,103.496
Exchange,USD,JPY,2016-10-05,103.955
Exchange,USD,JPY,2016-10-06,102.908
Exchange,USD,JPY,2016-10-09,103.613
Exchange,USD,JPY,2016-10-10,103.512
Exchange,USD,JPY,2016-10-11,104.206
Exchange,USD,JPY,2016-10-12,103.697
Exchange,USD,JPY,2016-10-13,104.166
Exchange,USD,JPY,2016-10-16,103.884
Exchange,USD,JPY,2016-10-17,103.862
Exchange,USD,JPY,2016-10-18,103.448
Exchange,USD,JPY,2016-10-19,103.954
Exchange,USD,JPY,2016-10-20,103.832
Exchange,USD,JPY,2016-10-23,104.182
Exchange,USD,JPY,2016-10-24,104.224
Exchange,USD,JPY,2016-10-25,104.478
Exchange,USD,JPY,2016-10-26,105.284
Exchange,USD,JPY,2016-10-27,104.724
Exchange,USD,JPY,2016-10-30,104.824
Exchange,USD,JPY,2016-10-31,104.152
Exchange,USD,JPY,2016-11-01,103.306
Exchange,USD,JPY,2016-11-02,102.978
Exchange,USD,JPY,2016-11-03,103.126
Exchange,USD,JPY,2016-11-06,104.476
Exchange,USD,JPY,2016-11-07,105.176
Exchange,USD,JPY,2016-11-08,105.658
Exchange,USD,JPY,2016-11-09,106.816
Exchange,USD,JPY,2016-11-10,106.683
Exchange,USD,JPY,2016-11-13,108.423
Exchange,USD,JPY,2016-11-14,109.196
Exchange,USD,JPY,2016-11-15,109.076
Exchange,USD,JPY,2016-11-16,110.137
Exchange,USD,JPY,2016-11-17,110.911
Exchange,USD,JPY,2016-11-20,110.83
Exchange,USD,JPY,2016-11-21,111.152
Exchange,USD,JPY,2016-11-22,112.526
Exchange,USD,JPY,2016-11-23,113.328
Exchange,USD,JPY,2016-11-24,113.253
Exchange,USD,JPY,2016-11-27,111.922
Exchange,USD,JPY,2016-11-28,112.39
Exchange,USD,JPY,2016-11-29,114.462
Exchange,USD,JPY,2016-11-30,114.096
Exchange,USD,JPY,2016-12-01,113.515
Exchange,USD,JPY,2016-12-04,113.852
Exchange,USD,JPY,2016-12-05,114.018
Exchange,USD,JPY,2016-12-06,113.76
Exchange,USD,JPY,2016-12-07,114.03
Exchange,USD,JPY,2016-12-08,115.32
Exchange,USD,JPY,2016-12-11,115.024
Exchange,USD,JPY,2016-12-12,115.188
Exchange,USD,JPY,2016-12-13,117.043
Exchange,USD,JPY,2016-12-14,118.18
Exchange,USD,JPY,2016-12-15,117.913
Exchange,USD,JPY,2016-12-18,117.097
Exchange,USD,JPY,2016-12-19,117.864
Exchange,USD,JPY,2016-12-20,117.557
Exchange,USD,JPY,2016-12-21,117.54
Exchange,USD,JPY,2016-12-22,117.333
Exchange,USD,JPY,2016-12-26,117.42
Exchange,USD,JPY,2016-12-27,117.261
Exchange,USD,JPY,2016-12-28,116.536
Exchange,USD,JPY,2016-12-29,117.017
Exchange,USD,JPY,2017-01-02,117.748
Exchange,USD,JPY,2017-01-03,117.247
Exchange,USD,JPY,2017-01-04,115.364
Exchange,USD,JPY,2017-01-05,116.982
Exchange,USD,JPY,2017-01-08,116.05
Exchange,USD,JPY,2017-01-09,115.778
Exchange,USD,JPY,2017-01-10,115.414
Exchange,USD,JPY,2017-01-11,114.719
Exchange,USD,JPY,2017-01-12,114.498
Exchange,USD,JPY,2017-01-15,114.199
Exchange,USD,JPY,2017-01-16,112.607
Exchange,USD,JPY,2017-01-17,114.628
Exchange,USD,JPY,2017-01-18,114.86
Exchange,USD,JPY,2017-01-19,114.585
Exchange,USD,JPY,2017-01-22,112.7
Exchange,USD,JPY,2017-01-23,113.782
Exchange,USD,JPY,2017-01-24,113.28
Exchange,USD,JPY,2017-01-25,114.537
Exchange,USD,JPY,2017-01-26,115.094
Exchange,USD,JPY,2017-01-29,113.78
Exchange,USD,JPY,2017-01-30,112.802
Exchange,USD,JPY,2017-01-31,113.248
Exchange,USD,JPY,2017-02-01,112.806
Exchange,USD,JPY,2017-02-02,112.596
Exchange,USD,JPY,2017-02-05,111.745
Exchange,USD,JPY,2017-02-06,112.398
Exchange,USD,JPY,2017-02-07,111.932
Exchange,USD,JPY,2017-02-08,113.248
Exchange,USD,JPY,2017-02-09,113.227
Exchange,USD,JPY,2017-02-12,113.738
Exchange,USD,JPY,2017-02-13,114.264
Exchange,USD,JPY,2017-02-14,114.154
Exchange,USD,JPY,2017-02-15,113.246
Exchange,USD,JPY,2017-02-16,112.809
Exchange,USD,JPY,2017-02-19,113.103
Exchange,USD,JPY,2017-02-20,113.683
Exchange,USD,JPY,2017-02-21,113.314
Exchange,USD,JPY,2017-02-22,112.624
Exchange,USD,JPY,2017-02-23,112.125
Exchange,USD,JPY,2017-02-26,112.69
Exchange,USD,JPY,2017-02-27,112.789
Exchange,USD,JPY,2017-02-28,113.726
Exchange,USD,JPY,2017-03-01,114.406
Exchange,USD,JPY,2017-03-02,114.005
Exchange,USD,JPY,2017-03-05,113.896
Exchange,USD,JPY,2017-03-06,113.98
Exchange,USD,JPY,2017-03-07,114.387
Exchange,USD,JPY,2017-03-08,114.962
Exchange,USD,JPY,2017-03-09,114.758
Exchange,USD,JPY,2017-03-12,114.882
Exchange,USD,JPY,2017-03-13,114.738
Exchange,USD,JPY,2017-03-14,113.382
Exchange,USD,JPY,2017-03-15,113.306
Exchange,USD,JPY,2017-03-16,112.709
Exchange,USD,JPY,2017-03-19,112.558
Exchange,USD,JPY,2017-03-20,111.723
Exchange,USD,JPY,2017-03-21,111.155
Exchange,USD,JPY,2017-03-22,110.93
Exchange,USD,JPY,2017-03-23,111.321
Exchange,USD,JPY,2017-03-26,110.669
Exchange,USD,JPY,2017-03-27,111.14
Exchange,USD,JPY,2017-03-28,111.048
Exchange,USD,JPY,2017-03-29,111.92
Exchange,USD,JPY,2017-03-30,111.388
Exchange,USD,JPY,2017-04-02,110.902
Exchange,USD,JPY,2017-04-03,110.74
Exchange,USD,JPY,2017-04-04,110.698
Exchange,USD,JPY,2017-04-05,110.801
Exchange,USD,JPY,2017-04-06,111.07
Exchange,USD,JPY,2017-04-09,110.93
Exchange,USD,JPY,2017-04-10,109.606
Exchange,USD,JPY,2017-04-11,109.019
Exchange,USD,JPY,2017-04-12,109.102
Exchange,USD,JPY,2017-04-13,108.646
Exchange,USD,JPY,2017-04-16,108.903
Exchange,USD,JPY,2017-04-17,108.428
Exchange,USD,JPY,2017-04-18,108.854
Exchange,USD,JPY,2017-04-19,109.314
Exchange,USD,JPY,2017-04-20,109.067
Exchange,USD,JPY,2017-04-23,109.769
Exchange,USD,JPY,2017-04-24,111.088
Exchange,USD,JPY,2017-04-25,111.064
Exchange,USD,JPY,2017-04-26,111.264
Exchange,USD,JPY,2017-04-27,111.509
Exchange,USD,JPY,2017-04-30,111.834
Exchange,USD,JPY,2017-05-01,111.992
Exchange,USD,JPY,2017-05-02,112.763
Exchange,USD,JPY,2017-05-03,112.456
Exchange,USD,JPY,2017-05-04,112.686
Exchange,USD,JPY,2017-05-07,113.246
Exchange,USD,JPY,2017-05-08,114.007
Exchange,USD,JPY,2017-05-09,114.277
Exchange,USD,JPY,2017-05-10,113.866
Exchange,USD,JPY,2017-05-11,113.338
Exchange,USD,JPY,2017-05-14,113.798
Exchange,USD,JPY,2017-05-15,113.117
Exchange,USD,JPY,2017-05-16,110.832
Exchange,USD,JPY,2017-05-17,111.482
Exchange,USD,JPY,2017-05-18,111.227
Exchange,USD,JPY,2017-05-21,111.292
Exchange,USD,JPY,2017-05-22,111.782
Exchange,USD,JPY,2017-05-23,111.489
Exchange,USD,JPY,2017-05-24,111.832
Exchange,USD,JPY,2017-05-25,111.304
Exchange,USD,JPY,2017-05-28,111.258
Exchange,USD,JPY,2017-05-29,110.857
Exchange,USD,JPY,2017-05-30,110.778
Exchange,USD,JPY,2017-05-31,111.37
Exchange,USD,JPY,2017-06-01,110.395
Exchange,USD,JPY,2017-06-04,110.474
Exchange,USD,JPY,2017-06-05,109.416
Exchange,USD,JPY,2017-06-06,109.822
Exchange,USD,JPY,2017-06-07,109.996
Exchange,USD,JPY,2017-06-08,110.294
Exchange,USD,JPY,2017-06-11,109.941
Exchange,USD,JPY,2017-06-12,110.066
Exchange,USD,JPY,2017-06-13,109.564
Exchange,USD,JPY,2017-06-14,110.946
Exchange,USD,JPY,2017-06-15,110.89
Exchange,USD,JPY,2017-06-18,111.536
Exchange,USD,JPY,2017-06-19,111.462
Exchange,USD,JPY,2017-06-20,111.374
Exchange,USD,JPY,2017-06-21,111.318
Exchange,USD,JPY,2017-06-22,111.299
Exchange,USD,JPY,2017-06-25,111.864
Exchange,USD,JPY,2017-06-26,112.341
Exchange,USD,JPY,2017-06-27,112.3
Exchange,USD,JPY,2017-06-28,112.164
Exchange,USD,JPY,2017-06-29,112.412
Exchange,USD,JPY,2017-07-02,113.39
Exchange,USD,JPY,2017-07-03,113.288
Exchange,USD,JPY,2017-07-04,113.258
Exchange,USD,JPY,2017-07-05,113.206
Exchange,USD,JPY,2017-07-06,113.928
Exchange,USD,JPY,2017-07-09,114.033
Exchange,USD,JPY,2017-07-10,113.934
Exchange,USD,JPY,2017-07-11,113.174
Exchange,USD,JPY,2017-07-12,113.28
Exchange,USD,JPY,2017-07-13,112.516
Exchange,USD,JPY,2017-07-16,112.622
Exchange,USD,JPY,2017-07-17,112.072
Exchange,USD,JPY,2017-07-18,111.957
Exchange,USD,JPY,2017-07-19,111.915
Exchange,USD,JPY,2017-07-20,111.135
Exchange,USD,JPY,2017-07-23,111.104
Exchange,USD,JPY,2017-07-24,111.888
Exchange,USD,JPY,2017-07-25,111.18
Exchange,USD,JPY,2017-07-26,111.254
Exchange,USD,JPY,2017-07-27,110.683
Exchange,USD,JPY,2017-07-30,110.256
Exchange,USD,JPY,2017-07-31,110.378
Exchange,USD,JPY,2017-08-01,110.74
Exchange,USD,JPY,2017-08-02,110.049
Exchange,USD,JPY,2017-08-03,110.69
Exchange,USD,JPY,2017-08-06,110.743
Exchange,USD,JPY,2017-08-07,110.325
Exchange,USD,JPY,2017-08-08,110.066
Exchange,USD,JPY,2017-08-09,109.204
Exchange,USD,JPY,2017-08-10,109.178
Exchange,USD,JPY,2017-08-13,109.632
Exchange,USD,JPY,2017-08-14,110.676
Exchange,USD,JPY,2017-08-15,110.192
Exchange,USD,JPY,2017-08-16,109.57
Exchange,USD,JPY,2017-08-17,109.212
Exchange,USD,JPY,2017-08-20,108.978
Exchange,USD,JPY,2017-08-21,109.57
Exchange,USD,JPY,2017-08-22,109.042
Exchange,USD,JPY,2017-08-23,109.556
Exchange,USD,JPY,2017-08-24,109.349
Exchange,USD,JPY,2017-08-27,109.254
Exchange,USD,JPY,2017-08-28,109.756
Exchange,USD,JPY,2017-08-29,110.246
Exchange,USD,JPY,2017-08-30,109.974
Exchange,USD,JPY,2017-08-31,110.256
Exchange,USD,JPY,2017-09-03,109.72
Exchange,USD,JPY,2017-09-04,108.813
Exchange,USD,JPY,2017-09-05,109.22
Exchange,USD,JPY,2017-09-06,108.454
Exchange,USD,JPY,2017-09-07,107.845
Exchange,USD,JPY,2017-09-10,109.396
Exchange,USD,JPY,2017-09-11,110.168
Exchange,USD,JPY,2017-09-12,110.488
Exchange,USD,JPY,2017-09-13,110.245
Exchange,USD,JPY,2017-09-14,110.839
Exchange,USD,JPY,2017-09-17,111.568
Exchange,USD,JPY,2017-09-18,111.598
Exchange,USD,JPY,2017-09-19,112.196
Exchange,USD,JPY,2017-09-20,112.48
Exchange,USD,JPY,2017-09-21,111.992
Exchange,USD,JPY,2017-09-24,111.727
Exchange,USD,JPY,2017-09-25,112.235
Exchange,USD,JPY,2017-09-26,112.822
Exchange,USD,JPY,2017-09-27,112.34
Exchange,USD,JPY,2017-09-28,112.502
Exchange,USD,JPY,2017-10-01,112.763
Exchange,USD,JPY,2017-10-02,112.846
Exchange,USD,JPY,2017-10-03,112.758
Exchange,USD,JPY,2017-10-04,112.819
Exchange,USD,JPY,2017-10-05,112.65
Exchange,USD,JPY,2017-10-06,112.65
Exchange,USD,JPY,2017-10-08,112.682
Exchange,USD,JPY,2017-10-09,112.448
Exchange,USD,JPY,2017-10-10,112.494
Exchange,USD,JPY,2017-10-11,112.286
Exchange,USD,JPY,2017-10-12,111.839
Exchange,USD,JPY,2017-10-15,112.196
Exchange,USD,JPY,2017-10-16,112.2
Exchange,USD,JPY,2017-10-17,112.932
Exchange,USD,JPY,2017-10-18,112.537
Exchange,USD,JPY,2017-10-19,113.512
Exchange,USD,JPY,2017-10-20,113.512
Exchange,USD,JPY,2017-10-22,113.431
Exchange,USD,JPY,2017-10-23,113.912
Exchange,USD,JPY,2017-10-24,113.744
Exchange,USD,JPY,2017-10-25,113.985
Exchange,USD,JPY,2017-10-26,113.684
Exchange,USD,JPY,2017-10-29,113.176
Exchange,USD,JPY,2017-10-30,113.638
Exchange,USD,JPY,2017-10-31,114.179
Exchange,USD,JPY,2017-11-01,114.08
Exchange,USD,JPY,2017-11-02,114.07
Exchange,USD,JPY,2017-11-05,113.706
Exchange,USD,JPY,2017-11-06,113.996
Exchange,USD,JPY,2017-11-07,113.874
Exchange,USD,JPY,2017-11-08,113.466
Exchange,USD,JPY,2017-11-09,113.523
Exchange,USD,JPY,2017-11-12,113.626
Exchange,USD,JPY,2017-11-13,113.456
Exchange,USD,JPY,2017-11-14,112.875
Exchange,USD,JPY,2017-11-15,113.048
Exchange,USD,JPY,2017-11-16,112.116
Exchange,USD,JPY,2017-11-19,112.622
Exchange,USD,JPY,2017-11-20,112.448
Exchange,USD,JPY,2017-11-21,111.217
Exchange,USD,JPY,2017-11-22,111.218
Exchange,USD,JPY,2017-11-23,111.525
Exchange,USD,JPY,2017-11-26,111.108
Exchange,USD,JPY,2017-11-27,111.48
Exchange,USD,JPY,2017-11-28,111.928
Exchange,USD,JPY,2017-11-29,112.533
Exchange,USD,JPY,2017-11-30,112.246
Exchange,USD,JPY,2017-12-03,112.41
Exchange,USD,JPY,2017-12-04,112.602
Exchange,USD,JPY,2017-12-05,112.29
Exchange,USD,JPY,2017-12-06,113.084
Exchange,USD,JPY,2017-12-07,113.482
Exchange,USD,JPY,2017-12-10,113.562
Exchange,USD,JPY,2017-12-11,113.545
Exchange,USD,JPY,2017-12-12,112.541
Exchange,USD,JPY,2017-12-13,112.398
Exchange,USD,JPY,2017-12-14,112.622
Exchange,USD,JPY,2017-12-17,112.544
Exchange,USD,JPY,2017-12-18,112.886
Exchange,USD,JPY,2017-12-19,113.396
Exchange,USD,JPY,2017-12-20,113.328
Exchange,USD,JPY,2017-12-21,113.294
Exchange,USD,JPY,2017-12-25,113.234
Exchange,USD,JPY,2017-12-26,113.346
Exchange,USD,JPY,2017-12-27,112.862
Exchange,USD,JPY,2017-12-28,112.696
Exchange,USD,JPY,2018-01-01,112.291
Exchange,USD,JPY,2018-01-02,112.509
Exchange,USD,JPY,2018-01-03,112.75
Exchange,USD,JPY,2018-01-04,113.057
Exchange,USD,JPY,2018-01-07,113.092
Exchange,USD,JPY,2018-01-08,112.648
Exchange,USD,JPY,2018-01-09,111.434
Exchange,USD,JPY,2018-01-10,111.264
Exchange,USD,JPY,2018-01-11,111.046
Exchange,USD,JPY,2018-01-14,110.537
Exchange,USD,JPY,2018-01-15,110.456
Exchange,USD,JPY,2018-01-16,111.292
Exchange,USD,JPY,2018-01-17,111.108
Exchange,USD,JPY,2018-01-18,110.818
Exchange,USD,JPY,2018-01-21,110.937
Exchange,USD,JPY,2018-01-22,110.304
Exchange,USD,JPY,2018-01-23,109.22
Exchange,USD,JPY,2018-01-24,109.409
Exchange,USD,JPY,2018-01-25,108.611
Exchange,USD,JPY,2018-01-28,108.958
Exchange,USD,JPY,2018-01-29,108.78
Exchange,USD,JPY,2018-01-30,109.18
Exchange,USD,JPY,2018-01-31,109.404
Exchange,USD,JPY,2018-02-01,110.166
Exchange,USD,JPY,2018-02-04,109.125
Exchange,USD,JPY,2018-02-05,109.562
Exchange,USD,JPY,2018-02-06,109.341
Exchange,USD,JPY,2018-02-07,108.744
Exchange,USD,JPY,2018-02-08,108.802
Exchange,USD,JPY,2018-02-11,108.656
Exchange,USD,JPY,2018-02-12,107.816
Exchange,USD,JPY,2018-02-13,107.009
Exchange,USD,JPY,2018-02-14,106.122
Exchange,USD,JPY,2018-02-15,106.294
Exchange,USD,JPY,2018-02-18,106.594
Exchange,USD,JPY,2018-02-19,107.33
Exchange,USD,JPY,2018-02-20,107.774
Exchange,USD,JPY,2018-02-21,106.753
Exchange,USD,JPY,2018-02-22,106.876
Exchange,USD,JPY,2018-02-25,106.938
Exchange,USD,JPY,2018-02-26,107.328
Exchange,USD,JPY,2018-02-27,106.671
Exchange,USD,JPY,2018-02-28,106.241
Exchange,USD,JPY,2018-03-01,105.743
Exchange,USD,JPY,2018-03-04,106.202
Exchange,USD,JPY,2018-03-05,106.118
Exchange,USD,JPY,2018-03-06,106.069
Exchange,USD,JPY,2018-03-07,106.223
Exchange,USD,JPY,2018-03-08,106.816
Exchange,USD,JPY,2018-03-11,106.414
Exchange,USD,JPY,2018-03-12,106.58
Exchange,USD,JPY,2018-03-13,106.326
Exchange,USD,JPY,2018-03-14,106.334
Exchange,USD,JPY,2018-03-15,105.996
Exchange,USD,JPY,2018-03-18,106.095
Exchange,USD,JPY,2018-03-19,106.536
Exchange,USD,JPY,2018-03-20,106.051
Exchange,USD,JPY,2018-03-21,105.284
Exchange,USD,JPY,2018-03-22,104.738
Exchange,USD,JPY,2018-03-25,105.402
Exchange,USD,JPY,2018-03-26,105.332
Exchange,USD,JPY,2018-03-27,106.85
Exchange,USD,JPY,2018-03-28,106.436
Exchange,USD,JPY,2018-03-29,106.284
Exchange,USD,JPY,2018-04-01,105.898
Exchange,USD,JPY,2018-04-02,106.608
Exchange,USD,JPY,2018-04-03,106.777
Exchange,USD,JPY,2018-04-04,107.385
Exchange,USD,JPY,2018-04-05,106.927
Exchange,USD,JPY,2018-04-08,106.78
Exchange,USD,JPY,2018-04-09,107.202
Exchange,USD,JPY,2018-04-10,106.794
Exchange,USD,JPY,2018-04-11,107.335
Exchange,USD,JPY,2018-04-12,107.357
Exchange,USD,JPY,2018-04-15,107.115
Exchange,USD,JPY,2018-04-16,107.008
Exchange,USD,JPY,2018-04-17,107.232
Exchange,USD,JPY,2018-04-18,107.367
Exchange,USD,JPY,2018-04-19,107.651
Exchange,USD,JPY,2018-04-22,108.707
Exchange,USD,JPY,2018-04-23,108.816
Exchange,USD,JPY,2018-04-24,109.426
Exchange,USD,JPY,2018-04-25,109.302
Exchange,USD,JPY,2018-04-26,109.047
Exchange,USD,JPY,2018-04-29,109.342
Exchange,USD,JPY,2018-04-30,109.864
Exchange,USD,JPY,2018-05-01,109.83
Exchange,USD,JPY,2018-05-02,109.194
Exchange,USD,JPY,2018-05-03,109.1
Exchange,USD,JPY,2018-05-06,109.093
Exchange,USD,JPY,2018-05-07,109.128
Exchange,USD,JPY,2018-05-08,109.742
Exchange,USD,JPY,2018-05-09,109.396
Exchange,USD,JPY,2018-05-10,109.387
Exchange,USD,JPY,2018-05-13,109.65
Exchange,USD,JPY,2018-05-14,110.352
Exchange,USD,JPY,2018-05-15,110.398
Exchange,USD,JPY,2018-05-16,110.77
Exchange,USD,JPY,2018-05-17,110.758
Exchange,USD,JPY,2018-05-20,111.055
Exchange,USD,JPY,2018-05-21,110.901
Exchange,USD,JPY,2018-05-22,110.08
Exchange,USD,JPY,2018-05-23,109.253
Exchange,USD,JPY,2018-05-24,109.396
Exchange,USD,JPY,2018-05-27,109.418
Exchange,USD,JPY,2018-05-28,108.769
Exchange,USD,JPY,2018-05-29,108.907
Exchange,USD,JPY,2018-05-30,108.814
Exchange,USD,JPY,2018-05-31,109.519
Exchange,USD,JPY,2018-06-03,109.818
Exchange,USD,JPY,2018-06-04,109.799
Exchange,USD,JPY,2018-06-05,110.184
Exchange,USD,JPY,2018-06-06,109.699
Exchange,USD,JPY,2018-06-07,109.54
Exchange,USD,JPY,2018-06-10,110.034
Exchange,USD,JPY,2018-06-11,110.374
Exchange,USD,JPY,2018-06-12,110.344
Exchange,USD,JPY,2018-06-13,110.63
Exchange,USD,JPY,2018-06-14,110.66
Exchange,USD,JPY,2018-06-17,110.55
Exchange,USD,JPY,2018-06-18,110.053
Exchange,USD,JPY,2018-06-19,110.356
Exchange,USD,JPY,2018-06-20,109.97
Exchange,USD,JPY,2018-06-21,109.98
Exchange,USD,JPY,2018-06-24,109.764
Exchange,USD,JPY,2018-06-25,110.041
Exchange,USD,JPY,2018-06-26,110.264
Exchange,USD,JPY,2018-06-27,110.493
Exchange,USD,JPY,2018-06-28,110.728
Exchange,USD,JPY,2018-07-01,110.894
Exchange,USD,JPY,2018-07-02,110.589
Exchange,USD,JPY,2018-07-03,110.494
Exchange,USD,JPY,2018-07-04,110.645
Exchange,USD,JPY,2018-07-05,110.468
Exchange,USD,JPY,2018-07-08,110.846
Exchange,USD,JPY,2018-07-09,110.996
Exchange,USD,JPY,2018-07-10,112.011
Exchange,USD,JPY,2018-07-11,112.527
Exchange,USD,JPY,2018-07-12,112.364
Exchange,USD,JPY,2018-07-15,112.287
Exchange,USD,JPY,2018-07-16,112.878
Exchange,USD,JPY,2018-07-17,112.838
Exchange,USD,JPY,2018-07-18,112.468
Exchange,USD,JPY,2018-07-19,111.434
Exchange,USD,JPY,2018-07-22,111.345
Exchange,USD,JPY,2018-07-23,111.201
Exchange,USD,JPY,2018-07-24,110.972
Exchange,USD,JPY,2018-07-25,111.237
Exchange,USD,JPY,2018-07-26,111.031
Exchange,USD,JPY,2018-07-29,111.072
Exchange,USD,JPY,2018-07-30,111.874
Exchange,USD,JPY,2018-07-31,111.719
Exchange,USD,JPY,2018-08-01,111.658
Exchange,USD,JPY,2018-08-02,111.253
Exchange,USD,JPY,2018-08-05,111.4
Exchange,USD,JPY,2018-08-06,111.379
Exchange,USD,JPY,2018-08-07,110.952
Exchange,USD,JPY,2018-08-08,111.084
Exchange,USD,JPY,2018-08-09,110.858
Exchange,USD,JPY,2018-08-12,110.723
Exchange,USD,JPY,2018-08-13,111.151
Exchange,USD,JPY,2018-08-14,110.742
Exchange,USD,JPY,2018-08-15,110.897
Exchange,USD,JPY,2018-08-16,110.505
Exchange,USD,JPY,2018-08-19,110.068
Exchange,USD,JPY,2018-08-20,110.296
Exchange,USD,JPY,2018-08-21,110.552
Exchange,USD,JPY,2018-08-22,111.29
Exchange,USD,JPY,2018-08-23,111.244
Exchange,USD,JPY,2018-08-26,111.078
Exchange,USD,JPY,2018-08-27,111.194
Exchange,USD,JPY,2018-08-28,111.68
Exchange,USD,JPY,2018-08-29,110.999
Exchange,USD,JPY,2018-08-30,111.081
Exchange,USD,JPY,2018-09-02,111.068
Exchange,USD,JPY,2018-09-03,111.445
Exchange,USD,JPY,2018-09-04,111.529
Exchange,USD,JPY,2018-09-05,110.736
Exchange,USD,JPY,2018-09-06,110.997
Exchange,USD,JPY,2018-09-09,111.131
Exchange,USD,JPY,2018-09-10,111.602
Exchange,USD,JPY,2018-09-11,111.26
Exchange,USD,JPY,2018-09-12,111.922
Exchange,USD,JPY,2018-09-13,112.058
Exchange,USD,JPY,2018-09-16,111.85
Exchange,USD,JPY,2018-09-17,112.368
Exchange,USD,JPY,2018-09-18,112.278
Exchange,USD,JPY,2018-09-19,112.488
Exchange,USD,JPY,2018-09-20,112.575
Exchange,USD,JPY,2018-09-23,112.797
Exchange,USD,JPY,2018-09-24,112.972
Exchange,USD,JPY,2018-09-25,112.73
Exchange,USD,JPY,2018-09-26,113.392
Exchange,USD,JPY,2018-09-27,113.693
Exchange,USD,JPY,2018-09-30,113.949
Exchange,USD,JPY,2018-10-01,113.68
Exchange,USD,JPY,2018-10-02,114.535
Exchange,USD,JPY,2018-10-03,113.933
Exchange,USD,JPY,2018-10-04,113.723
Exchange,USD,JPY,2018-10-07,113.231
Exchange,USD,JPY,2018-10-08,112.954
Exchange,USD,JPY,2018-10-09,112.264
Exchange,USD,JPY,2018-10-10,112.16
Exchange,USD,JPY,2018-10-11,112.209
Exchange,USD,JPY,2018-10-14,111.769
Exchange,USD,JPY,2018-10-15,112.255
Exchange,USD,JPY,2018-10-16,112.653
Exchange,USD,JPY,2018-10-17,112.187
Exchange,USD,JPY,2018-10-18,112.54
Exchange,USD,JPY,2018-10-21,112.824
Exchange,USD,JPY,2018-10-22,112.446
Exchange,USD,JPY,2018-10-23,112.256
Exchange,USD,JPY,2018-10-24,112.412
Exchange,USD,JPY,2018-10-25,111.89
Exchange,USD,JPY,2018-10-28,112.383
Exchange,USD,JPY,2018-10-29,113.082
Exchange,USD,JPY,2018-10-30,112.944
Exchange,USD,JPY,2018-10-31,112.708
Exchange,USD,JPY,2018-11-01,113.205
Exchange,USD,JPY,2018-11-04,113.192
Exchange,USD,JPY,2018-11-05,113.44
Exchange,USD,JPY,2018-11-06,113.514
Exchange,USD,JPY,2018-11-07,114.068
Exchange,USD,JPY,2018-11-08,113.81
Exchange,USD,JPY,2018-11-11,113.848
Exchange,USD,JPY,2018-11-12,113.808
Exchange,USD,JPY,2018-11-13,113.63
Exchange,USD,JPY,2018-11-14,113.634
Exchange,USD,JPY,2018-11-15,112.827
Exchange,USD,JPY,2018-11-18,112.56
Exchange,USD,JPY,2018-11-19,112.754
Exchange,USD,JPY,2018-11-20,113.062
Exchange,USD,JPY,2018-11-21,112.95
Exchange,USD,JPY,2018-11-22,112.955
Exchange,USD,JPY,2018-11-25,113.592
Exchange,USD,JPY,2018-11-26,113.783
Exchange,USD,JPY,2018-11-27,113.684
Exchange,USD,JPY,2018-11-28,113.477
Exchange,USD,JPY,2018-11-29,113.498
Exchange,USD,JPY,2018-12-02,113.645
Exchange,USD,JPY,2018-12-03,112.78
Exchange,USD,JPY,2018-12-04,113.19
Exchange,USD,JPY,2018-12-05,112.67
Exchange,USD,JPY,2018-12-06,112.706
Exchange,USD,JPY,2018-12-07,112.711
Exchange,USD,JPY,2018-12-09,113.348
Exchange,USD,JPY,2018-12-10,113.383
Exchange,USD,JPY,2018-12-11,113.282
Exchange,USD,JPY,2018-12-12,113.606
Exchange,USD,JPY,2018-12-13,113.39
Exchange,USD,JPY,2018-12-16,112.834
Exchange,USD,JPY,2018-12-17,112.523
Exchange,USD,JPY,2018-12-18,112.482
Exchange,USD,JPY,2018-12-19,111.288
Exchange,USD,JPY,2018-12-20,111.221
Exchange,USD,JPY,2018-12-23,110.454
Exchange,USD,JPY,2018-12-25,111.367
Exchange,USD,JPY,2018-12-26,110.98
Exchange,USD,JPY,2018-12-27,110.284
Exchange,USD,JPY,2018-12-30,109.59
Exchange,USD,JPY,2019-01-01,108.887
Exchange,USD,JPY,2019-01-02,107.662
Exchange,USD,JPY,2019-01-03,108.516
Exchange,USD,JPY,2019-01-06,108.716
Exchange,USD,JPY,2019-01-07,108.732
Exchange,USD,JPY,2019-01-08,108.16
Exchange,USD,JPY,2019-01-09,108.426
Exchange,USD,JPY,2019-01-10,108.514
Exchange,USD,JPY,2019-01-13,108.16
Exchange,USD,JPY,2019-01-14,108.7
Exchange,USD,JPY,2019-01-15,109.089
Exchange,USD,JPY,2019-01-16,109.258
Exchange,USD,JPY,2019-01-17,109.774
Exchange,USD,JPY,2019-01-20,109.67
Exchange,USD,JPY,2019-01-21,109.374
Exchange,USD,JPY,2019-01-22,109.614
Exchange,USD,JPY,2019-01-23,109.64
Exchange,USD,JPY,2019-01-24,109.55
Exchange,USD,JPY,2019-01-27,109.346
Exchange,USD,JPY,2019-01-28,109.386
Exchange,USD,JPY,2019-01-29,109.04
Exchange,USD,JPY,2019-01-30,108.868
Exchange,USD,JPY,2019-01-31,109.502
Exchange,USD,JPY,2019-02-03,109.9
Exchange,USD,JPY,2019-02-04,109.964
Exchange,USD,JPY,2019-02-05,109.979
Exchange,USD,JPY,2019-02-06,109.818
Exchange,USD,JPY,2019-02-07,109.754
Exchange,USD,JPY,2019-02-10,110.38
Exchange,USD,JPY,2019-02-11,110.482
Exchange,USD,JPY,2019-02-12,111.004
Exchange,USD,JPY,2019-02-13,110.486
Exchange,USD,JPY,2019-02-14,110.456
Exchange,USD,JPY,2019-02-17,110.614
Exchange,USD,JPY,2019-02-18,110.606
Exchange,USD,JPY,2019-02-19,110.854
Exchange,USD,JPY,2019-02-20,110.707
Exchange,USD,JPY,2019-02-21,110.682
Exchange,USD,JPY,2019-02-24,111.056
Exchange,USD,JPY,2019-02-25,110.585
Exchange,USD,JPY,2019-02-26,110.994
Exchange,USD,JPY,2019-02-27,111.384
Exchange,USD,JPY,2019-02-28,111.903
Exchange,USD,JPY,2019-03-03,111.744
Exchange,USD,JPY,2019-03-04,111.888
Exchange,USD,JPY,2019-03-05,111.77
Exchange,USD,JPY,2019-03-06,111.584
Exchange,USD,JPY,2019-03-07,111.169
Exchange,USD,JPY,2019-03-10,111.214
Exchange,USD,JPY,2019-03-11,111.345
Exchange,USD,JPY,2019-03-12,111.158
Exchange,USD,JPY,2019-03-13,111.693
Exchange,USD,JPY,2019-03-14,111.479
Exchange,USD,JPY,2019-03-15,111.48
Exchange,USD,JPY,2019-03-17,111.426
Exchange,USD,JPY,2019-03-18,111.404
Exchange,USD,JPY,2019-03-19,110.703
Exchange,USD,JPY,2019-03-20,110.816
Exchange,USD,JPY,2019-03-21,109.937
Exchange,USD,JPY,2019-03-22,109.924
Exchange,USD,JPY,2019-03-24,109.967
Exchange,USD,JPY,2019-03-25,110.634
Exchange,USD,JPY,2019-03-26,110.514
Exchange,USD,JPY,2019-03-27,110.65
Exchange,USD,JPY,2019-03-28,110.85
Exchange,USD,JPY,2019-03-31,111.35
Exchange,USD,JPY,2019-04-01,111.322
Exchange,USD,JPY,2019-04-02,111.49
Exchange,USD,JPY,2019-04-03,111.648
Exchange,USD,JPY,2019-04-04,111.72
Exchange,USD,JPY,2019-04-07,111.489
Exchange,USD,JPY,2019-04-08,111.147
Exchange,USD,JPY,2019-04-09,111.012
Exchange,USD,JPY,2019-04-10,111.664
Exchange,USD,JPY,2019-04-11,112.02
Exchange,USD,JPY,2019-04-14,112.038
Exchange,USD,JPY,2019-04-15,112.016
Exchange,USD,JPY,2019-04-16,112.069
Exchange,USD,JPY,2019-04-17,111.98
Exchange,USD,JPY,2019-04-18,111.926
Exchange,USD,JPY,2019-04-21,111.938
Exchange,USD,JPY,2019-04-22,111.862
Exchange,USD,JPY,2019-04-23,112.196
Exchange,USD,JPY,2019-04-24,111.622
Exchange,USD,JPY,2019-04-25,111.587
Exchange,USD,JPY,2019-04-26,111.591
Exchange,USD,JPY,2019-04-28,111.645
Exchange,USD,JPY,2019-04-29,111.429
Exchange,USD,JPY,2019-04-30,111.385
Exchange,USD,JPY,2019-05-01,111.51
Exchange,USD,JPY,2019-05-02,111.096
Exchange,USD,JPY,2019-05-05,110.805
Exchange,USD,JPY,2019-05-06,110.246
Exchange,USD,JPY,2019-05-07,110.099
Exchange,USD,JPY,2019-05-08,109.774
Exchange,USD,JPY,2019-05-09,109.953
Exchange,USD,JPY,2019-05-12,109.305
Exchange,USD,JPY,2019-05-13,109.61
Exchange,USD,JPY,2019-05-14,109.594
Exchange,USD,JPY,2019-05-15,109.848
Exchange,USD,JPY,2019-05-16,110.069
Exchange,USD,JPY,2019-05-17,110.074
Exchange,USD,JPY,2019-05-19,110.062
Exchange,USD,JPY,2019-05-20,110.492
Exchange,USD,JPY,2019-05-21,110.356
Exchange,USD,JPY,2019-05-22,109.601
Exchange,USD,JPY,2019-05-23,109.302
Exchange,USD,JPY,2019-05-26,109.51
Exchange,USD,JPY,2019-05-27,109.364
Exchange,USD,JPY,2019-05-28,109.591
Exchange,USD,JPY,2019-05-29,109.624
Exchange,USD,JPY,2019-05-30,108.304
Exchange,USD,JPY,2019-06-02,108.073
Exchange,USD,JPY,2019-06-03,108.147
Exchange,USD,JPY,2019-06-04,108.46
Exchange,USD,JPY,2019-06-05,108.394
Exchange,USD,JPY,2019-06-06,108.195
Exchange,USD,JPY,2019-06-07,108.147
Exchange,USD,JPY,2019-06-09,108.451
Exchange,USD,JPY,2019-06-10,108.519
Exchange,USD,JPY,2019-06-11,108.506
Exchange,USD,JPY,2019-06-12,108.398
Exchange,USD,JPY,2019-06-13,108.557
Exchange,USD,JPY,2019-06-16,108.538
Exchange,USD,JPY,2019-06-17,108.441
Exchange,USD,JPY,2019-06-18,108.102
Exchange,USD,JPY,2019-06-19,107.302
Exchange,USD,JPY,2019-06-20,107.322
Exchange,USD,JPY,2019-06-23,107.297
Exchange,USD,JPY,2019-06-24,107.17
Exchange,USD,JPY,2019-06-25,107.789
Exchange,USD,JPY,2019-06-26,107.786
Exchange,USD,JPY,2019-06-27,107.902
Exchange,USD,JPY,2019-06-28,107.912
Exchange,USD,JPY,2019-06-30,108.442
Exchange,USD,JPY,2019-07-01,107.904
Exchange,USD,JPY,2019-07-02,107.825
Exchange,USD,JPY,2019-07-03,107.822
Exchange,USD,JPY,2019-07-04,108.474
Exchange,USD,JPY,2019-07-05,108.47
Exchange,USD,JPY,2019-07-07,108.724
Exchange,USD,JPY,2019-07-08,108.856
Exchange,USD,JPY,2019-07-09,108.466
Exchange,USD,JPY,2019-07-10,108.495
Exchange,USD,JPY,2019-07-11,107.906
Exchange,USD,JPY,2019-07-12,107.902
Exchange,USD,JPY,2019-07-14,107.909
Exchange,USD,JPY,2019-07-15,108.24
Exchange,USD,JPY,2019-07-16,107.95
Exchange,USD,JPY,2019-07-17,107.296
Exchange,USD,JPY,2019-07-18,107.726
Exchange,USD,JPY,2019-07-21,107.872
Exchange,USD,JPY,2019-07-22,108.228
Exchange,USD,JPY,2019-07-23,108.188
Exchange,USD,JPY,2019-07-24,108.636
Exchange,USD,JPY,2019-07-25,108.679
Exchange,USD,JPY,2019-07-28,108.782
Exchange,USD,JPY,2019-07-29,108.606
Exchange,USD,JPY,2019-07-30,108.764
Exchange,USD,JPY,2019-07-31,107.35
Exchange,USD,JPY,2019-08-01,106.594
Exchange,USD,JPY,2019-08-02,106.588
Exchange,USD,JPY,2019-08-04,105.953
Exchange,USD,JPY,2019-08-05,106.462
Exchange,USD,JPY,2019-08-06,106.269
Exchange,USD,JPY,2019-08-07,106.071
Exchange,USD,JPY,2019-08-08,105.687
Exchange,USD,JPY,2019-08-09,105.68
Exchange,USD,JPY,2019-08-11,105.304
Exchange,USD,JPY,2019-08-12,106.744
Exchange,USD,JPY,2019-08-13,105.912
Exchange,USD,JPY,2019-08-14,106.11
Exchange,USD,JPY,2019-08-15,106.37
Exchange,USD,JPY,2019-08-16,106.364
Exchange,USD,JPY,2019-08-18,106.632
Exchange,USD,JPY,2019-08-19,106.232
Exchange,USD,JPY,2019-08-20,106.617
Exchange,USD,JPY,2019-08-21,106.44
Exchange,USD,JPY,2019-08-22,105.406
Exchange,USD,JPY,2019-08-23,105.398
Exchange,USD,JPY,2019-08-25,106.13
Exchange,USD,JPY,2019-08-26,105.758
Exchange,USD,JPY,2019-08-27,106.122
Exchange,USD,JPY,2019-08-28,106.516
Exchange,USD,JPY,2019-08-29,106.284
Exchange,USD,JPY,2019-08-30,106.277
Exchange,USD,JPY,2019-09-01,106.223
Exchange,USD,JPY,2019-09-02,105.946
Exchange,USD,JPY,2019-09-03,106.408
Exchange,USD,JPY,2019-09-04,106.947
Exchange,USD,JPY,2019-09-05,106.918
Exchange,USD,JPY,2019-09-08,107.242
Exchange,USD,JPY,2019-09-09,107.542
Exchange,USD,JPY,2019-09-10,107.83
Exchange,USD,JPY,2019-09-11,108.112
Exchange,USD,JPY,2019-09-12,108.096
Exchange,USD,JPY,2019-09-13,108.101
Exchange,USD,JPY,2019-09-15,108.146
Exchange,USD,JPY,2019-09-16,108.118
Exchange,USD,JPY,2019-09-17,108.448
Exchange,USD,JPY,2019-09-18,108.048
Exchange,USD,JPY,2019-09-19,107.565
Exchange,USD,JPY,2019-09-20,107.554
Exchange,USD,JPY,2019-09-22,107.546
Exchange,USD,JPY,2019-09-23,107.081
Exchange,USD,JPY,2019-09-24,107.77
Exchange,USD,JPY,2019-09-25,107.84
Exchange,USD,JPY,2019-09-26,107.935
Exchange,USD,JPY,2019-09-29,108.074
Exchange,USD,JPY,2019-09-30,107.752
Exchange,USD,JPY,2019-10-01,107.182
Exchange,USD,JPY,2019-10-02,106.916
Exchange,USD,JPY,2019-10-03,106.922
Exchange,USD,JPY,2019-10-06,107.254
Exchange,USD,JPY,2019-10-07,107.087
Exchange,USD,JPY,2019-10-08,107.483
Exchange,USD,JPY,2019-10-09,107.953
Exchange,USD,JPY,2019-10-10,108.431
Exchange,USD,JPY,2019-10-11,108.426
Exchange,USD,JPY,2019-10-13,108.397
Exchange,USD,JPY,2019-10-14,108.862
Exchange,USD,JPY,2019-10-15,108.764
Exchange,USD,JPY,2019-10-16,108.654
Exchange,USD,JPY,2019-10-17,108.423
Exchange,USD,JPY,2019-10-20,108.609
Exchange,USD,JPY,2019-10-21,108.486
Exchange,USD,JPY,2019-10-22,108.692
Exchange,USD,JPY,2019-10-23,108.627
Exchange,USD,JPY,2019-10-24,108.668
Exchange,USD,JPY,2019-10-27,108.966
Exchange,USD,JPY,2019-10-28,108.888
Exchange,USD,JPY,2019-10-29,108.842
Exchange,USD,JPY,2019-10-30,108.028
Exchange,USD,JPY,2019-10-31,108.185
Exchange,USD,JPY,2019-11-03,108.578
Exchange,USD,JPY,2019-11-04,109.16
Exchange,USD,JPY,2019-11-05,108.978
Exchange,USD,JPY,2019-11-06,109.284
Exchange,USD,JPY,2019-11-07,109.249
Exchange,USD,JPY,2019-11-10,109.05
Exchange,USD,JPY,2019-11-11,109.028
Exchange,USD,JPY,2019-11-12,108.817
Exchange,USD,JPY,2019-11-13,108.405
Exchange,USD,JPY,2019-11-14,108.778
Exchange,USD,JPY,2019-11-17,108.679
Exchange,USD,JPY,2019-11-18,108.54
Exchange,USD,JPY,2019-11-19,108.608
Exchange,USD,JPY,2019-11-20,108.612
Exchange,USD,JPY,2019-11-21,108.651
Exchange,USD,JPY,2019-11-24,108.924
Exchange,USD,JPY,2019-11-25,109.062
Exchange,USD,JPY,2019-11-26,109.537
Exchange,USD,JPY,2019-11-27,109.514
Exchange,USD,JPY,2019-11-28,109.5
Exchange,USD,JPY,2019-12-01,108.978
Exchange,USD,JPY,2019-12-02,108.635
Exchange,USD,JPY,2019-12-03,108.868
Exchange,USD,JPY,2019-12-04,108.758
Exchange,USD,JPY,2019-12-05,108.586
Exchange,USD,JPY,2019-12-08,108.553
Exchange,USD,JPY,2019-12-09,108.733
Exchange,USD,JPY,2019-12-10,108.558
Exchange,USD,JPY,2019-12-11,109.307
Exchange,USD,JPY,2019-12-12,109.348
Exchange,USD,JPY,2019-12-15,109.554
Exchange,USD,JPY,2019-12-16,109.492
Exchange,USD,JPY,2019-12-17,109.571
Exchange,USD,JPY,2019-12-18,109.359
Exchange,USD,JPY,2019-12-19,109.443
Exchange,USD,JPY,2019-12-22,109.392
Exchange,USD,JPY,2019-12-23,109.398
Exchange,USD,JPY,2019-12-25,109.639
Exchange,USD,JPY,2019-12-26,109.453
Exchange,USD,JPY,2019-12-29,108.88
Exchange,USD,JPY,2019-12-30,108.628
Exchange,USD,JPY,2020-01-01,108.561
Exchange,USD,JPY,2020-01-02,108.11
Exchange,USD,JPY,2020-01-05,108.372
Exchange,USD,JPY,2020-01-06,108.46
Exchange,USD,JPY,2020-01-07,109.134
Exchange,USD,JPY,2020-01-08,109.524
Exchange,USD,JPY,2020-01-09,109.471
Exchange,USD,JPY,2020-01-12,109.944
Exchange,USD,JPY,2020-01-13,109.996
Exchange,USD,JPY,2020-01-14,109.9
Exchange,USD,JPY,2020-01-15,110.17
Exchange,USD,JPY,2020-01-16,110.156
Exchange,USD,JPY,2020-01-19,110.184
Exchange,USD,JPY,2020-01-20,109.87
Exchange,USD,JPY,2020-01-21,109.838
Exchange,USD,JPY,2020-01-22,109.494
Exchange,USD,JPY,2020-01-23,109.279
Exchange,USD,JPY,2020-01-26,108.896
Exchange,USD,JPY,2020-01-27,109.148
Exchange,USD,JPY,2020-01-28,109.02
Exchange,USD,JPY,2020-01-29,108.96
Exchange,USD,JPY,2020-01-30,108.358
Exchange,USD,JPY,2020-02-02,108.683
Exchange,USD,JPY,2020-02-03,109.525
Exchange,USD,JPY,2020-02-04,109.83
Exchange,USD,JPY,2020-02-05,109.996
Exchange,USD,JPY,2020-02-06,109.749
Exchange,USD,JPY,2020-02-09,109.775
Exchange,USD,JPY,2020-02-10,109.789
Exchange,USD,JPY,2020-02-11,110.095
Exchange,USD,JPY,2020-02-12,109.826
Exchange,USD,JPY,2020-02-13,109.781
Exchange,USD,JPY,2020-02-16,109.88
Exchange,USD,JPY,2020-02-17,109.872
Exchange,USD,JPY,2020-02-18,111.364
Exchange,USD,JPY,2020-02-19,112.11
Exchange,USD,JPY,2020-02-20,111.549
Exchange,USD,JPY,2020-02-23,110.72
Exchange,USD,JPY,2020-02-24,110.204
Exchange,USD,JPY,2020-02-25,110.419
Exchange,USD,JPY,2020-02-26,109.589
Exchange,USD,JPY,2020-02-27,108.064
Exchange,USD,JPY,2020-03-01,108.331
Exchange,USD,JPY,2020-03-02,107.112
Exchange,USD,JPY,2020-03-03,107.536
Exchange,USD,JPY,2020-03-04,106.168
Exchange,USD,JPY,2020-03-05,105.362
Exchange,USD,JPY,2020-03-08,102.369
Exchange,USD,JPY,2020-03-09,105.638
Exchange,USD,JPY,2020-03-10,104.533
Exchange,USD,JPY,2020-03-11,104.634
Exchange,USD,JPY,2020-03-12,107.887
Exchange,USD,JPY,2020-03-15,105.851
Exchange,USD,JPY,2020-03-16,107.684
Exchange,USD,JPY,2020-03-17,108.081
Exchange,USD,JPY,2020-03-18,110.707
Exchange,USD,JPY,2020-03-19,110.793
Exchange,USD,JPY,2020-03-22,111.242
Exchange,USD,JPY,2020-03-23,111.221
Exchange,USD,JPY,2020-03-24,111.208
Exchange,USD,JPY,2020-03-25,109.627
Exchange,USD,JPY,2020-03-26,108.014
Exchange,USD,JPY,2020-03-29,107.778
Exchange,USD,JPY,2020-03-30,107.557
Exchange,USD,JPY,2020-03-31,107.172
Exchange,USD,JPY,2020-04-01,107.884
Exchange,USD,JPY,2020-04-02,108.528
Exchange,USD,JPY,2020-04-05,109.224
Exchange,USD,JPY,2020-04-06,108.766
Exchange,USD,JPY,2020-04-07,108.83
Exchange,USD,JPY,2020-04-08,108.495
Exchange,USD,JPY,2020-04-09,108.465
Exchange,USD,JPY,2020-04-12,107.768
Exchange,USD,JPY,2020-04-13,107.218
Exchange,USD,JPY,2020-04-14,107.438
Exchange,USD,JPY,2020-04-15,107.91
Exchange,USD,JPY,2020-04-16,107.548
Exchange,USD,JPY,2020-04-19,107.626
Exchange,USD,JPY,2020-04-20,107.766
Exchange,USD,JPY,2020-04-21,107.746
Exchange,USD,JPY,2020-04-22,107.613
Exchange,USD,JPY,2020-04-23,107.503
Exchange,USD,JPY,2020-04-26,107.259
Exchange,USD,JPY,2020-04-27,106.868
Exchange,USD,JPY,2020-04-28,106.707
Exchange,USD,JPY,2020-04-29,107.199
Exchange,USD,JPY,2020-04-30,106.916
Exchange,USD,JPY,2020-05-03,106.725
Exchange,USD,JPY,2020-05-04,106.55
Exchange,USD,JPY,2020-05-05,106.102
Exchange,USD,JPY,2020-05-06,106.268
Exchange,USD,JPY,2020-05-07,106.64
Exchange,USD,JPY,2020-05-10,107.656
Exchange,USD,JPY,2020-05-11,107.148
Exchange,USD,JPY,2020-05-12,107.038
Exchange,USD,JPY,2020-05-13,107.236
Exchange,USD,JPY,2020-05-14,107.074
Exchange,USD,JPY,2020-05-17,107.314
Exchange,USD,JPY,2020-05-18,107.699
Exchange,USD,JPY,2020-05-19,107.545
Exchange,USD,JPY,2020-05-20,107.608
Exchange,USD,JPY,2020-05-21,107.635
Exchange,USD,JPY,2020-05-24,107.716
Exchange,USD,JPY,2020-05-25,107.562
Exchange,USD,JPY,2020-05-26,107.722
Exchange,USD,JPY,2020-05-27,107.639
Exchange,USD,JPY,2020-05-28,107.821
Exchange,USD,JPY,2020-05-31,107.592
Exchange,USD,JPY,2020-06-01,108.68
Exchange,USD,JPY,2020-06-02,108.904
Exchange,USD,JPY,2020-06-03,109.157
Exchange,USD,JPY,2020-06-04,109.59
Exchange,USD,JPY,2020-06-07,108.43
Exchange,USD,JPY,2020-06-08,107.755
Exchange,USD,JPY,2020-06-09,107.122
Exchange,USD,JPY,2020-06-10,106.865
Exchange,USD,JPY,2020-06-11,107.392
Exchange,USD,JPY,2020-06-14,107.324
Exchange,USD,JPY,2020-06-15,107.324
Exchange,USD,JPY,2020-06-16,107.007
Exchange,USD,JPY,2020-06-17,106.973
Exchange,USD,JPY,2020-06-18,106.891
Exchange,USD,JPY,2020-06-21,106.906
Exchange,USD,JPY,2020-06-22,106.526
Exchange,USD,JPY,2020-06-23,107.042
Exchange,USD,JPY,2020-06-24,107.195
Exchange,USD,JPY,2020-06-25,107.219
Exchange,USD,JPY,2020-06-28,107.572
Exchange,USD,JPY,2020-06-29,107.933
Exchange,USD,JPY,2020-06-30,107.463
Exchange,USD,JPY,2020-07-01,107.502
Exchange,USD,JPY,2020-07-02,107.502
Exchange,USD,JPY,2020-07-05,107.388
Exchange,USD,JPY,2020-07-06,107.52
Exchange,USD,JPY,2020-07-07,107.26
Exchange,USD,JPY,2020-07-08,107.206
Exchange,USD,JPY,2020-07-09,106.923
Exchange,USD,JPY,2020-07-12,107.293
Exchange,USD,JPY,2020-07-13,107.239
Exchange,USD,JPY,2020-07-14,106.932
Exchange,USD,JPY,2020-07-15,107.274
Exchange,USD,JPY,2020-07-16,107.037
Exchange,USD,JPY,2020-07-19,107.272
Exchange,USD,JPY,2020-07-20,106.803
Exchange,USD,JPY,2020-07-21,107.158
Exchange,USD,JPY,2020-07-22,106.866
Exchange,USD,JPY,2020-07-23,106.14
Exchange,USD,JPY,2020-07-26,105.379
Exchange,USD,JPY,2020-07-27,105.096
Exchange,USD,JPY,2020-07-28,104.92
Exchange,USD,JPY,2020-07-29,104.728
Exchange,USD,JPY,2020-07-30,105.896
Exchange,USD,JPY,2020-08-02,105.952
Exchange,USD,JPY,2020-08-03,105.718
Exchange,USD,JPY,2020-08-04,105.596
Exchange,USD,JPY,2020-08-05,105.55
Exchange,USD,JPY,2020-08-06,105.926
Exchange,USD,JPY,2020-08-09,105.96
Exchange,USD,JPY,2020-08-10,106.492
Exchange,USD,JPY,2020-08-11,106.894
Exchange,USD,JPY,2020-08-12,106.93
Exchange,USD,JPY,2020-08-13,106.595
Exchange,USD,JPY,2020-08-16,106.006
Exchange,USD,JPY,2020-08-17,105.41
Exchange,USD,JPY,2020-08-18,106.118
Exchange,USD,JPY,2020-08-19,105.804
Exchange,USD,JPY,2020-08-20,105.808
Exchange,USD,JPY,2020-08-23,105.974
Exchange,USD,JPY,2020-08-24,106.389
Exchange,USD,JPY,2020-08-25,105.99
Exchange,USD,JPY,2020-08-26,106.56
Exchange,USD,JPY,2020-08-27,105.368
Exchange,USD,JPY,2020-08-30,105.908
Exchange,USD,JPY,2020-08-31,105.958
Exchange,USD,JPY,2020-09-01,106.182
Exchange,USD,JPY,2020-09-02,106.195
Exchange,USD,JPY,2020-09-03,106.241
Exchange,USD,JPY,2020-09-06,106.272
Exchange,USD,JPY,2020-09-07,106.032
Exchange,USD,JPY,2020-09-08,106.18
Exchange,USD,JPY,2020-09-09,106.134
Exchange,USD,JPY,2020-09-10,106.168
Exchange,USD,JPY,2020-09-13,105.732
Exchange,USD,JPY,2020-09-14,105.447
Exchange,USD,JPY,2020-09-15,104.953
Exchange,USD,JPY,2020-09-16,104.744
Exchange,USD,JPY,2020-09-17,104.572
Exchange,USD,JPY,2020-09-20,104.644
Exchange,USD,JPY,2020-09-21,104.934
Exchange,USD,JPY,2020-09-22,105.395
Exchange,USD,JPY,2020-09-23,105.408
Exchange,USD,JPY,2020-09-24,105.584
Exchange,USD,JPY,2020-09-27,105.517
Exchange,USD,JPY,2020-09-28,105.666
Exchange,USD,JPY,2020-09-29,105.548
Exchange,USD,JPY,2020-09-30,105.529
Exchange,USD,JPY,2020-10-01,105.32
Exchange,USD,JPY,2020-10-04,105.742
Exchange,USD,JPY,2020-10-05,105.63
Exchange,USD,JPY,2020-10-06,105.966
Exchange,USD,JPY,2020-10-07,106.032
Exchange,USD,JPY,2020-10-08,105.622
Exchange,USD,JPY,2020-10-11,105.343
Exchange,USD,JPY,2020-10-12,105.482
Exchange,USD,JPY,2020-10-13,105.167
Exchange,USD,JPY,2020-10-14,105.446
Exchange,USD,JPY,2020-10-15,105.406
Exchange,USD,JPY,2020-10-18,105.441
Exchange,USD,JPY,2020-10-19,105.502
Exchange,USD,JPY,2020-10-20,104.591
Exchange,USD,JPY,2020-10-21,104.845
Exchange,USD,JPY,2020-10-22,104.709
Exchange,USD,JPY,2020-10-25,104.834
Exchange,USD,JPY,2020-10-26,104.416
Exchange,USD,JPY,2020-10-27,104.314
Exchange,USD,JPY,2020-10-28,104.602
Exchange,USD,JPY,2020-10-29,104.62
Exchange,USD,JPY,2020-11-01,104.695
Exchange,USD,JPY,2020-11-02,104.531
Exchange,USD,JPY,2020-11-03,104.512
Exchange,USD,JPY,2020-11-04,103.504
Exchange,USD,JPY,2020-11-05,103.37
Exchange,USD,JPY,2020-11-08,105.372
Exchange,USD,JPY,2020-11-09,105.302
Exchange,USD,JPY,2020-11-10,105.432
Exchange,USD,JPY,2020-11-11,105.134
Exchange,USD,JPY,2020-11-12,104.64
Exchange,USD,JPY,2020-11-15,104.583
Exchange,USD,JPY,2020-11-16,104.197
Exchange,USD,JPY,2020-11-17,103.822
Exchange,USD,JPY,2020-11-18,103.749
Exchange,USD,JPY,2020-11-19,103.858
Exchange,USD,JPY,2020-11-22,104.516
Exchange,USD,JPY,2020-11-23,104.447
Exchange,USD,JPY,2020-11-24,104.458
Exchange,USD,JPY,2020-11-25,104.275
Exchange,USD,JPY,2020-11-26,104.108
Exchange,USD,JPY,2020-11-29,104.296
Exchange,USD,JPY,2020-11-30,104.339
Exchange,USD,JPY,2020-12-01,104.413
Exchange,USD,JPY,2020-12-02,103.842
Exchange,USD,JPY,2020-12-03,104.188
Exchange,USD,JPY,2020-12-06,104.056
Exchange,USD,JPY,2020-12-07,104.171
Exchange,USD,JPY,2020-12-08,104.225
Exchange,USD,JPY,2020-12-09,104.242
Exchange,USD,JPY,2020-12-10,104.056
Exchange,USD,JPY,2020-12-13,104.068
Exchange,USD,JPY,2020-12-14,103.674
Exchange,USD,JPY,2020-12-15,103.46
Exchange,USD,JPY,2020-12-16,103.095
Exchange,USD,JPY,2020-12-17,103.308
Exchange,USD,JPY,2020-12-20,103.343
Exchange,USD,JPY,2020-12-21,103.649
Exchange,USD,JPY,2020-12-22,103.584
Exchange,USD,JPY,2020-12-23,103.675
Exchange,USD,JPY,2020-12-24,103.69
Exchange,USD,JPY,2020-12-27,103.81
Exchange,USD,JPY,2020-12-28,103.603
Exchange,USD,JPY,2020-12-29,103.164
Exchange,USD,JPY,2020-12-30,103.318
Exchange,USD,JPY,2021-01-03,103.126
Exchange,USD,JPY,2021-01-04,102.739
Exchange,USD,JPY,2021-01-05,103.048
Exchange,USD,JPY,2021-01-06,103.812
Exchange,USD,JPY,2021-01-07,103.934
Exchange,USD,JPY,2021-01-10,104.266
Exchange,USD,JPY,2021-01-11,103.752
Exchange,USD,JPY,2021-01-12,103.884
Exchange,USD,JPY,2021-01-13,103.802
Exchange,USD,JPY,2021-01-14,103.876
Exchange,USD,JPY,2021-01-17,103.691
Exchange,USD,JPY,2021-01-18,103.902
Exchange,USD,JPY,2021-01-19,103.542
Exchange,USD,JPY,2021-01-20,103.511
Exchange,USD,JPY,2021-01-21,103.777
Exchange,USD,JPY,2021-01-24,103.738
Exchange,USD,JPY,2021-01-25,103.618
Exchange,USD,JPY,2021-01-26,104.11
Exchange,USD,JPY,2021-01-27,104.231
Exchange,USD,JPY,2021-01-28,104.714
Exchange,USD,JPY,2021-01-31,104.924
Exchange,USD,JPY,2021-02-01,104.973
Exchange,USD,JPY,2021-02-02,105.03
Exchange,USD,JPY,2021-02-03,105.583
Exchange,USD,JPY,2021-02-04,105.4
Exchange,USD,JPY,2021-02-07,105.223
Exchange,USD,JPY,2021-02-08,104.602
Exchange,USD,JPY,2021-02-09,104.58
Exchange,USD,JPY,2021-02-10,104.747
Exchange,USD,JPY,2021-02-11,104.926
Exchange,USD,JPY,2021-02-14,105.388
Exchange,USD,JPY,2021-02-15,106.047
Exchange,USD,JPY,2021-02-16,105.875
Exchange,USD,JPY,2021-02-17,105.715
Exchange,USD,JPY,2021-02-18,105.429
Exchange,USD,JPY,2021-02-21,105.081
Exchange,USD,JPY,2021-02-22,105.251
Exchange,USD,JPY,2021-02-23,105.885
Exchange,USD,JPY,2021-02-24,106.214
Exchange,USD,JPY,2021-02-25,106.568
Exchange,USD,JPY,2021-02-28,106.762
Exchange,USD,JPY,2021-03-01,106.687
Exchange,USD,JPY,2021-03-02,107.014
Exchange,USD,JPY,2021-03-03,107.982
Exchange,USD,JPY,2021-03-04,108.339
Exchange,USD,JPY,2021-03-07,108.899
Exchange,USD,JPY,2021-03-08,108.488
Exchange,USD,JPY,2021-03-09,108.381
Exchange,USD,JPY,2021-03-10,108.511
Exchange,USD,JPY,2021-03-11,109.024
Exchange,USD,JPY,2021-03-14,109.129
Exchange,USD,JPY,2021-03-15,109.0
Exchange,USD,JPY,2021-03-16,108.841
Exchange,USD,JPY,2021-03-17,108.886
Exchange,USD,JPY,2021-03-18,108.884
Exchange,USD,JPY,2021-03-21,108.845
Exchange,USD,JPY,2021-03-22,108.584
Exchange,USD,JPY,2021-03-23,108.738
Exchange,USD,JPY,2021-03-24,109.186
Exchange,USD,JPY,2021-03-25,109.682
Exchange,USD,JPY,2021-03-28,109.795
Exchange,USD,JPY,2021-03-29,110.36
Exchange,USD,JPY,2021-03-30,110.697
Exchange,USD,JPY,2021-03-31,110.617
Exchange,USD,JPY,2021-04-01,110.675
Exchange,USD,JPY,2021-04-04,110.177
Exchange,USD,JPY,2021-04-05,109.752
Exchange,USD,JPY,2021-04-06,109.855
Exchange,USD,JPY,2021-04-07,109.261
Exchange,USD,JPY,2021-04-08,109.672
Exchange,USD,JPY,2021-04-11,109.374
Exchange,USD,JPY,2021-04-12,109.061
Exchange,USD,JPY,2021-04-13,108.917
Exchange,USD,JPY,2021-04-14,108.764
Exchange,USD,JPY,2021-04-15,108.802
Exchange,USD,JPY,2021-04-18,108.166
Exchange,USD,JPY,2021-04-19,108.113
Exchange,USD,JPY,2021-04-20,108.078
Exchange,USD,JPY,2021-04-21,107.98
Exchange,USD,JPY,2021-04-22,107.866
Exchange,USD,JPY,2021-04-25,108.08
Exchange,USD,JPY,2021-04-26,108.702
Exchange,USD,JPY,2021-04-27,108.578
Exchange,USD,JPY,2021-04-28,108.929
Exchange,USD,JPY,2021-04-29,109.3
Exchange,USD,JPY,2021-05-02,109.078
Exchange,USD,JPY,2021-05-03,109.376
Exchange,USD,JPY,2021-05-04,109.227
Exchange,USD,JPY,2021-05-05,109.086
Exchange,USD,JPY,2021-05-06,108.615
Exchange,USD,JPY,2021-05-09,108.811
Exchange,USD,JPY,2021-05-10,108.625
Exchange,USD,JPY,2021-05-11,109.706
Exchange,USD,JPY,2021-05-12,109.474
Exchange,USD,JPY,2021-05-13,109.345
Exchange,USD,JPY,2021-05-16,109.164
Exchange,USD,JPY,2021-05-17,108.895
Exchange,USD,JPY,2021-05-18,109.219
Exchange,USD,JPY,2021-05-19,108.782
Exchange,USD,JPY,2021-05-20,108.901
Exchange,USD,JPY,2021-05-23,108.763
Exchange,USD,JPY,2021-05-24,108.778
Exchange,USD,JPY,2021-05-25,109.148
Exchange,USD,JPY,2021-05-26,109.842
Exchange,USD,JPY,2021-05-27,109.859
Exchange,USD,JPY,2021-05-30,109.584
Exchange,USD,JPY,2021-05-31,109.494
Exchange,USD,JPY,2021-06-01,109.572
Exchange,USD,JPY,2021-06-02,110.31
Exchange,USD,JPY,2021-06-03,109.511
Exchange,USD,JPY,2021-06-06,109.254
Exchange,USD,JPY,2021-06-07,109.49
Exchange,USD,JPY,2021-06-08,109.638
Exchange,USD,JPY,2021-06-09,109.326
Exchange,USD,JPY,2021-06-10,109.654
Exchange,USD,JPY,2021-06-13,110.074
Exchange,USD,JPY,2021-06-14,110.065
Exchange,USD,JPY,2021-06-15,110.716
Exchange,USD,JPY,2021-06-16,110.234
Exchange,USD,JPY,2021-06-17,110.224
Exchange,USD,JPY,2021-06-20,110.328
Exchange,USD,JPY,2021-06-21,110.676
Exchange,USD,JPY,2021-06-22,110.955
Exchange,USD,JPY,2021-06-23,110.888
Exchange,USD,JPY,2021-06-24,110.765
Exchange,USD,JPY,2021-06-27,110.62
Exchange,USD,JPY,2021-06-28,110.545
Exchange,USD,JPY,2021-06-29,111.107
Exchange,USD,JPY,2021-06-30,111.526
Exchange,USD,JPY,2021-07-01,111.024
Exchange,USD,JPY,2021-07-04,110.994
Exchange,USD,JPY,2021-07-05,110.621
Exchange,USD,JPY,2021-07-06,110.618
Exchange,USD,JPY,2021-07-07,109.763
Exchange,USD,JPY,2021-07-08,110.131
Exchange,USD,JPY,2021-07-11,110.366
Exchange,USD,JPY,2021-07-12,110.634
Exchange,USD,JPY,2021-07-13,109.954
Exchange,USD,JPY,2021-07-14,109.849
Exchange,USD,JPY,2021-07-15,110.084
Exchange,USD,JPY,2021-07-18,109.454
Exchange,USD,JPY,2021-07-19,109.858
Exchange,USD,JPY,2021-07-20,110.289
Exchange,USD,JPY,2021-07-21,110.157
Exchange,USD,JPY,2021-07-22,110.55
Exchange,USD,JPY,2021-07-25,110.384
Exchange,USD,JPY,2021-07-26,109.792
Exchange,USD,JPY,2021-07-27,109.916
Exchange,USD,JPY,2021-07-28,109.487
Exchange,USD,JPY,2021-07-29,109.721
Exchange,USD,JPY,2021-08-01,109.311
Exchange,USD,JPY,2021-08-02,109.028
Exchange,USD,JPY,2021-08-03,109.49
Exchange,USD,JPY,2021-08-04,109.778
Exchange,USD,JPY,2021-08-05,110.246
Exchange,USD,JPY,2021-08-08,110.336
Exchange,USD,JPY,2021-08-09,110.574
Exchange,USD,JPY,2021-08-10,110.444
Exchange,USD,JPY,2021-08-11,110.44
Exchange,USD,JPY,2021-08-12,109.612
Exchange,USD,JPY,2021-08-15,109.272
Exchange,USD,JPY,2021-08-16,109.587
Exchange,USD,JPY,2021-08-17,109.768
Exchange,USD,JPY,2021-08-18,109.764
Exchange,USD,JPY,2021-08-19,109.8
Exchange,USD,JPY,2021-08-22,109.695
Exchange,USD,JPY,2021-08-23,109.682
Exchange,USD,JPY,2021-08-24,109.987
Exchange,USD,JPY,2021-08-25,110.087
Exchange,USD,JPY,2021-08-26,109.842
Exchange,USD,JPY,2021-08-29,109.92
Exchange,USD,JPY,2021-08-30,109.998
Exchange,USD,JPY,2021-08-31,110.031
Exchange,USD,JPY,2021-09-01,109.936
Exchange,USD,JPY,2021-09-02,109.705
Exchange,USD,JPY,2021-09-05,109.862
Exchange,USD,JPY,2021-09-06,110.286
Exchange,USD,JPY,2021-09-07,110.266
Exchange,USD,JPY,2021-09-08,109.736
Exchange,USD,JPY,2021-09-09,109.932
Exchange,USD,JPY,2021-09-12,110.004
Exchange,USD,JPY,2021-09-13,109.692
Exchange,USD,JPY,2021-09-14,109.374
Exchange,USD,JPY,2021-09-15,109.74
Exchange,USD,JPY,2021-09-16,109.951
Exchange,USD,JPY,2021-09-19,109.393
Exchange,USD,JPY,2021-09-20,109.222
Exchange,USD,JPY,2021-09-21,109.806
Exchange,USD,JPY,2021-09-22,110.329
Exchange,USD,JPY,2021-09-23,110.708
Exchange,USD,JPY,2021-09-26,111.012
Exchange,USD,JPY,2021-09-27,111.512
Exchange,USD,JPY,2021-09-28,111.972
Exchange,USD,JPY,2021-09-29,111.282
Exchange,USD,JPY,2021-09-30,111.051
Exchange,USD,JPY,2021-10-03,110.928
Exchange,USD,JPY,2021-10-04,111.465
Exchange,USD,JPY,2021-10-05,111.41
Exchange,USD,JPY,2021-10-06,111.629
Exchange,USD,JPY,2021-10-07,112.232
Exchange,USD,JPY,2021-10-10,113.33
Exchange,USD,JPY,2021-10-11,113.608
Exchange,USD,JPY,2021-10-12,113.254
Exchange,USD,JPY,2021-10-13,113.68
Exchange,USD,JPY,2021-10-14,114.208
Exchange,USD,JPY,2021-10-17,114.319
Exchange,USD,JPY,2021-10-18,114.376
Exchange,USD,JPY,2021-10-19,114.332
Exchange,USD,JPY,2021-10-20,114.004
Exchange,USD,JPY,2021-10-21,113.492
Exchange,USD,JPY,2021-10-24,113.715
Exchange,USD,JPY,2021-10-25,114.154
Exchange,USD,JPY,2021-10-26,113.812
Exchange,USD,JPY,2021-10-27,113.57
Exchange,USD,JPY,2021-10-28,113.904
Exchange,USD,JPY,2021-10-31,114.0
Exchange,USD,JPY,2021-11-01,113.954
Exchange,USD,JPY,2021-11-02,114.01
Exchange,USD,JPY,2021-11-03,113.755
Exchange,USD,JPY,2021-11-04,113.407
Exchange,USD,JPY,2021-11-07,113.228
Exchange,USD,JPY,2021-11-08,112.88
Exchange,USD,JPY,2021-11-09,113.912
Exchange,USD,JPY,2021-11-10,114.066
Exchange,USD,JPY,2021-11-11,113.892
Exchange,USD,JPY,2021-11-14,114.139
Exchange,USD,JPY,2021-11-15,114.828
Exchange,USD,JPY,2021-11-16,114.118
Exchange,USD,JPY,2021-11-17,114.254
Exchange,USD,JPY,2021-11-18,114.0
Exchange,USD,JPY,2021-11-21,114.882
Exchange,USD,JPY,2021-11-22,115.128
Exchange,USD,JPY,2021-11-23,115.412
Exchange,USD,JPY,2021-11-24,115.365
Exchange,USD,JPY,2021-11-25,113.38
Exchange,USD,JPY,2021-11-28,113.544
Exchange,USD,JPY,2021-11-29,113.144
Exchange,USD,JPY,2021-11-30,112.783
Exchange,USD,JPY,2021-12-01,113.188
Exchange,USD,JPY,2021-12-02,112.82
Exchange,USD,JPY,2021-12-05,113.498
Exchange,USD,JPY,2021-12-06,113.57
Exchange,USD,JPY,2021-12-07,113.702
Exchange,USD,JPY,2021-12-08,113.461
Exchange,USD,JPY,2021-12-09,113.379
Exchange,USD,JPY,2021-12-12,113.585
Exchange,USD,JPY,2021-12-13,113.754
Exchange,USD,JPY,2021-12-14,114.06
Exchange,USD,JPY,2021-12-15,113.704
Exchange,USD,JPY,2021-12-16,113.712
Exchange,USD,JPY,2021-12-19,113.632
Exchange,USD,JPY,2021-12-20,114.095
Exchange,USD,JPY,2021-12-21,114.118
Exchange,USD,JPY,2021-12-22,114.423
Exchange,USD,JPY,2021-12-23,114.402
Exchange,USD,JPY,2021-12-26,114.889
Exchange,USD,JPY,2021-12-27,114.83
Exchange,USD,JPY,2021-12-28,114.984
Exchange,USD,JPY,2021-12-29,115.07
Exchange,USD,JPY,2021-12-30,115.11
Exchange,USD,JPY,2022-01-02,115.35
Exchange,USD,JPY,2022-01-03,116.148
Exchange,USD,JPY,2022-01-04,116.105
Exchange,USD,JPY,2022-01-05,115.844
Exchange,USD,JPY,2022-01-06,115.549
Exchange,USD,JPY,2022-01-09,115.199
Exchange,USD,JPY,2022-01-10,115.299
Exchange,USD,JPY,2022-01-11,114.638
Exchange,USD,JPY,2022-01-12,114.165
Exchange,USD,JPY,2022-01-13,114.185
Exchange,USD,JPY,2022-01-16,114.612
Exchange,USD,JPY,2022-01-17,114.606
Exchange,USD,JPY,2022-01-18,114.327
Exchange,USD,JPY,2022-01-19,114.135
Exchange,USD,JPY,2022-01-20,113.69
Exchange,USD,JPY,2022-01-23,113.986
Exchange,USD,JPY,2022-01-24,113.865
Exchange,USD,JPY,2022-01-25,114.681
Exchange,USD,JPY,2022-01-26,115.362
Exchange,USD,JPY,2022-01-27,115.238
Exchange,USD,JPY,2022-01-30,115.136
Exchange,USD,JPY,2022-01-31,114.688
Exchange,USD,JPY,2022-02-01,114.438
Exchange,USD,JPY,2022-02-02,114.983
Exchange,USD,JPY,2022-02-03,115.199
Exchange,USD,JPY,2022-02-06,115.092
Exchange,USD,JPY,2022-02-07,115.548
Exchange,USD,JPY,2022-02-08,115.542
Exchange,USD,JPY,2022-02-09,116.004
Exchange,USD,JPY,2022-02-10,115.492
Exchange,USD,JPY,2022-02-13,115.542
Exchange,USD,JPY,2022-02-14,115.596
Exchange,USD,JPY,2022-02-15,115.454
Exchange,USD,JPY,2022-02-16,114.922
Exchange,USD,JPY,2022-02-17,115.072
Exchange,USD,JPY,2022-02-20,114.727
Exchange,USD,JPY,2022-02-21,115.062
Exchange,USD,JPY,2022-02-22,115.02
Exchange,USD,JPY,2022-02-23,115.532
Exchange,USD,JPY,2022-02-24,115.535
Exchange,USD,JPY,2022-02-27,114.972
Exchange,USD,JPY,2022-02-28,114.92
Exchange,USD,JPY,2022-03-01,115.517
Exchange,USD,JPY,2022-03-02,115.459
Exchange,USD,JPY,2022-03-03,114.844
Exchange,USD,JPY,2022-03-06,115.311
Exchange,USD,JPY,2022-03-07,115.676
Exchange,USD,JPY,2022-03-08,115.858
Exchange,USD,JPY,2022-03-09,116.14
Exchange,USD,JPY,2022-03-10,117.292
Exchange,USD,JPY,2022-03-13,118.21
Exchange,USD,JPY,2022-03-14,118.284
Exchange,USD,JPY,2022-03-15,118.762
Exchange,USD,JPY,2022-03-16,118.602
Exchange,USD,JPY,2022-03-17,119.152
Exchange,USD,JPY,2022-03-20,119.472
Exchange,USD,JPY,2022-03-21,120.829
Exchange,USD,JPY,2022-03-22,121.143
Exchange,USD,JPY,2022-03-23,122.33
Exchange,USD,JPY,2022-03-24,122.086
Exchange,USD,JPY,2022-03-27,123.918
Exchange,USD,JPY,2022-03-28,122.894
Exchange,USD,JPY,2022-03-29,121.834
Exchange,USD,JPY,2022-03-30,121.698
Exchange,USD,JPY,2022-03-31,122.56
Exchange,USD,JPY,2022-04-03,122.77
Exchange,USD,JPY,2022-04-04,123.602
Exchange,USD,JPY,2022-04-05,123.791
Exchange,USD,JPY,2022-04-06,123.979
Exchange,USD,JPY,2022-04-07,124.292
Exchange,USD,JPY,2022-04-10,125.394
Exchange,USD,JPY,2022-04-11,125.394
Exchange,USD,JPY,2022-04-12,125.656
Exchange,USD,JPY,2022-04-13,125.892
Exchange,USD,JPY,2022-04-14,126.459
Exchange,USD,JPY,2022-04-17,126.999
Exchange,USD,JPY,2022-04-18,128.89
Exchange,USD,JPY,2022-04-19,127.87
Exchange,USD,JPY,2022-04-20,128.374
Exchange,USD,JPY,2022-04-21,128.567
Exchange,USD,JPY,2022-04-24,128.13
Exchange,USD,JPY,2022-04-25,127.23
Exchange,USD,JPY,2022-04-26,128.431
Exchange,USD,JPY,2022-04-27,130.851
Exchange,USD,JPY,2022-04-28,129.788
Exchange,USD,JPY,2022-05-01,130.176
Exchange,USD,JPY,2022-05-02,130.14
Exchange,USD,JPY,2022-05-03,129.094
Exchange,USD,JPY,2022-05-04,130.179
Exchange,USD,JPY,2022-05-05,130.548
Exchange,USD,JPY,2022-05-08,130.327
Exchange,USD,JPY,2022-05-09,130.439
Exchange,USD,JPY,2022-05-10,129.983
Exchange,USD,JPY,2022-05-11,128.322
Exchange,USD,JPY,2022-05-12,129.259
Exchange,USD,JPY,2022-05-15,129.11
Exchange,USD,JPY,2022-05-16,129.363
Exchange,USD,JPY,2022-05-17,128.248
Exchange,USD,JPY,2022-05-18,127.832
Exchange,USD,JPY,2022-05-19,127.976
Exchange,USD,JPY,2022-05-22,127.898
Exchange,USD,JPY,2022-05-23,126.858
Exchange,USD,JPY,2022-05-24,127.295
Exchange,USD,JPY,2022-05-25,127.083
Exchange,USD,JPY,2022-05-26,127.123
Exchange,USD,JPY,2022-05-29,127.617
Exchange,USD,JPY,2022-05-30,128.704
Exchange,USD,JPY,2022-05-31,130.162
Exchange,USD,JPY,2022-06-01,129.873
Exchange,USD,JPY,2022-06-02,130.826
Exchange,USD,JPY,2022-06-05,131.897
Exchange,USD,JPY,2022-06-06,132.634
Exchange,USD,JPY,2022-06-07,134.255
Exchange,USD,JPY,2022-06-08,134.378
Exchange,USD,JPY,2022-06-09,134.391
Exchange,USD,JPY,2022-06-12,134.424
Exchange,USD,JPY,2022-06-13,135.454
Exchange,USD,JPY,2022-06-14,133.806
Exchange,USD,JPY,2022-06-15,132.222
Exchange,USD,JPY,2022-06-16,135.013
Exchange,USD,JPY,2022-06-19,135.106
Exchange,USD,JPY,2022-06-20,136.664
Exchange,USD,JPY,2022-06-21,136.226
Exchange,USD,JPY,2022-06-22,134.964
Exchange,USD,JPY,2022-06-23,135.219
Exchange,USD,JPY,2022-06-26,135.48
Exchange,USD,JPY,2022-06-27,136.164
Exchange,USD,JPY,2022-06-28,136.61
Exchange,USD,JPY,2022-06-29,135.758
Exchange,USD,JPY,2022-06-30,135.239
Exchange,USD,JPY,2022-07-03,135.706
Exchange,USD,JPY,2022-07-04,135.874
Exchange,USD,JPY,2022-07-05,135.918
Exchange,USD,JPY,2022-07-06,135.996
Exchange,USD,JPY,2022-07-07,136.084
Exchange,USD,JPY,2022-07-10,137.422
Exchange,USD,JPY,2022-07-11,136.88
Exchange,USD,JPY,2022-07-12,137.44
Exchange,USD,JPY,2022-07-13,138.939
Exchange,USD,JPY,2022-07-14,138.528
Exchange,USD,JPY,2022-07-17,138.135
Exchange,USD,JPY,2022-07-18,138.2
Exchange,USD,JPY,2022-07-19,138.256
Exchange,USD,JPY,2022-07-20,137.344
Exchange,USD,JPY,2022-07-21,136.086
Exchange,USD,JPY,2022-07-24,136.65
Exchange,USD,JPY,2022-07-25,136.937
Exchange,USD,JPY,2022-07-26,136.598
Exchange,USD,JPY,2022-07-27,134.238
Exchange,USD,JPY,2022-07-28,133.232
Exchange,USD,JPY,2022-07-31,131.61
Exchange,USD,JPY,2022-08-01,133.148
Exchange,USD,JPY,2022-08-02,133.862
Exchange,USD,JPY,2022-08-03,132.959
Exchange,USD,JPY,2022-08-04,135.024
Exchange,USD,JPY,2022-08-07,135.044
Exchange,USD,JPY,2022-08-08,135.142
Exchange,USD,JPY,2022-08-09,132.868
Exchange,USD,JPY,2022-08-10,132.99
Exchange,USD,JPY,2022-08-11,133.515
Exchange,USD,JPY,2022-08-14,133.303
Exchange,USD,JPY,2022-08-15,134.243
Exchange,USD,JPY,2022-08-16,135.063
Exchange,USD,JPY,2022-08-17,135.884
Exchange,USD,JPY,2022-08-18,136.909
Exchange,USD,JPY,2022-08-21,137.518
Exchange,USD,JPY,2022-08-22,136.764
Exchange,USD,JPY,2022-08-23,137.142
Exchange,USD,JPY,2022-08-24,136.482
Exchange,USD,JPY,2022-08-25,137.528
Exchange,USD,JPY,2022-08-28,138.705
Exchange,USD,JPY,2022-08-29,138.804
Exchange,USD,JPY,2022-08-30,138.955
Exchange,USD,JPY,2022-08-31,140.204
Exchange,USD,JPY,2022-09-01,140.221
Exchange,USD,JPY,2022-09-04,140.58
Exchange,USD,JPY,2022-09-05,142.8
Exchange,USD,JPY,2022-09-06,143.768
Exchange,USD,JPY,2022-09-07,144.106
Exchange,USD,JPY,2022-09-08,142.611
Exchange,USD,JPY,2022-09-11,142.835
Exchange,USD,JPY,2022-09-12,144.556
Exchange,USD,JPY,2022-09-13,143.181
Exchange,USD,JPY,2022-09-14,143.494
Exchange,USD,JPY,2022-09-15,142.94
Exchange,USD,JPY,2022-09-18,143.216
Exchange,USD,JPY,2022-09-19,143.722
Exchange,USD,JPY,2022-09-20,144.048
Exchange,USD,JPY,2022-09-21,142.387
Exchange,USD,JPY,2022-09-22,143.358
Exchange,USD,JPY,2022-09-25,144.736
Exchange,USD,JPY,2022-09-26,144.842
Exchange,USD,JPY,2022-09-27,144.12
Exchange,USD,JPY,2022-09-28,144.426
Exchange,USD,JPY,2022-09-29,144.748
Exchange,USD,JPY,2022-10-02,144.566
Exchange,USD,JPY,2022-10-03,144.14
Exchange,USD,JPY,2022-10-04,144.685
Exchange,USD,JPY,2022-10-05,145.129
Exchange,USD,JPY,2022-10-06,145.382
Exchange,USD,JPY,2022-10-09,145.727
Exchange,USD,JPY,2022-10-10,145.862
Exchange,USD,JPY,2022-10-11,146.911
Exchange,USD,JPY,2022-10-12,147.216
Exchange,USD,JPY,2022-10-13,148.758
Exchange,USD,JPY,2022-10-16,149.024
Exchange,USD,JPY,2022-10-17,149.242
Exchange,USD,JPY,2022-10-18,149.896
Exchange,USD,JPY,2022-10-19,150.16
Exchange,USD,JPY,2022-10-20,147.641
Exchange,USD,JPY,2022-10-23,149.02
Exchange,USD,JPY,2022-10-24,147.944
Exchange,USD,JPY,2022-10-25,146.376
Exchange,USD,JPY,2022-10-26,146.291
Exchange,USD,JPY,2022-10-27,147.481
Exchange,USD,JPY,2022-10-30,148.742
Exchange,USD,JPY,2022-10-31,148.226
Exchange,USD,JPY,2022-11-01,147.918
Exchange,USD,JPY,2022-11-02,148.28
Exchange,USD,JPY,2022-11-03,146.646
Exchange,USD,JPY,2022-11-06,146.626
Exchange,USD,JPY,2022-11-07,145.636
Exchange,USD,JPY,2022-11-08,146.414
Exchange,USD,JPY,2022-11-09,140.936
Exchange,USD,JPY,2022-11-10,138.841
Exchange,USD,JPY,2022-11-13,139.916
Exchange,USD,JPY,2022-11-14,139.316
Exchange,USD,JPY,2022-11-15,139.54
Exchange,USD,JPY,2022-11-16,140.214
Exchange,USD,JPY,2022-11-17,140.376
Exchange,USD,JPY,2022-11-20,142.104
Exchange,USD,JPY,2022-11-21,141.212
Exchange,USD,JPY,2022-11-22,139.59
Exchange,USD,JPY,2022-11-23,138.636
Exchange,USD,JPY,2022-11-24,139.164
Exchange,USD,JPY,2022-11-27,138.92
Exchange,USD,JPY,2022-11-28,138.702
Exchange,USD,JPY,2022-11-29,138.118
Exchange,USD,JPY,2022-11-30,135.348
Exchange,USD,JPY,2022-12-01,134.332
Exchange,USD,JPY,2022-12-04,136.754
Exchange,USD,JPY,2022-12-05,137.055
Exchange,USD,JPY,2022-12-06,136.586
Exchange,USD,JPY,2022-12-07,136.69
Exchange,USD,JPY,2022-12-08,136.568
Exchange,USD,JPY,2022-12-11,137.656
Exchange,USD,JPY,2022-12-12,135.6
Exchange,USD,JPY,2022-12-13,135.482
Exchange,USD,JPY,2022-12-14,137.782
Exchange,USD,JPY,2022-12-15,136.741
Exchange,USD,JPY,2022-12-18,136.912
Exchange,USD,JPY,2022-12-19,131.7
Exchange,USD,JPY,2022-12-20,132.447
Exchange,USD,JPY,2022-12-21,132.374
Exchange,USD,JPY,2022-12-22,132.827
Exchange,USD,JPY,2022-12-26,133.506
Exchange,USD,JPY,2022-12-27,134.486
Exchange,USD,JPY,2022-12-28,133.026
Exchange,USD,JPY,2022-12-29,131.101
Exchange,USD,JPY,2023-01-01,130.659
Exchange,USD,JPY,2023-01-02,130.984
Exchange,USD,JPY,2023-01-03,132.672
Exchange,USD,JPY,2023-01-04,133.424
Exchange,USD,JPY,2023-01-05,132.094
Exchange,USD,JPY,2023-01-08,131.878
Exchange,USD,JPY,2023-01-09,132.235
Exchange,USD,JPY,2023-01-10,132.506
Exchange,USD,JPY,2023-01-11,129.302
Exchange,USD,JPY,2023-01-12,127.857
Exchange,USD,JPY,2023-01-15,128.524
Exchange,USD,JPY,2023-01-16,128.156
Exchange,USD,JPY,2023-01-17,128.904
Exchange,USD,JPY,2023-01-18,128.424
Exchange,USD,JPY,2023-01-19,129.568
Exchange,USD,JPY,2023-01-22,130.682
Exchange,USD,JPY,2023-01-23,130.2
Exchange,USD,JPY,2023-01-24,129.578
Exchange,USD,JPY,2023-01-25,130.238
Exchange,USD,JPY,2023-01-26,129.832
Exchange,USD,JPY,2023-01-29,130.43
Exchange,USD,JPY,2023-01-30,130.098
Exchange,USD,JPY,2023-01-31,128.921
Exchange,USD,JPY,2023-02-01,128.714
Exchange,USD,JPY,2023-02-02,131.206
Exchange,USD,JPY,2023-02-05,132.632
Exchange,USD,JPY,2023-02-06,131.062
Exchange,USD,JPY,2023-02-07,131.451
Exchange,USD,JPY,2023-02-08,131.523
Exchange,USD,JPY,2023-02-09,131.428
Exchange,USD,JPY,2023-02-12,132.424
Exchange,USD,JPY,2023-02-13,133.104
Exchange,USD,JPY,2023-02-14,134.165
Exchange,USD,JPY,2023-02-15,133.946
Exchange,USD,JPY,2023-02-16,134.164
Exchange,USD,JPY,2023-02-19,134.282
Exchange,USD,JPY,2023-02-20,135.018
Exchange,USD,JPY,2023-02-21,134.912
Exchange,USD,JPY,2023-02-22,134.687
Exchange,USD,JPY,2023-02-23,136.492
Exchange,USD,JPY,2023-02-26,136.226
Exchange,USD,JPY,2023-02-27,136.224
Exchange,USD,JPY,2023-02-28,136.214
Exchange,USD,JPY,2023-03-01,136.765
Exchange,USD,JPY,2023-03-02,135.827
Exchange,USD,JPY,2023-03-05,135.918
Exchange,USD,JPY,2023-03-06,137.162
Exchange,USD,JPY,2023-03-07,137.36
Exchange,USD,JPY,2023-03-08,136.126
Exchange,USD,JPY,2023-03-09,135.11
Exchange,USD,JPY,2023-03-12,133.252
Exchange,USD,JPY,2023-03-13,134.222
Exchange,USD,JPY,2023-03-14,133.432
Exchange,USD,JPY,2023-03-15,133.776
Exchange,USD,JPY,2023-03-16,131.854
Exchange,USD,JPY,2023-03-19,131.306
Exchange,USD,JPY,2023-03-20,132.455
Exchange,USD,JPY,2023-03-21,131.497
Exchange,USD,JPY,2023-03-22,130.89
Exchange,USD,JPY,2023-03-23,130.718
Exchange,USD,JPY,2023-03-26,131.572
Exchange,USD,JPY,2023-03-27,130.899
Exchange,USD,JPY,2023-03-28,132.864
Exchange,USD,JPY,2023-03-29,132.68
Exchange,USD,JPY,2023-03-30,132.83
Exchange,USD,JPY,2023-04-02,132.406
Exchange,USD,JPY,2023-04-03,131.724
Exchange,USD,JPY,2023-04-04,131.336
Exchange,USD,JPY,2023-04-05,131.762
Exchange,USD,JPY,2023-04-06,132.147
Exchange,USD,JPY,2023-04-09,133.62
Exchange,USD,JPY,2023-04-10,133.695
Exchange,USD,JPY,2023-04-11,133.177
Exchange,USD,JPY,2023-04-12,132.574
Exchange,USD,JPY,2023-04-13,133.754
Exchange,USD,JPY,2023-04-16,134.486
Exchange,USD,JPY,2023-04-17,134.095
Exchange,USD,JPY,2023-04-18,134.732
Exchange,USD,JPY,2023-04-19,134.24
Exchange,USD,JPY,2023-04-20,134.124
Exchange,USD,JPY,2023-04-23,134.25
Exchange,USD,JPY,2023-04-24,133.723
Exchange,USD,JPY,2023-04-25,133.678
Exchange,USD,JPY,2023-04-26,133.976
Exchange,USD,JPY,2023-04-27,136.305
Exchange,USD,JPY,2023-04-30,137.47
Exchange,USD,JPY,2023-05-01,136.568
Exchange,USD,JPY,2023-05-02,134.744
Exchange,USD,JPY,2023-05-03,134.271
Exchange,USD,JPY,2023-05-04,134.841
Exchange,USD,JPY,2023-05-07,135.112
Exchange,USD,JPY,2023-05-08,135.228
Exchange,USD,JPY,2023-05-09,134.384
Exchange,USD,JPY,2023-05-10,134.567
Exchange,USD,JPY,2023-05-11,135.738
Exchange,USD,JPY,2023-05-14,136.108
Exchange,USD,JPY,2023-05-15,136.385
Exchange,USD,JPY,2023-05-16,137.697
Exchange,USD,JPY,2023-05-17,138.7
Exchange,USD,JPY,2023-05-18,137.964
Exchange,USD,JPY,2023-05-21,138.592
Exchange,USD,JPY,2023-05-22,138.586
Exchange,USD,JPY,2023-05-23,139.466
Exchange,USD,JPY,2023-05-24,140.05
Exchange,USD,JPY,2023-05-25,140.62
Exchange,USD,JPY,2023-05-28,140.442
Exchange,USD,JPY,2023-05-29,139.796
Exchange,USD,JPY,2023-05-30,139.339
Exchange,USD,JPY,2023-05-31,138.806
Exchange,USD,JPY,2023-06-01,139.966
Exchange,USD,JPY,2023-06-04,139.572
Exchange,USD,JPY,2023-06-05,139.645
Exchange,USD,JPY,2023-06-06,140.176
Exchange,USD,JPY,2023-06-07,138.924
Exchange,USD,JPY,2023-06-08,139.378
Exchange,USD,JPY,2023-06-11,139.61
Exchange,USD,JPY,2023-06-12,140.231
Exchange,USD,JPY,2023-06-13,140.1
Exchange,USD,JPY,2023-06-14,140.266
Exchange,USD,JPY,2023-06-15,141.88
Exchange,USD,JPY,2023-06-18,141.994
Exchange,USD,JPY,2023-06-19,141.431
Exchange,USD,JPY,2023-06-20,141.892
Exchange,USD,JPY,2023-06-21,143.108
Exchange,USD,JPY,2023-06-22,143.673
Exchange,USD,JPY,2023-06-25,143.512
Exchange,USD,JPY,2023-06-26,144.078
Exchange,USD,JPY,2023-06-27,144.49
Exchange,USD,JPY,2023-06-28,144.795
Exchange,USD,JPY,2023-06-29,144.347
Exchange,USD,JPY,2023-07-02,144.69
Exchange,USD,JPY,2023-07-03,144.461
Exchange,USD,JPY,2023-07-04,144.662
Exchange,USD,JPY,2023-07-05,144.063
Exchange,USD,JPY,2023-07-06,142.154
Exchange,USD,JPY,2023-07-09,141.31
Exchange,USD,JPY,2023-07-10,140.35
Exchange,USD,JPY,2023-07-11,138.509
Exchange,USD,JPY,2023-07-12,138.055
Exchange,USD,JPY,2023-07-13,138.794
Exchange,USD,JPY,2023-07-16,138.72
Exchange,USD,JPY,2023-07-17,138.827
Exchange,USD,JPY,2023-07-18,139.68
Exchange,USD,JPY,2023-07-19,140.074
Exchange,USD,JPY,2023-07-20,141.854
Exchange,USD,JPY,2023-07-23,141.492
Exchange,USD,JPY,2023-07-24,140.916
Exchange,USD,JPY,2023-07-25,140.239
Exchange,USD,JPY,2023-07-26,139.482
Exchange,USD,JPY,2023-07-27,141.171
Exchange,USD,JPY,2023-07-30,142.261
Exchange,USD,JPY,2023-07-31,143.329
Exchange,USD,JPY,2023-08-01,143.338
Exchange,USD,JPY,2023-08-02,142.526
Exchange,USD,JPY,2023-08-03,141.77
Exchange,USD,JPY,2023-08-06,142.48
Exchange,USD,JPY,2023-08-07,143.388
Exchange,USD,JPY,2023-08-08,143.74
Exchange,USD,JPY,2023-08-09,144.759
Exchange,USD,JPY,2023-08-10,144.972
Exchange,USD,JPY,2023-08-13,145.552
Exchange,USD,JPY,2023-08-14,145.572
Exchange,USD,JPY,2023-08-15,146.356
Exchange,USD,JPY,2023-08-16,145.857
Exchange,USD,JPY,2023-08-17,145.405
Exchange,USD,JPY,2023-08-20,146.224
Exchange,USD,JPY,2023-08-21,145.88
Exchange,USD,JPY,2023-08-22,144.853
Exchange,USD,JPY,2023-08-23,145.852
Exchange,USD,JPY,2023-08-24,146.44
Exchange,USD,JPY,2023-08-27,146.534
Exchange,USD,JPY,2023-08-28,145.88
Exchange,USD,JPY,2023-08-29,146.252
Exchange,USD,JPY,2023-08-30,145.536
Exchange,USD,JPY,2023-08-31,146.232
Exchange,USD,JPY,2023-09-03,146.488
Exchange,USD,JPY,2023-09-04,147.726
Exchange,USD,JPY,2023-09-05,147.672
Exchange,USD,JPY,2023-09-06,147.296
Exchange,USD,JPY,2023-09-07,147.802
Exchange,USD,JPY,2023-09-10,146.588
Exchange,USD,JPY,2023-09-11,147.076
Exchange,USD,JPY,2023-09-12,147.479
Exchange,USD,JPY,2023-09-13,147.472
Exchange,USD,JPY,2023-09-14,147.85
Exchange,USD,JPY,2023-09-17,147.612
Exchange,USD,JPY,2023-09-18,147.882
Exchange,USD,JPY,2023-09-19,148.352
Exchange,USD,JPY,2023-09-20,147.569
Exchange,USD,JPY,2023-09-21,148.373
Exchange,USD,JPY,2023-09-24,148.892
Exchange,USD,JPY,2023-09-25,149.068
Exchange,USD,JPY,2023-09-26,149.652
Exchange,USD,JPY,2023-09-27,149.294
Exchange,USD,JPY,2023-09-28,149.368
Exchange,USD,JPY,2023-10-01,149.874
Exchange,USD,JPY,2023-10-02,149.088
Exchange,USD,JPY,2023-10-03,149.13
Exchange,USD,JPY,2023-10-04,148.509
Exchange,USD,JPY,2023-10-05,149.302
Exchange,USD,JPY,2023-10-08,148.522
Exchange,USD,JPY,2023-10-09,148.716
Exchange,USD,JPY,2023-10-10,149.18
Exchange,USD,JPY,2023-10-11,149.818
Exchange,USD,JPY,2023-10-12,149.577
Exchange,USD,JPY,2023-10-15,149.522
Exchange,USD,JPY,2023-10-16,149.812
Exchange,USD,JPY,2023-10-17,149.93
Exchange,USD,JPY,2023-10-18,149.799
Exchange,USD,JPY,2023-10-19,149.876
Exchange,USD,JPY,2023-10-22,149.706
Exchange,USD,JPY,2023-10-23,149.907
Exchange,USD,JPY,2023-10-24,150.216
Exchange,USD,JPY,2023-10-25,150.397
Exchange,USD,JPY,2023-10-26,149.642
Exchange,USD,JPY,2023-10-29,149.068
Exchange,USD,JPY,2023-10-30,151.712
Exchange,USD,JPY,2023-10-31,150.962
Exchange,USD,JPY,2023-11-01,150.472
Exchange,USD,JPY,2023-11-02,149.374
Exchange,USD,JPY,2023-11-05,150.072
Exchange,USD,JPY,2023-11-06,150.414
Exchange,USD,JPY,2023-11-07,150.976
Exchange,USD,JPY,2023-11-08,151.348
Exchange,USD,JPY,2023-11-09,151.54
Exchange,USD,JPY,2023-11-12,151.721
Exchange,USD,JPY,2023-11-13,150.384
Exchange,USD,JPY,2023-11-14,151.387
Exchange,USD,JPY,2023-11-15,150.739
Exchange,USD,JPY,2023-11-16,149.646
Exchange,USD,JPY,2023-11-19,148.394
Exchange,USD,JPY,2023-11-20,148.4
Exchange,USD,JPY,2023-11-21,149.536
Exchange,USD,JPY,2023-11-22,149.572
Exchange,USD,JPY,2023-11-23,149.45
Exchange,USD,JPY,2023-11-26,148.673
Exchange,USD,JPY,2023-11-27,147.462
Exchange,USD,JPY,2023-11-28,147.236
Exchange,USD,JPY,2023-11-29,148.218
Exchange,USD,JPY,2023-11-30,146.805
Exchange,USD,JPY,2023-12-03,147.228
Exchange,USD,JPY,2023-12-04,147.154
Exchange,USD,JPY,2023-12-05,147.322
Exchange,USD,JPY,2023-12-06,144.17
Exchange,USD,JPY,2023-12-07,144.983
Exchange,USD,JPY,2023-12-10,146.176
Exchange,USD,JPY,2023-12-11,145.48
Exchange,USD,JPY,2023-12-12,142.895
Exchange,USD,JPY,2023-12-13,141.882
Exchange,USD,JPY,2023-12-14,142.156
Exchange,USD,JPY,2023-12-17,142.799
Exchange,USD,JPY,2023-12-18,143.844
Exchange,USD,JPY,2023-12-19,143.564
Exchange,USD,JPY,2023-12-20,142.124
Exchange,USD,JPY,2023-12-21,142.452
Exchange,USD,JPY,2023-12-25,142.374
Exchange,USD,JPY,2023-12-26,141.825
Exchange,USD,JPY,2023-12-27,141.412
Exchange,USD,JPY,2023-12-28,141.035
Exchange,USD,JPY,2024-01-01,142.006
Exchange,USD,JPY,2024-01-02,143.303
Exchange,USD,JPY,2024-01-03,144.632
Exchange,USD,JPY,2024-01-04,144.623
Exchange,USD,JPY,2024-01-07,144.237
Exchange,USD,JPY,2024-01-08,144.502
Exchange,USD,JPY,2024-01-09,145.774
Exchange,USD,JPY,2024-01-10,145.3
Exchange,USD,JPY,2024-01-11,144.905
Exchange,USD,JPY,2024-01-14,145.774
Exchange,USD,JPY,2024-01-15,147.184
Exchange,USD,JPY,2024-01-16,148.158
Exchange,USD,JPY,2024-01-17,148.159
Exchange,USD,JPY,2024-01-18,148.176
Exchange,USD,JPY,2024-01-21,148.136
Exchange,USD,JPY,2024-01-22,148.368
Exchange,USD,JPY,2024-01-23,147.518
Exchange,USD,JPY,2024-01-24,147.655
Exchange,USD,JPY,2024-01-25,148.168
Exchange,USD,JPY,2024-01-28,147.507
Exchange,USD,JPY,2024-01-29,147.609
Exchange,USD,JPY,2024-01-30,146.965
Exchange,USD,JPY,2024-01-31,146.418
Exchange,USD,JPY,2024-02-01,148.382
Exchange,USD,JPY,2024-02-04,148.694
Exchange,USD,JPY,2024-02-05,147.95
Exchange,USD,JPY,2024-02-06,148.174
Exchange,USD,JPY,2024-02-07,149.321
Exchange,USD,JPY,2024-02-08,149.282
Exchange,USD,JPY,2024-02-11,149.358
Exchange,USD,JPY,2024-02-12,150.794
Exchange,USD,JPY,2024-02-13,150.598
Exchange,USD,JPY,2024-02-14,149.938
Exchange,USD,JPY,2024-02-15,150.195
Exchange,USD,JPY,2024-02-18,150.141
Exchange,USD,JPY,2024-02-19,149.998
Exchange,USD,JPY,2024-02-20,150.29
Exchange,USD,JPY,2024-02-21,150.535
Exchange,USD,JPY,2024-02-22,150.524
Exchange,USD,JPY,2024-02-25,150.714
Exchange,USD,JPY,2024-02-26,150.516
Exchange,USD,JPY,2024-02-27,150.707
Exchange,USD,JPY,2024-02-28,149.986
Exchange,USD,JPY,2024-02-29,150.141
Exchange,USD,JPY,2024-03-03,150.522
Exchange,USD,JPY,2024-03-04,150.062
Exchange,USD,JPY,2024-03-05,149.41
Exchange,USD,JPY,2024-03-06,148.032
Exchange,USD,JPY,2024-03-07,147.077
Exchange,USD,JPY,2024-03-10,146.944
Exchange,USD,JPY,2024-03-11,147.656
Exchange,USD,JPY,2024-03-12,147.758
Exchange,USD,JPY,2024-03-13,148.324
Exchange,USD,JPY,2024-03-14,149.055
Exchange,USD,JPY,2024-03-17,149.153
Exchange,USD,JPY,2024-03-18,150.848
Exchange,USD,JPY,2024-03-19,151.244
Exchange,USD,JPY,2024-03-20,151.63
Exchange,USD,JPY,2024-03-21,151.44
Exchange,USD,JPY,2024-03-24,151.417
Exchange,USD,JPY,2024-03-25,151.555
Exchange,USD,JPY,2024-03-26,151.325
Exchange,USD,JPY,2024-03-27,151.386
Exchange,USD,JPY,2024-03-28,151.342
Exchange,USD,JPY,2024-03-31,151.654
Exchange,USD,JPY,2024-04-01,151.558
Exchange,USD,JPY,2024-04-02,151.701
Exchange,USD,JPY,2024-04-03,151.346
Exchange,USD,JPY,2024-04-04,151.63
Exchange,USD,JPY,2024-04-07,151.852
Exchange,USD,JPY,2024-04-08,151.781
Exchange,USD,JPY,2024-04-09,153.145
Exchange,USD,JPY,2024-04-10,153.277
Exchange,USD,JPY,2024-04-11,153.312
Exchange,USD,JPY,2024-04-14,154.273
Exchange,USD,JPY,2024-04-15,154.731
Exchange,USD,JPY,2024-04-16,154.396
Exchange,USD,JPY,2024-04-17,154.656
Exchange,USD,JPY,2024-04-18,154.644
Exchange,USD,JPY,2024-04-21,154.836
Exchange,USD,JPY,2024-04-22,154.836
Exchange,USD,JPY,2024-04-23,155.346
Exchange,USD,JPY,2024-04-24,155.646
Exchange,USD,JPY,2024-04-25,158.345
Exchange,USD,JPY,2024-04-28,156.36
Exchange,USD,JPY,2024-04-29,157.814
Exchange,USD,JPY,2024-04-30,154.444
Exchange,USD,JPY,2024-05-01,153.672
Exchange,USD,JPY,2024-05-02,152.984
Exchange,USD,JPY,2024-05-05,153.899
Exchange,USD,JPY,2024-05-06,154.692
Exchange,USD,JPY,2024-05-07,155.532
Exchange,USD,JPY,2024-05-08,155.481
Exchange,USD,JPY,2024-05-09,155.772
Exchange,USD,JPY,2024-05-12,156.222
Exchange,USD,JPY,2024-05-13,156.431
Exchange,USD,JPY,2024-05-14,154.906
Exchange,USD,JPY,2024-05-15,155.398
Exchange,USD,JPY,2024-05-16,155.642
Exchange,USD,JPY,2024-05-19,156.276
Exchange,USD,JPY,2024-05-20,156.196
Exchange,USD,JPY,2024-05-21,156.83
Exchange,USD,JPY,2024-05-22,156.945
Exchange,USD,JPY,2024-05-23,156.995
Exchange,USD,JPY,2024-05-26,156.899
Exchange,USD,JPY,2024-05-27,157.19
Exchange,USD,JPY,2024-05-28,157.668
Exchange,USD,JPY,2024-05-29,156.816
Exchange,USD,JPY,2024-05-30,157.302
Exchange,USD,JPY,2024-06-02,156.083
Exchange,USD,JPY,2024-06-03,154.896
Exchange,USD,JPY,2024-06-04,156.109
Exchange,USD,JPY,2024-06-05,155.618
Exchange,USD,JPY,2024-06-06,156.772
Exchange,USD,JPY,2024-06-09,157.032
Exchange,USD,JPY,2024-06-10,157.14
Exchange,USD,JPY,2024-06-11,156.732
Exchange,USD,JPY,2024-06-12,157.006
Exchange,USD,JPY,2024-06-13,157.409
Exchange,USD,JPY,2024-06-16,157.729
Exchange,USD,JPY,2024-06-17,157.856
Exchange,USD,JPY,2024-06-18,158.084
Exchange,USD,JPY,2024-06-19,158.93
Exchange,USD,JPY,2024-06-20,159.822
Exchange,USD,JPY,2024-06-23,159.624
Exchange,USD,JPY,2024-06-24,159.68
Exchange,USD,JPY,2024-06-25,160.825
Exchange,USD,JPY,2024-06-26,160.774
Exchange,USD,JPY,2024-06-27,160.873
Exchange,USD,JPY,2024-06-30,161.474
Exchange,USD,JPY,2024-07-01,161.469
Exchange,USD,JPY,2024-07-02,161.706
Exchange,USD,JPY,2024-07-03,161.266
Exchange,USD,JPY,2024-07-04,160.803
Exchange,USD,JPY,2024-07-07,160.837
Exchange,USD,JPY,2024-07-08,161.316
Exchange,USD,JPY,2024-07-09,161.71
Exchange,USD,JPY,2024-07-10,158.902
Exchange,USD,JPY,2024-07-11,157.887
Exchange,USD,JPY,2024-07-14,158.108
Exchange,USD,JPY,2024-07-15,158.41
Exchange,USD,JPY,2024-07-16,156.215
Exchange,USD,JPY,2024-07-17,157.362
Exchange,USD,JPY,2024-07-18,157.477
Exchange,USD,JPY,2024-07-21,157.052
Exchange,USD,JPY,2024-07-22,155.606
Exchange,USD,JPY,2024-07-23,153.899
Exchange,USD,JPY,2024-07-24,153.904
Exchange,USD,JPY,2024-07-25,153.755
Exchange,USD,JPY,2024-07-28,154.028
Exchange,USD,JPY,2024-07-29,152.764
Exchange,USD,JPY,2024-07-30,149.986
Exchange,USD,JPY,2024-07-31,149.343
Exchange,USD,JPY,2024-08-01,146.546
Exchange,USD,JPY,2024-08-04,144.198
Exchange,USD,JPY,2024-08-05,144.334
Exchange,USD,JPY,2024-08-06,146.71
Exchange,USD,JPY,2024-08-07,147.282
Exchange,USD,JPY,2024-08-08,146.624
Exchange,USD,JPY,2024-08-11,147.198
Exchange,USD,JPY,2024-08-12,146.858
Exchange,USD,JPY,2024-08-13,147.318
Exchange,USD,JPY,2024-08-14,149.286
Exchange,USD,JPY,2024-08-15,147.612
Exchange,USD,JPY,2024-08-18,146.606
Exchange,USD,JPY,2024-08-19,145.27
Exchange,USD,JPY,2024-08-20,145.292
Exchange,USD,JPY,2024-08-21,146.31
Exchange,USD,JPY,2024-08-22,144.385
Exchange,USD,JPY,2024-08-25,144.524
Exchange,USD,JPY,2024-08-26,143.954
Exchange,USD,JPY,2024-08-27,144.591
Exchange,USD,JPY,2024-08-28,144.993
Exchange,USD,JPY,2024-08-29,146.203
Exchange,USD,JPY,2024-09-01,146.914
Exchange,USD,JPY,2024-09-02,145.485
Exchange,USD,JPY,2024-09-03,143.735
Exchange,USD,JPY,2024-09-04,143.454
Exchange,USD,JPY,2024-09-05,142.314
Exchange,USD,JPY,2024-09-08,143.166
Exchange,USD,JPY,2024-09-09,142.458
Exchange,USD,JPY,2024-09-10,142.362
Exchange,USD,JPY,2024-09-11,141.816
Exchange,USD,JPY,2024-09-12,140.822
Exchange,USD,JPY,2024-09-15,140.608
Exchange,USD,JPY,2024-09-16,142.406
Exchange,USD,JPY,2024-09-17,142.28
Exchange,USD,JPY,2024-09-18,142.636
Exchange,USD,JPY,2024-09-19,143.92
Exchange,USD,JPY,2024-09-22,143.604
Exchange,USD,JPY,2024-09-23,143.224
Exchange,USD,JPY,2024-09-24,144.759
Exchange,USD,JPY,2024-09-25,144.808
Exchange,USD,JPY,2024-09-26,142.215
Exchange,USD,JPY,2024-09-29,143.626
Exchange,USD,JPY,2024-09-30,143.569
Exchange,USD,JPY,2024-10-01,146.474
Exchange,USD,JPY,2024-10-02,146.955
Exchange,USD,JPY,2024-10-03,148.702
Exchange,USD,JPY,2024-10-06,148.183
Exchange,USD,JPY,2024-10-07,148.198
Exchange,USD,JPY,2024-10-08,149.314
Exchange,USD,JPY,2024-10-09,148.582
Exchange,USD,JPY,2024-10-10,149.128
Exchange,USD,JPY,2024-10-13,149.752
Exchange,USD,JPY,2024-10-14,149.218
Exchange,USD,JPY,2024-10-15,149.648
Exchange,USD,JPY,2024-10-16,150.221
Exchange,USD,JPY,2024-10-17,149.533
Exchange,USD,JPY,2024-10-20,150.822
Exchange,USD,JPY,2024-10-21,151.094
Exchange,USD,JPY,2024-10-22,152.764
Exchange,USD,JPY,2024-10-23,151.826
Exchange,USD,JPY,2024-10-24,152.304
Exchange,USD,JPY,2024-10-27,153.298
Exchange,USD,JPY,2024-10-28,153.366
Exchange,USD,JPY,2024-10-29,153.41
Exchange,USD,JPY,2024-10-30,152.042
Exchange,USD,JPY,2024-10-31,152.999
Exchange,USD,JPY,2024-11-03,152.134
Exchange,USD,JPY,2024-11-04,151.62
Exchange,USD,JPY,2024-11-05,154.626
Exchange,USD,JPY,2024-11-06,152.91
Exchange,USD,JPY,2024-11-07,152.638
Exchange,USD,JPY,2024-11-10,153.732
Exchange,USD,JPY,2024-11-11,154.63
Exchange,USD,JPY,2024-11-12,155.477
Exchange,USD,JPY,2024-11-13,156.278
Exchange,USD,JPY,2024-11-14,154.346
Exchange,USD,JPY,2024-11-17,154.685
Exchange,USD,JPY,2024-11-18,154.656
Exchange,USD,JPY,2024-11-19,155.43
Exchange,USD,JPY,2024-11-20,154.544
Exchange,USD,JPY,2024-11-21,154.762
Exchange,USD,JPY,2024-11-24,154.175
Exchange,USD,JPY,2024-11-25,153.109
Exchange,USD,JPY,2024-11-26,151.117
Exchange,USD,JPY,2024-11-27,151.554
Exchange,USD,JPY,2024-11-28,149.73
Exchange,USD,JPY,2024-12-01,149.59
Exchange,USD,JPY,2024-12-02,149.596
Exchange,USD,JPY,2024-12-03,150.626
Exchange,USD,JPY,2024-12-04,150.097
Exchange,USD,JPY,2024-12-05,150.042
Exchange,USD,JPY,2024-12-08,151.216
Exchange,USD,JPY,2024-12-09,151.97
Exchange,USD,JPY,2024-12-10,152.466
Exchange,USD,JPY,2024-12-11,152.649
Exchange,USD,JPY,2024-12-12,153.649
Exchange,USD,JPY,2024-12-15,154.156
Exchange,USD,JPY,2024-12-16,153.49
Exchange,USD,JPY,2024-12-17,154.836
Exchange,USD,JPY,2024-12-18,157.434
Exchange,USD,JPY,2024-12-19,156.418
Exchange,USD,JPY,2024-12-22,157.173
Exchange,USD,JPY,2024-12-23,157.21
Exchange,USD,JPY,2024-12-25,158.023
Exchange,USD,JPY,2024-12-26,157.843
Exchange,USD,JPY,2024-12-29,156.86
Exchange,USD,JPY,2024-12-30,157.203
Exchange,USD,JPY,2025-01-01,157.54
Exchange,USD,JPY,2025-01-02,157.292
Exchange,USD,JPY,2025-01-05,157.65
Exchange,USD,JPY,2025-01-06,158.066
Exchange,USD,JPY,2025-01-07,158.354
Exchange,USD,JPY,2025-01-08,158.117
Exchange,USD,JPY,2025-01-09,157.742
Exchange,USD,JPY,2025-01-12,157.477
Exchange,USD,JPY,2025-01-13,157.977
Exchange,USD,JPY,2025-01-14,156.466
Exchange,USD,JPY,2025-01-15,155.122
Exchange,USD,JPY,2025-01-16,156.298
Exchange,USD,JPY,2025-01-19,155.644
Exchange,USD,JPY,2025-01-20,155.519
Exchange,USD,JPY,2025-01-21,156.528
Exchange,USD,JPY,2025-01-22,156.073
Exchange,USD,JPY,2025-01-23,155.991
Exchange,USD,JPY,2025-01-26,154.516
Exchange,USD,JPY,2025-01-27,155.534
Exchange,USD,JPY,2025-01-28,155.25
Exchange,USD,JPY,2025-01-29,154.276
Exchange,USD,JPY,2025-01-30,155.205
Exchange,USD,JPY,2025-02-02,154.77
Exchange,USD,JPY,2025-02-03,154.348
Exchange,USD,JPY,2025-02-04,152.588
Exchange,USD,JPY,2025-02-05,151.466
Exchange,USD,JPY,2025-02-06,151.42
Exchange,USD,JPY,2025-02-09,151.994
Exchange,USD,JPY,2025-02-10,152.501
Exchange,USD,JPY,2025-02-11,154.42
Exchange,USD,JPY,2025-02-12,152.814
Exchange,USD,JPY,2025-02-13,152.312
Exchange,USD,JPY,2025-02-16,151.506
Exchange,USD,JPY,2025-02-17,152.066
Exchange,USD,JPY,2025-02-18,151.47
Exchange,USD,JPY,2025-02-19,149.616
Exchange,USD,JPY,2025-02-20,149.297
Exchange,USD,JPY,2025-02-23,149.718
Exchange,USD,JPY,2025-02-24,149.026
Exchange,USD,JPY,2025-02-25,149.094
Exchange,USD,JPY,2025-02-26,149.797
Exchange,USD,JPY,2025-02-27,150.62
Exchange,USD,JPY,2025-03-02,149.51
Exchange,USD,JPY,2025-03-03,149.807
Exchange,USD,JPY,2025-03-04,148.896
Exchange,USD,JPY,2025-03-05,147.986
Exchange,USD,JPY,2025-03-06,148.036
Exchange,USD,JPY,2025-03-09,147.27
Exchange,USD,JPY,2025-03-10,147.776
Exchange,USD,JPY,2025-03-11,148.262
Exchange,USD,JPY,2025-03-12,147.807
Exchange,USD,JPY,2025-03-13,148.637
Exchange,USD,JPY,2025-03-16,149.21
Exchange,USD,JPY,2025-03-17,149.282
Exchange,USD,JPY,2025-03-18,148.7
Exchange,USD,JPY,2025-03-19,148.788
Exchange,USD,JPY,2025-03-20,149.3
Exchange,USD,JPY,2025-03-23,150.701
Exchange,USD,JPY,2025-03-24,149.914
Exchange,USD,JPY,2025-03-25,150.587
Exchange,USD,JPY,2025-03-26,151.043
Exchange,USD,JPY,2025-03-27,149.844
Exchange,USD,JPY,2025-03-30,149.97
Exchange,USD,JPY,2025-03-31,149.616
Exchange,USD,JPY,2025-04-01,149.304
Exchange,USD,JPY,2025-04-02,146.071
Exchange,USD,JPY,2025-04-03,147.014
Exchange,USD,JPY,2025-04-06,147.88
Exchange,USD,JPY,2025-04-07,146.28
Exchange,USD,JPY,2025-04-08,147.761
Exchange,USD,JPY,2025-04-09,144.446
Exchange,USD,JPY,2025-04-10,143.472
Exchange,USD,JPY,2025-04-13,143.024
Exchange,USD,JPY,2025-04-14,143.252
Exchange,USD,JPY,2025-04-15,141.864
Exchange,USD,JPY,2025-04-16,142.466
Exchange,USD,JPY,2025-04-17,142.173
Exchange,USD,JPY,2025-04-20,140.856
Exchange,USD,JPY,2025-04-21,141.602
Exchange,USD,JPY,2025-04-22,143.457
Exchange,USD,JPY,2025-04-23,142.628
Exchange,USD,JPY,2025-04-24,143.682
Exchange,USD,JPY,2025-04-27,142.024
Exchange,USD,JPY,2025-04-28,142.37
Exchange,USD,JPY,2025-04-29,143.066
Exchange,USD,JPY,2025-04-30,145.398
Exchange,USD,JPY,2025-05-01,144.957
Exchange,USD,JPY,2025-05-04,143.7
Exchange,USD,JPY,2025-05-05,142.404
Exchange,USD,JPY,2025-05-06,143.826
Exchange,USD,JPY,2025-05-07,145.909
Exchange,USD,JPY,2025-05-08,145.373
Exchange,USD,JPY,2025-05-11,148.476
Exchange,USD,JPY,2025-05-12,147.477
Exchange,USD,JPY,2025-05-13,146.744
Exchange,USD,JPY,2025-05-14,145.696
Exchange,USD,JPY,2025-05-15,145.639
Exchange,USD,JPY,2025-05-18,144.854
Exchange,USD,JPY,2025-05-19,144.508
Exchange,USD,JPY,2025-05-20,143.66
Exchange,USD,JPY,2025-05-21,144.011
Exchange,USD,JPY,2025-05-22,142.558
Exchange,USD,JPY,2025-05-25,142.842
Exchange,USD,JPY,2025-05-26,144.351
Exchange,USD,JPY,2025-05-27,144.87
Exchange,USD,JPY,2025-05-28,144.186
Exchange,USD,JPY,2025-05-29,144.06
Exchange,USD,JPY,2025-06-01,142.698
Exchange,USD,JPY,2025-06-02,143.994
Exchange,USD,JPY,2025-06-03,142.766
Exchange,USD,JPY,2025-06-04,143.582
Exchange,USD,JPY,2025-06-05,144.859
Exchange,USD,JPY,2025-06-08,144.606
Exchange,USD,JPY,2025-06-09,144.897
Exchange,USD,JPY,2025-06-10,144.6
Exchange,USD,JPY,2025-06-11,143.501
Exchange,USD,JPY,2025-06-12,144.114
Exchange,USD,JPY,2025-06-15,144.784
Exchange,USD,JPY,2025-06-16,145.288
Exchange,USD,JPY,2025-06-17,145.133
Exchange,USD,JPY,2025-06-18,145.466
Exchange,USD,JPY,2025-06-19,146.092
Exchange,USD,JPY,2025-06-22,146.151
Exchange,USD,JPY,2025-06-23,144.916
Exchange,USD,JPY,2025-06-24,145.257
Exchange,USD,JPY,2025-06-25,144.391
Exchange,USD,JPY,2025-06-26,144.663
Exchange,USD,JPY,2025-06-29,144.024
Exchange,USD,JPY,2025-06-30,143.406
Exchange,USD,JPY,2025-07-01,143.66
Exchange,USD,JPY,2025-07-02,144.922
Exchange,USD,JPY,2025-07-03,144.491
Exchange,USD,JPY,2025-07-06,146.07
Exchange,USD,JPY,2025-07-07,146.562
Exchange,USD,JPY,2025-07-08,146.308
Exchange,USD,JPY,2025-07-09,146.248
Exchange,USD,JPY,2025-07-10,147.423
Exchange,USD,JPY,2025-07-13,147.732
Exchange,USD,JPY,2025-07-14,148.849
Exchange,USD,JPY,2025-07-15,147.88
Exchange,USD,JPY,2025-07-16,148.608
Exchange,USD,JPY,2025-07-17,148.844
Exchange,USD,JPY,2025-07-20,147.346
Exchange,USD,JPY,2025-07-21,146.646
Exchange,USD,JPY,2025-07-22,146.51
Exchange,USD,JPY,2025-07-23,147.002
Exchange,USD,JPY,2025-07-24,147.668
Exchange,USD,JPY,2025-07-27,148.545
Exchange,USD,JPY,2025-07-28,148.476
Exchange,USD,JPY,2025-07-29,149.526
Exchange,USD,JPY,2025-07-30,150.766
Exchange,USD,JPY,2025-07-31,147.42
Exchange,USD,JPY,2025-08-03,147.092
Exchange,USD,JPY,2025-08-04,147.556
Exchange,USD,JPY,2025-08-05,147.358
Exchange,USD,JPY,2025-08-06,147.152
Exchange,USD,JPY,2025-08-07,147.752
Exchange,USD,JPY,2025-08-10,148.146
Exchange,USD,JPY,2025-08-11,147.856
Exchange,USD,JPY,2025-08-12,147.383
Exchange,USD,JPY,2025-08-13,147.752
Exchange,USD,JPY,2025-08-14,147.154
Exchange,USD,JPY,2025-08-17,147.855
Exchange,USD,JPY,2025-08-18,147.67
Exchange,USD,JPY,2025-08-19,147.312
Exchange,USD,JPY,2025-08-20,148.389
Exchange,USD,JPY,2025-08-21,146.926
Exchange,USD,JPY,2025-08-24,147.753
Exchange,USD,JPY,2025-08-25,147.43
Exchange,USD,JPY,2025-08-26,147.416
Exchange,USD,JPY,2025-08-27,146.944
Exchange,USD,JPY,2025-08-28,147.066
Exchange,USD,JPY,2025-08-31,147.18
Exchange,USD,JPY,2025-09-01,148.338
Exchange,USD,JPY,2025-09-02,148.109
Exchange,USD,JPY,2025-09-03,148.464
Exchange,USD,JPY,2025-09-04,147.418
Exchange,USD,JPY,2025-09-07,147.53
Exchange,USD,JPY,2025-09-08,147.403
Exchange,USD,JPY,2025-09-09,147.465
Exchange,USD,JPY,2025-09-10,147.236
Exchange,USD,JPY,2025-09-11,147.673
Exchange,USD,JPY,2025-09-14,147.417
Exchange,USD,JPY,2025-09-15,146.456
Exchange,USD,JPY,2025-09-16,146.999
Exchange,USD,JPY,2025-09-17,147.996
Exchange,USD,JPY,2025-09-18,147.956
Exchange,USD,JPY,2025-09-21,147.736
Exchange,USD,JPY,2025-09-22,147.658
Exchange,USD,JPY,2025-09-23,148.909
Exchange,USD,JPY,2025-09-24,149.799
Exchange,USD,JPY,2025-09-25,149.519
Exchange,USD,JPY,2025-09-28,148.598
Exchange,USD,JPY,2025-09-29,147.94
Exchange,USD,JPY,2025-09-30,147.071
Exchange,USD,JPY,2025-10-01,147.264
Exchange,USD,JPY,2025-10-02,147.49
Exchange,USD,JPY,2025-10-05,150.351
Exchange,USD,JPY,2025-10-06,151.9
Exchange,USD,JPY,2025-10-07,152.697
Exchange,USD,JPY,2025-10-08,153.084
Exchange,USD,JPY,2025-10-09,151.174
Exchange,USD,JPY,2025-10-12,152.3
Exchange,USD,JPY,2025-10-13,151.81
Exchange,USD,JPY,2025-10-14,151.071
Exchange,USD,JPY,2025-10-15,150.434
Exchange,USD,JPY,2025-10-16,150.65
Exchange,USD,JPY,2025-10-19,150.766
Exchange,USD,JPY,2025-10-20,151.926
Exchange,USD,JPY,2025-10-21,151.964
Exchange,USD,JPY,2025-10-22,152.596
Exchange,USD,JPY,2025-10-23,152.882
Exchange,USD,JPY,2025-10-26,152.88
Exchange,USD,JPY,2025-10-27,152.116
Exchange,USD,JPY,2025-10-28,152.74
Exchange,USD,JPY,2025-10-29,154.149
Exchange,USD,JPY,2025-10-30,154.017
Exchange,USD,JPY,2025-11-02,154.212
Exchange,USD,JPY,2025-11-03,153.666
Exchange,USD,JPY,2025-11-04,154.114
Exchange,USD,JPY,2025-11-05,153.072
Exchange,USD,JPY,2025-11-06,153.41
Exchange,USD,JPY,2025-11-09,154.132
Exchange,USD,JPY,2025-11-10,154.156
Exchange,USD,JPY,2025-11-11,154.815
Exchange,USD,JPY,2025-11-12,154.536
Exchange,USD,JPY,2025-11-13,154.524
Exchange,USD,JPY,2025-11-16,155.264
Exchange,USD,JPY,2025-11-17,155.522
Exchange,USD,JPY,2025-11-18,157.169
Exchange,USD,JPY,2025-11-19,157.466
Exchange,USD,JPY,2025-11-20,156.409
Exchange,USD,JPY,2025-11-23,156.922
Exchange,USD,JPY,2025-11-24,156.073
Exchange,USD,JPY,2025-11-25,156.47
Exchange,USD,JPY,2025-11-26,156.303
Exchange,USD,JPY,2025-11-27,156.191
Exchange,USD,JPY,2025-11-30,155.484
Exchange,USD,JPY,2025-12-01,155.884
Exchange,USD,JPY,2025-12-02,155.229
Exchange,USD,JPY,2025-12-03,155.12
Exchange,USD,JPY,2025-12-04,155.34
Exchange,USD,JPY,2025-12-07,155.928
Exchange,USD,JPY,2025-12-08,156.894
Exchange,USD,JPY,2025-12-09,156.023
Exchange,USD,JPY,2025-12-10,155.572
Exchange,USD,JPY,2025-12-11,155.838
Exchange,USD,JPY,2025-12-14,155.206
Exchange,USD,JPY,2025-12-15,154.721
Exchange,USD,JPY,2025-12-16,155.693
Exchange,USD,JPY,2025-12-17,155.562
Exchange,USD,JPY,2025-12-18,157.723
Exchange,USD,JPY,2025-12-21,157.036
Exchange,USD,JPY,2025-12-22,156.236
Exchange,USD,JPY,2025-12-23,155.952
Exchange,USD,JPY,2025-12-25,156.569
Exchange,USD,JPY,2025-12-28,156.042
Exchange,USD,JPY,2025-12-29,156.421
Exchange,USD,JPY,2025-12-30,156.684
Exchange,USD,JPY,2026-01-01,156.837
Exchange,USD,JPY,2026-01-04,156.404
Exchange,USD,JPY,2026-01-05,156.663
Exchange,USD,JPY,2026-01-06,156.757
Exchange,USD,JPY,2026-01-07,156.882
Exchange,USD,JPY,2026-01-08,157.933
Exchange,USD,JPY,2026-01-11,158.16
Exchange,USD,JPY,2026-01-12,159.172
Exchange,USD,JPY,2026-01-13,158.435
Exchange,USD,JPY,2026-01-14,158.622
Exchange,USD,JPY,2026-01-15,158.103
Exchange,USD,JPY,2026-01-18,158.127
Exchange,USD,JPY,2026-01-19,158.138
Exchange,USD,JPY,2026-01-20,158.294
Exchange,USD,JPY,2026-01-21,158.429
Exchange,USD,JPY,2026-01-22,155.736
Exchange,USD,JPY,2026-01-25,154.221
Exchange,USD,JPY,2026-01-26,152.204
Exchange,USD,JPY,2026-01-27,153.404
Exchange,USD,JPY,2026-01-28,153.114
Exchange,USD,JPY,2026-01-29,154.782
Exchange,USD,JPY,2026-02-01,155.606
Exchange,USD,JPY,2026-02-02,155.795
Exchange,USD,JPY,2026-02-03,156.87
Exchange,USD,JPY,2026-02-04,157.044
Exchange,USD,JPY,2026-02-05,157.24
Exchange,USD,JPY,2026-02-08,155.899
Exchange,USD,JPY,2026-02-09,154.378
Exchange,USD,JPY,2026-02-10,153.27
Exchange,USD,JPY,2026-02-11,152.738
Exchange,USD,JPY,2026-02-12,152.711
Exchange,USD,JPY,2026-02-15,153.52
Exchange,USD,JPY,2026-02-16,153.299
Exchange,USD,JPY,2026-02-17,154.824
Exchange,USD,JPY,2026-02-18,155.001
Exchange,USD,JPY,2026-02-19,155.076
Exchange,USD,JPY,2026-02-22,154.674
Exchange,USD,JPY,2026-02-23,155.902
Exchange,USD,JPY,2026-02-24,156.364
Exchange,USD,JPY,2026-02-25,156.135
Exchange,USD,JPY,2026-02-26,156.062
Exchange,USD,JPY,2026-03-01,157.36
