This is pdfTeX, Version 3.141592653-2.6-1.40.27 (TeX Live 2025) (preloaded format=pdflatex 2025.9.23)  4 MAR 2026 10:17
entering extended mode
 restricted \write18 enabled.
 %&-line parsing enabled.
**modvalreport.tex
(./modvalreport.tex
LaTeX2e <2024-11-01> patch level 2
L3 programming layer <2025-01-18>
(/usr/local/texlive/2025/texmf-dist/tex/latex/koma-script/scrartcl.cls
Document Class: scrartcl 2024/10/24 v3.43 KOMA-Script document class (article)
(/usr/local/texlive/2025/texmf-dist/tex/latex/koma-script/scrkbase.sty
Package: scrkbase 2024/10/24 v3.43 KOMA-Script package (KOMA-Script-dependent b
asics and keyval usage)

(/usr/local/texlive/2025/texmf-dist/tex/latex/koma-script/scrbase.sty
Package: scrbase 2024/10/24 v3.43 KOMA-Script package (KOMA-Script-independent 
basics and keyval usage)

(/usr/local/texlive/2025/texmf-dist/tex/latex/koma-script/scrlfile.sty
Package: scrlfile 2024/10/24 v3.43 KOMA-Script package (file load hooks)

(/usr/local/texlive/2025/texmf-dist/tex/latex/koma-script/scrlfile-hook.sty
Package: scrlfile-hook 2024/10/24 v3.43 KOMA-Script package (using LaTeX hooks)


(/usr/local/texlive/2025/texmf-dist/tex/latex/koma-script/scrlogo.sty
Package: scrlogo 2024/10/24 v3.43 KOMA-Script package (logo)
)))
(/usr/local/texlive/2025/texmf-dist/tex/latex/graphics/keyval.sty
Package: keyval 2022/05/29 v1.15 key=value parser (DPC)
\KV@toks@=\toks17
)
Applying: [2021/05/01] Usage of raw or classic option list on input line 254.
Already applied: [0000/00/00] Usage of raw or classic option list on input line
 370.
))
(/usr/local/texlive/2025/texmf-dist/tex/latex/koma-script/tocbasic.sty
Package: tocbasic 2024/10/24 v3.43 KOMA-Script package (handling toc-files)
\scr@dte@tocline@numberwidth=\skip49
\scr@dte@tocline@numbox=\box52
)
Package tocbasic Info: omitting babel extension for `toc'
(tocbasic)             because of feature `nobabel' available
(tocbasic)             for `toc' on input line 135.
Package scrartcl Info: You've used standard option `10pt'.
(scrartcl)             This is correct!
(scrartcl)             Internally I'm using `fontsize=10pt'.
(scrartcl)             If you'd like to set the option with \KOMAoptions,
(scrartcl)             you'd have to use `fontsize=10pt' there
(scrartcl)             instead of `10pt', too.
Class scrartcl Info: File `scrsize10pt.clo' used to setup font sizes on input l
ine 2466.

(/usr/local/texlive/2025/texmf-dist/tex/latex/koma-script/scrsize10pt.clo
File: scrsize10pt.clo 2024/10/24 v3.43 KOMA-Script font size class option (10pt
)
)
(/usr/local/texlive/2025/texmf-dist/tex/latex/koma-script/typearea.sty
Package: typearea 2024/10/24 v3.43 KOMA-Script package (type area)
\ta@bcor=\skip50
\ta@div=\count196
Package typearea Info: You've used standard option `a4paper'.
(typearea)             This is correct!
(typearea)             Internally I'm using `paper=a4'.
(typearea)             If you'd like to set the option with \KOMAoptions,
(typearea)             you'd have to use `paper=a4' there
(typearea)             instead of `a4paper', too.
\ta@hblk=\skip51
\ta@vblk=\skip52
\ta@temp=\skip53
\footheight=\skip54
Package typearea Info: These are the values describing the layout:
(typearea)             DIV  = 8
(typearea)             BCOR = 0.0pt
(typearea)             \paperwidth      = 597.50793pt
(typearea)              \textwidth      = 373.44246pt
(typearea)              DIV departure   = -4%
(typearea)              \evensidemargin = 39.76274pt
(typearea)              \oddsidemargin  = 39.76274pt
(typearea)             \paperheight     = 845.04694pt
(typearea)              \textheight     = 538.0pt
(typearea)              \topmargin      = 0.36087pt
(typearea)              \headheight     = 15.0pt
(typearea)              \headsep        = 18.0pt
(typearea)              \topskip        = 10.0pt
(typearea)              \footskip       = 42.0pt
(typearea)              \baselineskip   = 12.0pt
(typearea)              on input line 1802.
)
\c@part=\count197
\c@section=\count198
\c@subsection=\count199
\c@subsubsection=\count266
\c@paragraph=\count267
\c@subparagraph=\count268
\scr@dte@section@maxnumwidth=\skip55
Class scrartcl Info: using compatibility default `runin=bysign'
(scrartcl)           for `\section on input line 5107.
Class scrartcl Info: using compatibility default `afterindent=bysign'
(scrartcl)           for `\section on input line 5107.
\scr@dte@part@maxnumwidth=\skip56
Class scrartcl Info: using compatibility default `afterindent=false'
(scrartcl)           for `\part on input line 5115.
\scr@dte@subsection@maxnumwidth=\skip57
Class scrartcl Info: using compatibility default `runin=bysign'
(scrartcl)           for `\subsection on input line 5125.
Class scrartcl Info: using compatibility default `afterindent=bysign'
(scrartcl)           for `\subsection on input line 5125.
\scr@dte@subsubsection@maxnumwidth=\skip58
Class scrartcl Info: using compatibility default `runin=bysign'
(scrartcl)           for `\subsubsection on input line 5135.
Class scrartcl Info: using compatibility default `afterindent=bysign'
(scrartcl)           for `\subsubsection on input line 5135.
\scr@dte@paragraph@maxnumwidth=\skip59
Class scrartcl Info: using compatibility default `runin=bysign'
(scrartcl)           for `\paragraph on input line 5146.
Class scrartcl Info: using compatibility default `afterindent=bysign'
(scrartcl)           for `\paragraph on input line 5146.
\scr@dte@subparagraph@maxnumwidth=\skip60
Class scrartcl Info: using compatibility default `runin=bysign'
(scrartcl)           for `\subparagraph on input line 5156.
Class scrartcl Info: using compatibility default `afterindent=bysign'
(scrartcl)           for `\subparagraph on input line 5156.
\abovecaptionskip=\skip61
\belowcaptionskip=\skip62
\c@pti@nb@sid@b@x=\box53
Package tocbasic Info: omitting babel extension for `lof'
(tocbasic)             because of feature `nobabel' available
(tocbasic)             for `lof' on input line 6337.
\scr@dte@figure@maxnumwidth=\skip63
\c@figure=\count269
Package tocbasic Info: omitting babel extension for `lot'
(tocbasic)             because of feature `nobabel' available
(tocbasic)             for `lot' on input line 6353.
\scr@dte@table@maxnumwidth=\skip64
\c@table=\count270
Class scrartcl Info: Redefining `\numberline' on input line 6523.
\bibindent=\dimen141
)
(/usr/local/texlive/2025/texmf-dist/tex/latex/tools/longtable.sty
Package: longtable 2024-10-27 v4.22 Multi-page Table package (DPC)
\LTleft=\skip65
\LTright=\skip66
\LTpre=\skip67
\LTpost=\skip68
\LTchunksize=\count271
\LTcapwidth=\dimen142
\LT@head=\box54
\LT@firsthead=\box55
\LT@foot=\box56
\LT@lastfoot=\box57
\LT@gbox=\box58
\LT@cols=\count272
\LT@rows=\count273
\c@LT@tables=\count274
\c@LT@chunks=\count275
\LT@p@ftn=\toks18
)
Class scrartcl Info: longtable captions redefined on input line 22.

(/usr/local/texlive/2025/texmf-dist/tex/latex/booktabs/booktabs.sty
Package: booktabs 2020/01/12 v1.61803398 Publication quality tables
\heavyrulewidth=\dimen143
\lightrulewidth=\dimen144
\cmidrulewidth=\dimen145
\belowrulesep=\dimen146
\belowbottomsep=\dimen147
\aboverulesep=\dimen148
\abovetopsep=\dimen149
\cmidrulesep=\dimen150
\cmidrulekern=\dimen151
\defaultaddspace=\dimen152
\@cmidla=\count276
\@cmidlb=\count277
\@aboverulesep=\dimen153
\@belowrulesep=\dimen154
\@thisruleclass=\count278
\@lastruleclass=\count279
\@thisrulewidth=\dimen155
)
(/usr/local/texlive/2025/texmf-dist/tex/latex/tools/array.sty
Package: array 2024/10/17 v2.6g Tabular extension package (FMi)
\col@sep=\dimen156
\ar@mcellbox=\box59
\extrarowheight=\dimen157
\NC@list=\toks19
\extratabsurround=\skip69
\backup@length=\skip70
\ar@cellbox=\box60
)
(/usr/local/texlive/2025/texmf-dist/tex/latex/multirow/multirow.sty
Package: multirow 2024/11/12 v2.9 Span multiple rows of a table
\multirow@colwidth=\skip71
\multirow@cntb=\count280
\multirow@dima=\skip72
\bigstrutjot=\dimen158
)
(/usr/local/texlive/2025/texmf-dist/tex/latex/pdflscape/pdflscape.sty
Package: pdflscape 2022-10-27 v0.13 Display of landscape pages in PDF

(/usr/local/texlive/2025/texmf-dist/tex/latex/pdflscape/pdflscape-nometadata.st
y
Package: pdflscape-nometadata 2022-10-28 v0.13 Display of landscape pages in PD
F (HO)
 (/usr/local/texlive/2025/texmf-dist/tex/generic/iftex/iftex.sty
Package: iftex 2024/12/12 v1.0g TeX engine tests
)
(/usr/local/texlive/2025/texmf-dist/tex/latex/graphics/lscape.sty
Package: lscape 2020/05/28 v3.02 Landscape Pages (DPC)

(/usr/local/texlive/2025/texmf-dist/tex/latex/graphics/graphics.sty
Package: graphics 2024/08/06 v1.4g Standard LaTeX Graphics (DPC,SPQR)

(/usr/local/texlive/2025/texmf-dist/tex/latex/graphics/trig.sty
Package: trig 2023/12/02 v1.11 sin cos tan (DPC)
)
(/usr/local/texlive/2025/texmf-dist/tex/latex/graphics-cfg/graphics.cfg
File: graphics.cfg 2016/06/04 v1.11 sample graphics configuration
)
Package graphics Info: Driver file: pdftex.def on input line 106.

(/usr/local/texlive/2025/texmf-dist/tex/latex/graphics-def/pdftex.def
File: pdftex.def 2024/04/13 v1.2c Graphics/color driver for pdftex
)))
Package pdflscape Info: Auto-detected driver: pdftex on input line 81.
))
(/usr/local/texlive/2025/texmf-dist/tex/latex/makecell/makecell.sty
Package: makecell 2009/08/03 V0.1e Managing of Tab Column Heads and Cells
\rotheadsize=\dimen159
\c@nlinenum=\count281
\TeXr@lab=\toks20
)
(/usr/local/texlive/2025/texmf-dist/tex/latex/amsmath/amsbsy.sty
Package: amsbsy 1999/11/29 v1.2d Bold Symbols

(/usr/local/texlive/2025/texmf-dist/tex/latex/amsmath/amsgen.sty
File: amsgen.sty 1999/11/30 v2.0 generic functions
\@emptytoks=\toks21
\ex@=\dimen160
)
\pmbraise@=\dimen161
)
(/usr/local/texlive/2025/texmf-dist/tex/latex/hyperref/hyperref.sty
Package: hyperref 2024-11-05 v7.01l Hypertext links for LaTeX

(/usr/local/texlive/2025/texmf-dist/tex/latex/kvsetkeys/kvsetkeys.sty
Package: kvsetkeys 2022-10-05 v1.19 Key value parser (HO)
)
(/usr/local/texlive/2025/texmf-dist/tex/generic/kvdefinekeys/kvdefinekeys.sty
Package: kvdefinekeys 2019-12-19 v1.6 Define keys (HO)
)
(/usr/local/texlive/2025/texmf-dist/tex/generic/pdfescape/pdfescape.sty
Package: pdfescape 2019/12/09 v1.15 Implements pdfTeX's escape features (HO)

(/usr/local/texlive/2025/texmf-dist/tex/generic/ltxcmds/ltxcmds.sty
Package: ltxcmds 2023-12-04 v1.26 LaTeX kernel commands for general use (HO)
)
(/usr/local/texlive/2025/texmf-dist/tex/generic/pdftexcmds/pdftexcmds.sty
Package: pdftexcmds 2020-06-27 v0.33 Utility functions of pdfTeX for LuaTeX (HO
)

(/usr/local/texlive/2025/texmf-dist/tex/generic/infwarerr/infwarerr.sty
Package: infwarerr 2019/12/03 v1.5 Providing info/warning/error messages (HO)
)
Package pdftexcmds Info: \pdf@primitive is available.
Package pdftexcmds Info: \pdf@ifprimitive is available.
Package pdftexcmds Info: \pdfdraftmode found.
))
(/usr/local/texlive/2025/texmf-dist/tex/latex/hycolor/hycolor.sty
Package: hycolor 2020-01-27 v1.10 Color options for hyperref/bookmark (HO)
)
(/usr/local/texlive/2025/texmf-dist/tex/latex/hyperref/nameref.sty
Package: nameref 2023-11-26 v2.56 Cross-referencing by name of section

(/usr/local/texlive/2025/texmf-dist/tex/latex/refcount/refcount.sty
Package: refcount 2019/12/15 v3.6 Data extraction from label references (HO)
)
(/usr/local/texlive/2025/texmf-dist/tex/generic/gettitlestring/gettitlestring.s
ty
Package: gettitlestring 2019/12/15 v1.6 Cleanup title references (HO)
 (/usr/local/texlive/2025/texmf-dist/tex/latex/kvoptions/kvoptions.sty
Package: kvoptions 2022-06-15 v3.15 Key value format for package options (HO)
))
\c@section@level=\count282
)
(/usr/local/texlive/2025/texmf-dist/tex/latex/etoolbox/etoolbox.sty
Package: etoolbox 2025/02/11 v2.5l e-TeX tools for LaTeX (JAW)
\etb@tempcnta=\count283
)
(/usr/local/texlive/2025/texmf-dist/tex/generic/stringenc/stringenc.sty
Package: stringenc 2019/11/29 v1.12 Convert strings between diff. encodings (HO
)
)
\@linkdim=\dimen162
\Hy@linkcounter=\count284
\Hy@pagecounter=\count285

(/usr/local/texlive/2025/texmf-dist/tex/latex/hyperref/pd1enc.def
File: pd1enc.def 2024-11-05 v7.01l Hyperref: PDFDocEncoding definition (HO)
Now handling font encoding PD1 ...
... no UTF-8 mapping file for font encoding PD1
)
(/usr/local/texlive/2025/texmf-dist/tex/generic/intcalc/intcalc.sty
Package: intcalc 2019/12/15 v1.3 Expandable calculations with integers (HO)
)
\Hy@SavedSpaceFactor=\count286

(/usr/local/texlive/2025/texmf-dist/tex/latex/hyperref/puenc.def
File: puenc.def 2024-11-05 v7.01l Hyperref: PDF Unicode definition (HO)
Now handling font encoding PU ...
... no UTF-8 mapping file for font encoding PU
)
Package hyperref Info: Hyper figures OFF on input line 4157.
Package hyperref Info: Link nesting OFF on input line 4162.
Package hyperref Info: Hyper index ON on input line 4165.
Package hyperref Info: Plain pages OFF on input line 4172.
Package hyperref Info: Backreferencing OFF on input line 4177.
Package hyperref Info: Implicit mode ON; LaTeX internals redefined.
Package hyperref Info: Bookmarks ON on input line 4424.
\c@Hy@tempcnt=\count287

(/usr/local/texlive/2025/texmf-dist/tex/latex/url/url.sty
\Urlmuskip=\muskip17
Package: url 2013/09/16  ver 3.4  Verb mode for urls, etc.
)
LaTeX Info: Redefining \url on input line 4763.
\XeTeXLinkMargin=\dimen163

(/usr/local/texlive/2025/texmf-dist/tex/generic/bitset/bitset.sty
Package: bitset 2019/12/09 v1.3 Handle bit-vector datatype (HO)

(/usr/local/texlive/2025/texmf-dist/tex/generic/bigintcalc/bigintcalc.sty
Package: bigintcalc 2019/12/15 v1.5 Expandable calculations on big integers (HO
)
))
\Fld@menulength=\count288
\Field@Width=\dimen164
\Fld@charsize=\dimen165
Package hyperref Info: Hyper figures OFF on input line 6042.
Package hyperref Info: Link nesting OFF on input line 6047.
Package hyperref Info: Hyper index ON on input line 6050.
Package hyperref Info: backreferencing OFF on input line 6057.
Package hyperref Info: Link coloring OFF on input line 6062.
Package hyperref Info: Link coloring with OCG OFF on input line 6067.
Package hyperref Info: PDF/A mode OFF on input line 6072.

(/usr/local/texlive/2025/texmf-dist/tex/latex/base/atbegshi-ltx.sty
Package: atbegshi-ltx 2021/01/10 v1.0c Emulation of the original atbegshi
package with kernel methods
)
\Hy@abspage=\count289
\c@Item=\count290
\c@Hfootnote=\count291
)
Package hyperref Info: Driver (autodetected): hpdftex.

(/usr/local/texlive/2025/texmf-dist/tex/latex/hyperref/hpdftex.def
File: hpdftex.def 2024-11-05 v7.01l Hyperref driver for pdfTeX

(/usr/local/texlive/2025/texmf-dist/tex/latex/base/atveryend-ltx.sty
Package: atveryend-ltx 2020/08/19 v1.0a Emulation of the original atveryend pac
kage
with kernel methods
)
\Fld@listcount=\count292
\c@bookmark@seq@number=\count293

(/usr/local/texlive/2025/texmf-dist/tex/latex/rerunfilecheck/rerunfilecheck.sty
Package: rerunfilecheck 2022-07-10 v1.10 Rerun checks for auxiliary files (HO)

(/usr/local/texlive/2025/texmf-dist/tex/generic/uniquecounter/uniquecounter.sty
Package: uniquecounter 2019/12/15 v1.4 Provide unlimited unique counter (HO)
)
Package uniquecounter Info: New unique counter `rerunfilecheck' on input line 2
85.
)
\Hy@SectionHShift=\skip73
) (/usr/local/texlive/2025/texmf-dist/tex/latex/lipsum/lipsum.sty
(/usr/local/texlive/2025/texmf-dist/tex/latex/l3packages/l3keys2e/l3keys2e.sty
(/usr/local/texlive/2025/texmf-dist/tex/latex/l3kernel/expl3.sty
Package: expl3 2025-01-18 L3 programming layer (loader) 

(/usr/local/texlive/2025/texmf-dist/tex/latex/l3backend/l3backend-pdftex.def
File: l3backend-pdftex.def 2024-05-08 L3 backend support: PDF output (pdfTeX)
\l__color_backend_stack_int=\count294
\l__pdf_internal_box=\box61
))
Package: l3keys2e 2024-08-16 LaTeX2e option processing using LaTeX3 keys
)
Package: lipsum 2021-09-20 v2.7 150 paragraphs of Lorem Ipsum dummy text
\g__lipsum_par_int=\count295
\l__lipsum_a_int=\count296
\l__lipsum_b_int=\count297
(/usr/local/texlive/2025/texmf-dist/tex/latex/lipsum/lipsum.ltd.tex))
(/usr/local/texlive/2025/texmf-dist/tex/latex/caption/caption.sty
Package: caption 2023/08/05 v3.6o Customizing captions (AR)

(/usr/local/texlive/2025/texmf-dist/tex/latex/caption/caption3.sty
Package: caption3 2023/07/31 v2.4d caption3 kernel (AR)
\caption@tempdima=\dimen166
\captionmargin=\dimen167
\caption@leftmargin=\dimen168
\caption@rightmargin=\dimen169
\caption@width=\dimen170
\caption@indent=\dimen171
\caption@parindent=\dimen172
\caption@hangindent=\dimen173
Package caption Info: KOMA-Script document class detected.

(/usr/local/texlive/2025/texmf-dist/tex/latex/caption/caption-koma.sto
File: caption-koma.sto 2023/09/08 v2.0e Adaption of the caption package to the 
KOMA-Script document classes (AR)
))
\c@caption@flags=\count298
\c@continuedfloat=\count299
Package caption Info: hyperref package is loaded.
Package caption Info: longtable package is loaded.

(/usr/local/texlive/2025/texmf-dist/tex/latex/caption/ltcaption.sty
Package: ltcaption 2021/01/08 v1.4c longtable captions (AR)
)
Package caption Info: KOMA-Script scrextend package detected.
\caption@addmargin@hsize=\dimen174
\caption@addmargin@linewidth=\dimen175
)
(/usr/local/texlive/2025/texmf-dist/tex/latex/tools/tabularx.sty
Package: tabularx 2023/12/11 v2.12a `tabularx' package (DPC)
\TX@col@width=\dimen176
\TX@old@table=\dimen177
\TX@old@col=\dimen178
\TX@target=\dimen179
\TX@delta=\dimen180
\TX@cols=\count300
\TX@ftn=\toks22
)
(/usr/local/texlive/2025/texmf-dist/tex/generic/babel/babel.sty
Package: babel 2025/02/14 v25.4 The multilingual framework for pdfLaTeX, LuaLaT
eX and XeLaTeX
\babel@savecnt=\count301
\U@D=\dimen181
\l@unhyphenated=\language90

(/usr/local/texlive/2025/texmf-dist/tex/generic/babel/txtbabel.def)
\bbl@readstream=\read2
\bbl@dirlevel=\count302

(/usr/local/texlive/2025/texmf-dist/tex/generic/babel-english/english.ldf
Language: english 2017/06/06 v3.3r English support from the babel system
Package babel Info: Hyphen rules for 'canadian' set to \l@english
(babel)             (\language0). Reported on input line 102.
Package babel Info: Hyphen rules for 'australian' set to \l@ukenglish
(babel)             (\language22). Reported on input line 105.
Package babel Info: Hyphen rules for 'newzealand' set to \l@ukenglish
(babel)             (\language22). Reported on input line 108.
))
(/usr/local/texlive/2025/texmf-dist/tex/generic/babel/locale/en/babel-english.t
ex
Package babel Info: Importing font and identification data for english
(babel)             from babel-en.ini. Reported on input line 11.
) (/usr/local/texlive/2025/texmf-dist/tex/latex/blindtext/blindtext.sty
Package: blindtext 2012/01/06 V2.0 blindtext-Package

(/usr/local/texlive/2025/texmf-dist/tex/latex/tools/xspace.sty
Package: xspace 2014/10/28 v1.13 Space after command names (DPC,MH)
)
\c@blindtext=\count303
\c@Blindtext=\count304
\c@blind@countparstart=\count305
\blind@countxx=\count306
\blindtext@numBlindtext=\count307
\blind@countyy=\count308
\c@blindlist=\count309
\c@blindlistlevel=\count310
\c@blindlist@level=\count311
\blind@listitem=\count312
\c@blind@listcount=\count313
\c@blind@levelcount=\count314
\blind@mathformula=\count315
\blind@Mathformula=\count316
\c@blind@randomcount=\count317
\c@blind@randommax=\count318
\c@blind@pangramcount=\count319
\c@blind@pangrammax=\count320
)

Class scrartcl Warning: Usage of package `tocloft' together
(scrartcl)              with a KOMA-Script class is not recommended.
(scrartcl)              I'd suggest to use options like `listof=entryprefix',
(scrartcl)              commands like `\listoflofentryname' or
(scrartcl)              `\listoflotentryname', and `\DeclareTOCStyleEntry' or
(scrartcl)              `\RedeclareSectionCommand' instead of this package,
(scrartcl)              because it breaks several KOMA-Script features of
(scrartcl)              the list of figures, list of tables and table of
(scrartcl)              contents, i.e., options like `listof=numbered',
(scrartcl)              `listof=flat or `toc=flat', commands like
(scrartcl)              `\BeforeTOCHead{...}' and `\AfterTOCHead{...}',
(scrartcl)              `\BeforeStartingTOC{...}' and \AfterStartingTOC{...}',
(scrartcl)              all features of `\DeclareTOCStyleEntry',
(scrartcl)              and the ToC entry features of `\DeclareSecionCommand'
(scrartcl)              and `\RedeclareSectionCommand' of levels
(scrartcl)              `part', `chapter', `section', `subsection',
(scrartcl)              `subsubsection', `paragraph' and `subparagraph'.
(scrartcl)              Nevertheless, using requested
(scrartcl)              package `tocloft' on input line 45.

(/usr/local/texlive/2025/texmf-dist/tex/latex/tocloft/tocloft.sty
Package: tocloft 2017/08/31 v2.3i parameterised ToC, etc., typesetting
Package tocloft Info: The document has section divisions on input line 51.
\cftparskip=\skip74
\cftbeforetoctitleskip=\skip75
\cftaftertoctitleskip=\skip76
\cftbeforepartskip=\skip77
\cftpartnumwidth=\skip78
\cftpartindent=\skip79
\cftbeforesecskip=\skip80
\cftsecindent=\skip81
\cftsecnumwidth=\skip82
\cftbeforesubsecskip=\skip83
\cftsubsecindent=\skip84
\cftsubsecnumwidth=\skip85
\cftbeforesubsubsecskip=\skip86
\cftsubsubsecindent=\skip87
\cftsubsubsecnumwidth=\skip88
\cftbeforeparaskip=\skip89
\cftparaindent=\skip90
\cftparanumwidth=\skip91
\cftbeforesubparaskip=\skip92
\cftsubparaindent=\skip93
\cftsubparanumwidth=\skip94
\cftbeforeloftitleskip=\skip95
\cftafterloftitleskip=\skip96
\cftbeforefigskip=\skip97
\cftfigindent=\skip98
\cftfignumwidth=\skip99
\c@lofdepth=\count321
\c@lotdepth=\count322
\cftbeforelottitleskip=\skip100
\cftafterlottitleskip=\skip101
\cftbeforetabskip=\skip102
\cfttabindent=\skip103
\cfttabnumwidth=\skip104
)
(/usr/local/texlive/2025/texmf-dist/tex/latex/xcolor/xcolor.sty
Package: xcolor 2024/09/29 v3.02 LaTeX color extensions (UK)

(/usr/local/texlive/2025/texmf-dist/tex/latex/graphics-cfg/color.cfg
File: color.cfg 2016/01/02 v1.6 sample color configuration
)
Package xcolor Info: Driver file: pdftex.def on input line 274.

(/usr/local/texlive/2025/texmf-dist/tex/latex/graphics/mathcolor.ltx)
Package xcolor Info: Model `cmy' substituted by `cmy0' on input line 1349.
Package xcolor Info: Model `hsb' substituted by `rgb' on input line 1353.
Package xcolor Info: Model `RGB' extended on input line 1365.
Package xcolor Info: Model `HTML' substituted by `rgb' on input line 1367.
Package xcolor Info: Model `Hsb' substituted by `hsb' on input line 1368.
Package xcolor Info: Model `tHsb' substituted by `hsb' on input line 1369.
Package xcolor Info: Model `HSB' substituted by `hsb' on input line 1370.
Package xcolor Info: Model `Gray' substituted by `gray' on input line 1371.
Package xcolor Info: Model `wave' substituted by `hsb' on input line 1372.
)
(/usr/local/texlive/2025/texmf-dist/tex/latex/colortbl/colortbl.sty
Package: colortbl 2024/07/06 v1.0i Color table columns (DPC)
\everycr=\toks23
\minrowclearance=\skip105
\rownum=\count323
)
(/usr/local/texlive/2025/texmf-dist/tex/latex/xcolor/svgnam.def
File: svgnam.def 2024/09/29 v3.02 Predefined colors according to SVG 1.1 (UK)
)
(/usr/local/texlive/2025/texmf-dist/tex/latex/psnfss/helvet.sty
Package: helvet 2020/03/25 PSNFSS-v9.3 (WaS) 
)
(/usr/local/texlive/2025/texmf-dist/tex/latex/anyfontsize/anyfontsize.sty
Package: anyfontsize 2007/11/22 anyfontsize.sty by pts
)
(/usr/local/texlive/2025/texmf-dist/tex/latex/geometry/geometry.sty
Package: geometry 2020/01/02 v5.9 Page Geometry

(/usr/local/texlive/2025/texmf-dist/tex/generic/iftex/ifvtex.sty
Package: ifvtex 2019/10/25 v1.7 ifvtex legacy package. Use iftex instead.
)
\Gm@cnth=\count324
\Gm@cntv=\count325
\c@Gm@tempcnt=\count326
\Gm@bindingoffset=\dimen182
\Gm@wd@mp=\dimen183
\Gm@odd@mp=\dimen184
\Gm@even@mp=\dimen185
\Gm@layoutwidth=\dimen186
\Gm@layoutheight=\dimen187
\Gm@layouthoffset=\dimen188
\Gm@layoutvoffset=\dimen189
\Gm@dimlist=\toks24
)
(/usr/local/texlive/2025/texmf-dist/tex/latex/graphics/graphicx.sty
Package: graphicx 2021/09/16 v1.2d Enhanced LaTeX Graphics (DPC,SPQR)
\Gin@req@height=\dimen190
\Gin@req@width=\dimen191
)
(/usr/local/texlive/2025/texmf-dist/tex/latex/adjustbox/adjustbox.sty
Package: adjustbox 2025/02/26 v1.3c Adjusting TeX boxes (trim, clip, ...)

(/usr/local/texlive/2025/texmf-dist/tex/latex/xkeyval/xkeyval.sty
Package: xkeyval 2022/06/16 v2.9 package option processing (HA)

(/usr/local/texlive/2025/texmf-dist/tex/generic/xkeyval/xkeyval.tex
(/usr/local/texlive/2025/texmf-dist/tex/generic/xkeyval/xkvutils.tex
\XKV@toks=\toks25
\XKV@tempa@toks=\toks26
)
\XKV@depth=\count327
File: xkeyval.tex 2014/12/03 v2.7a key=value parser (HA)
))
(/usr/local/texlive/2025/texmf-dist/tex/latex/adjustbox/adjcalc.sty
Package: adjcalc 2012/05/16 v1.1 Provides advanced setlength with multiple back
-ends (calc, etex, pgfmath)
)
(/usr/local/texlive/2025/texmf-dist/tex/latex/adjustbox/trimclip.sty
Package: trimclip 2025/02/21 v1.2a Trim and clip general TeX material

(/usr/local/texlive/2025/texmf-dist/tex/latex/collectbox/collectbox.sty
Package: collectbox 2022/10/17 v0.4c Collect macro arguments as boxes
\collectedbox=\box62
)
\tc@llx=\dimen192
\tc@lly=\dimen193
\tc@urx=\dimen194
\tc@ury=\dimen195
Package trimclip Info: Using driver 'tc-pdftex.def'.

(/usr/local/texlive/2025/texmf-dist/tex/latex/adjustbox/tc-pdftex.def
File: tc-pdftex.def 2025/02/26 v2.3 Clipping driver for pdftex
))
\adjbox@Width=\dimen196
\adjbox@Height=\dimen197
\adjbox@Depth=\dimen198
\adjbox@Totalheight=\dimen199
\adjbox@pwidth=\dimen256
\adjbox@pheight=\dimen257
\adjbox@pdepth=\dimen258
\adjbox@ptotalheight=\dimen259

(/usr/local/texlive/2025/texmf-dist/tex/latex/ifoddpage/ifoddpage.sty
Package: ifoddpage 2022/10/18 v1.2 Conditionals for odd/even page detection
\c@checkoddpage=\count328
)
(/usr/local/texlive/2025/texmf-dist/tex/latex/varwidth/varwidth.sty
Package: varwidth 2009/03/30 ver 0.92;  Variable-width minipages
\@vwid@box=\box63
\sift@deathcycles=\count329
\@vwid@loff=\dimen260
\@vwid@roff=\dimen261
))

Class scrartcl Warning: Usage of package `titlesec' together
(scrartcl)              with a KOMA-Script class is not recommended.
(scrartcl)              I'd suggest to use KOMA-Script features
(scrartcl)              like \setkomafont, \RedeclareSectionCommand, \sectionli
nesformat
(scrartcl)              and several others to re-configure section
(scrartcl)              headings.
(scrartcl)              Nevertheless, using requested
(scrartcl)              package `titlesec' on input line 56.

(/usr/local/texlive/2025/texmf-dist/tex/latex/titlesec/titlesec.sty
Package: titlesec 2025/01/04 v2.17 Sectioning titles
\ttl@box=\box64
\beforetitleunit=\skip106
\aftertitleunit=\skip107
\ttl@plus=\dimen262
\ttl@minus=\dimen263
\ttl@toksa=\toks27
\titlewidth=\dimen264
\titlewidthlast=\dimen265
\titlewidthfirst=\dimen266


Package titlesec Warning: Non standard sectioning command \section
(titlesec)                detected. Using default spacing and no format.


Package titlesec Warning: Non standard sectioning command \subsection
(titlesec)                detected. Using default spacing and no format.


Package titlesec Warning: Non standard sectioning command \subsubsection
(titlesec)                detected. Using default spacing and no format.


Package titlesec Warning: Non standard sectioning command \paragraph
(titlesec)                detected. Using default spacing and no format.


Package titlesec Warning: Non standard sectioning command \subparagraph
(titlesec)                detected. Using default spacing and no format.

) (/usr/local/texlive/2025/texmf-dist/tex/latex/amsmath/amsmath.sty
Package: amsmath 2024/11/05 v2.17t AMS math features
\@mathmargin=\skip108

For additional information on amsmath, use the `?' option.
(/usr/local/texlive/2025/texmf-dist/tex/latex/amsmath/amstext.sty
Package: amstext 2021/08/26 v2.01 AMS text
)
(/usr/local/texlive/2025/texmf-dist/tex/latex/amsmath/amsopn.sty
Package: amsopn 2022/04/08 v2.04 operator names
)
\inf@bad=\count330
LaTeX Info: Redefining \frac on input line 233.
\uproot@=\count331
\leftroot@=\count332
LaTeX Info: Redefining \overline on input line 398.
LaTeX Info: Redefining \colon on input line 409.
\classnum@=\count333
\DOTSCASE@=\count334
LaTeX Info: Redefining \ldots on input line 495.
LaTeX Info: Redefining \dots on input line 498.
LaTeX Info: Redefining \cdots on input line 619.
\Mathstrutbox@=\box65
\strutbox@=\box66
LaTeX Info: Redefining \big on input line 721.
LaTeX Info: Redefining \Big on input line 722.
LaTeX Info: Redefining \bigg on input line 723.
LaTeX Info: Redefining \Bigg on input line 724.
\big@size=\dimen267
LaTeX Font Info:    Redeclaring font encoding OML on input line 742.
LaTeX Font Info:    Redeclaring font encoding OMS on input line 743.
\macc@depth=\count335
LaTeX Info: Redefining \bmod on input line 904.
LaTeX Info: Redefining \pmod on input line 909.
LaTeX Info: Redefining \smash on input line 939.
LaTeX Info: Redefining \relbar on input line 969.
LaTeX Info: Redefining \Relbar on input line 970.
\c@MaxMatrixCols=\count336
\dotsspace@=\muskip18
\c@parentequation=\count337
\dspbrk@lvl=\count338
\tag@help=\toks28
\row@=\count339
\column@=\count340
\maxfields@=\count341
\andhelp@=\toks29
\eqnshift@=\dimen268
\alignsep@=\dimen269
\tagshift@=\dimen270
\tagwidth@=\dimen271
\totwidth@=\dimen272
\lineht@=\dimen273
\@envbody=\toks30
\multlinegap=\skip109
\multlinetaggap=\skip110
\mathdisplay@stack=\toks31
LaTeX Info: Redefining \[ on input line 2953.
LaTeX Info: Redefining \] on input line 2954.
)
(/usr/local/texlive/2025/texmf-dist/tex/latex/amsfonts/amssymb.sty
Package: amssymb 2013/01/14 v3.01 AMS font symbols

(/usr/local/texlive/2025/texmf-dist/tex/latex/amsfonts/amsfonts.sty
Package: amsfonts 2013/01/14 v3.01 Basic AMSFonts support
\symAMSa=\mathgroup4
\symAMSb=\mathgroup5
LaTeX Font Info:    Redeclaring math symbol \hbar on input line 98.
LaTeX Font Info:    Overwriting math alphabet `\mathfrak' in version `bold'
(Font)                  U/euf/m/n --> U/euf/b/n on input line 106.
))
(/usr/local/texlive/2025/texmf-dist/tex/latex/subfig/subfig.sty
Package: subfig 2005/06/28 ver: 1.3 subfig package
\c@KVtest=\count342
\sf@farskip=\skip111
\sf@captopadj=\dimen274
\sf@capskip=\skip112
\sf@nearskip=\skip113
\c@subfigure=\count343
\c@subfigure@save=\count344
\c@subtable=\count345
\c@subtable@save=\count346
\sf@top=\skip114
\sf@bottom=\skip115
)
(/usr/local/texlive/2025/texmf-dist/tex/latex/mathtools/mathtools.sty
Package: mathtools 2024/10/04 v1.31 mathematical typesetting tools

(/usr/local/texlive/2025/texmf-dist/tex/latex/tools/calc.sty
Package: calc 2023/07/08 v4.3 Infix arithmetic (KKT,FJ)
\calc@Acount=\count347
\calc@Bcount=\count348
\calc@Adimen=\dimen275
\calc@Bdimen=\dimen276
\calc@Askip=\skip116
\calc@Bskip=\skip117
LaTeX Info: Redefining \setlength on input line 80.
LaTeX Info: Redefining \addtolength on input line 81.
\calc@Ccount=\count349
\calc@Cskip=\skip118
)
(/usr/local/texlive/2025/texmf-dist/tex/latex/mathtools/mhsetup.sty
Package: mhsetup 2021/03/18 v1.4 programming setup (MH)
)
\g_MT_multlinerow_int=\count350
\l_MT_multwidth_dim=\dimen277
\origjot=\skip119
\l_MT_shortvdotswithinadjustabove_dim=\dimen278
\l_MT_shortvdotswithinadjustbelow_dim=\dimen279
\l_MT_above_intertext_sep=\dimen280
\l_MT_below_intertext_sep=\dimen281
\l_MT_above_shortintertext_sep=\dimen282
\l_MT_below_shortintertext_sep=\dimen283
\xmathstrut@box=\box67
\xmathstrut@dim=\dimen284
)
(/usr/local/texlive/2025/texmf-dist/tex/generic/mathabx/mathabx.sty
Package: mathabx 2003/07/29 v0.0 Non-standard LaTeX package mathabx
\symmatha=\mathgroup6
\symmathb=\mathgroup7
\symmathx=\mathgroup8

(/usr/local/texlive/2025/texmf-dist/tex/generic/mathabx/mathabx.dcl
LaTeX Font Info:    Redeclaring math symbol \cdotp on input line 25.
LaTeX Font Info:    Redeclaring math symbol \times on input line 33.
LaTeX Font Info:    Redeclaring math symbol \div on input line 34.
LaTeX Font Info:    Redeclaring math symbol \cdot on input line 35.
LaTeX Font Info:    Redeclaring math symbol \circ on input line 36.
LaTeX Font Info:    Redeclaring math symbol \ast on input line 38.
LaTeX Font Info:    Redeclaring math symbol \pm on input line 41.
LaTeX Font Info:    Redeclaring math symbol \mp on input line 42.
LaTeX Font Info:    Redeclaring math symbol \ltimes on input line 43.
LaTeX Font Info:    Redeclaring math symbol \rtimes on input line 44.
LaTeX Font Info:    Redeclaring math symbol \diamond on input line 45.
LaTeX Font Info:    Redeclaring math symbol \bullet on input line 46.
LaTeX Font Info:    Redeclaring math symbol \star on input line 47.
LaTeX Font Info:    Redeclaring math symbol \amalg on input line 51.
LaTeX Font Info:    Redeclaring math symbol \dotplus on input line 58.
LaTeX Font Info:    Redeclaring math symbol \square on input line 63.
LaTeX Font Info:    Redeclaring math symbol \divideontimes on input line 71.
LaTeX Font Info:    Redeclaring math symbol \bigstar on input line 75.
LaTeX Font Info:    Redeclaring math symbol \equiv on input line 83.
LaTeX Font Info:    Redeclaring math symbol \sim on input line 84.
LaTeX Font Info:    Redeclaring math symbol \approx on input line 85.
LaTeX Font Info:    Redeclaring math symbol \simeq on input line 86.
LaTeX Font Info:    Redeclaring math symbol \asymp on input line 89.
LaTeX Font Info:    Redeclaring math symbol \nsim on input line 97.
LaTeX Font Info:    Redeclaring math symbol \ncong on input line 100.
LaTeX Font Info:    Redeclaring math symbol \risingdotseq on input line 118.
LaTeX Font Info:    Redeclaring math symbol \fallingdotseq on input line 119.
LaTeX Font Info:    Redeclaring math symbol \circeq on input line 125.
LaTeX Font Info:    Redeclaring math symbol \eqcirc on input line 126.
LaTeX Font Info:    Redeclaring math symbol \triangleq on input line 127.
LaTeX Font Info:    Redeclaring math symbol \neg on input line 134.
LaTeX Font Info:    Redeclaring math symbol \ll on input line 136.
LaTeX Font Info:    Redeclaring math symbol \gg on input line 137.
LaTeX Font Info:    Redeclaring math symbol \vdash on input line 139.
LaTeX Font Info:    Redeclaring math symbol \dashv on input line 140.
LaTeX Font Info:    Redeclaring math symbol \nvdash on input line 141.
LaTeX Font Info:    Redeclaring math symbol \vDash on input line 143.
LaTeX Font Info:    Redeclaring math symbol \nvDash on input line 145.
LaTeX Font Info:    Redeclaring math symbol \Vdash on input line 147.
LaTeX Font Info:    Redeclaring math symbol \nVdash on input line 149.
LaTeX Font Info:    Redeclaring math symbol \flat on input line 158.
LaTeX Font Info:    Redeclaring math symbol \natural on input line 159.
LaTeX Font Info:    Redeclaring math symbol \sharp on input line 160.
LaTeX Font Info:    Redeclaring math symbol \infty on input line 161.
LaTeX Font Info:    Redeclaring math symbol \propto on input line 162.
LaTeX Font Info:    Redeclaring math symbol \dagger on input line 163.
LaTeX Font Info:    Redeclaring math symbol \ddagger on input line 164.
LaTeX Font Info:    Redeclaring math symbol \between on input line 170.
LaTeX Font Info:    Redeclaring math symbol \smile on input line 171.
LaTeX Font Info:    Redeclaring math symbol \frown on input line 172.
LaTeX Font Info:    Redeclaring math symbol \leftthreetimes on input line 174.
LaTeX Font Info:    Redeclaring math symbol \rightthreetimes on input line 175.

LaTeX Font Info:    Redeclaring math symbol \pitchfork on input line 176.
LaTeX Font Info:    Redeclaring math symbol \nVDash on input line 182.
LaTeX Font Info:    Redeclaring math symbol \Vvdash on input line 184.
LaTeX Font Info:    Redeclaring math symbol \therefore on input line 189.
LaTeX Font Info:    Redeclaring math symbol \because on input line 190.
LaTeX Font Info:    Redeclaring math accent \dot on input line 193.
LaTeX Font Info:    Redeclaring math accent \ddot on input line 195.
LaTeX Font Info:    Redeclaring math symbol \measuredangle on input line 202.
LaTeX Font Info:    Redeclaring math symbol \sphericalangle on input line 203.
LaTeX Font Info:    Redeclaring math symbol \setminus on input line 218.
LaTeX Font Info:    Redeclaring math symbol \mid on input line 222.
LaTeX Font Info:    Redeclaring math symbol \forall on input line 279.
LaTeX Font Info:    Redeclaring math symbol \complement on input line 280.
LaTeX Font Info:    Redeclaring math symbol \partial on input line 281.
LaTeX Font Info:    Redeclaring math symbol \exists on input line 284.
LaTeX Font Info:    Redeclaring math symbol \nexists on input line 285.
LaTeX Font Info:    Redeclaring math symbol \Finv on input line 286.
LaTeX Font Info:    Redeclaring math symbol \Game on input line 287.
LaTeX Font Info:    Redeclaring math symbol \emptyset on input line 288.
LaTeX Font Info:    Redeclaring math symbol \top on input line 290.
LaTeX Font Info:    Redeclaring math symbol \bot on input line 291.
LaTeX Font Info:    Redeclaring math symbol \perp on input line 292.
LaTeX Font Info:    Redeclaring math symbol \curlywedge on input line 296.
LaTeX Font Info:    Redeclaring math symbol \curlyvee on input line 297.
LaTeX Font Info:    Redeclaring math symbol \in on input line 299.
LaTeX Font Info:    Redeclaring math symbol \owns on input line 300.
LaTeX Font Info:    Redeclaring math symbol \cap on input line 312.
LaTeX Font Info:    Redeclaring math symbol \cup on input line 313.
LaTeX Font Info:    Redeclaring math symbol \uplus on input line 314.
LaTeX Font Info:    Redeclaring math symbol \sqcap on input line 315.
LaTeX Font Info:    Redeclaring math symbol \sqcup on input line 316.
LaTeX Font Info:    Redeclaring math symbol \wedge on input line 318.
LaTeX Font Info:    Redeclaring math symbol \vee on input line 320.
LaTeX Font Info:    Redeclaring math symbol \barwedge on input line 327.
LaTeX Font Info:    Redeclaring math symbol \veebar on input line 328.
LaTeX Font Info:    Redeclaring math symbol \doublebarwedge on input line 329.
LaTeX Font Info:    Redeclaring math symbol \doublecap on input line 331.
LaTeX Font Info:    Redeclaring math symbol \doublecup on input line 333.
LaTeX Font Info:    Redeclaring math symbol \subset on input line 344.
LaTeX Font Info:    Redeclaring math symbol \supset on input line 345.
LaTeX Font Info:    Redeclaring math symbol \subseteq on input line 348.
LaTeX Font Info:    Redeclaring math symbol \supseteq on input line 349.
LaTeX Font Info:    Redeclaring math symbol \nsubseteq on input line 350.
LaTeX Font Info:    Redeclaring math symbol \nsupseteq on input line 351.
LaTeX Font Info:    Redeclaring math symbol \subsetneq on input line 352.
LaTeX Font Info:    Redeclaring math symbol \supsetneq on input line 353.
LaTeX Font Info:    Redeclaring math symbol \varsubsetneq on input line 354.
LaTeX Font Info:    Redeclaring math symbol \varsupsetneq on input line 355.
LaTeX Font Info:    Redeclaring math symbol \subseteqq on input line 357.
LaTeX Font Info:    Redeclaring math symbol \supseteqq on input line 358.
LaTeX Font Info:    Redeclaring math symbol \nsubseteqq on input line 359.
LaTeX Font Info:    Redeclaring math symbol \nsupseteqq on input line 360.
LaTeX Font Info:    Redeclaring math symbol \subsetneqq on input line 361.
LaTeX Font Info:    Redeclaring math symbol \supsetneqq on input line 362.
LaTeX Font Info:    Redeclaring math symbol \varsubsetneqq on input line 363.
LaTeX Font Info:    Redeclaring math symbol \varsupsetneqq on input line 364.
LaTeX Font Info:    Redeclaring math symbol \Subset on input line 366.
LaTeX Font Info:    Redeclaring math symbol \Supset on input line 367.
LaTeX Font Info:    Redeclaring math symbol \sqsubseteq on input line 380.
LaTeX Font Info:    Redeclaring math symbol \sqsupseteq on input line 381.
LaTeX Font Info:    Redeclaring math symbol \triangleleft on input line 407.
LaTeX Font Info:    Redeclaring math symbol \vartriangleleft on input line 408.

LaTeX Font Info:    Redeclaring math symbol \triangleright on input line 409.
LaTeX Font Info:    Redeclaring math symbol \vartriangleright on input line 410
.
LaTeX Font Info:    Redeclaring math symbol \ntriangleleft on input line 411.
LaTeX Font Info:    Redeclaring math symbol \ntriangleright on input line 412.
LaTeX Font Info:    Redeclaring math symbol \trianglelefteq on input line 413.
LaTeX Font Info:    Redeclaring math symbol \trianglerighteq on input line 414.

LaTeX Font Info:    Redeclaring math symbol \ntrianglelefteq on input line 415.

LaTeX Font Info:    Redeclaring math symbol \ntrianglerighteq on input line 416
.
LaTeX Font Info:    Redeclaring math symbol \blacktriangledown on input line 42
7.
LaTeX Font Info:    Redeclaring math symbol \blacktriangleleft on input line 42
8.
LaTeX Font Info:    Redeclaring math symbol \blacktriangleright on input line 4
29.
LaTeX Font Info:    Redeclaring math symbol \nless on input line 437.
LaTeX Font Info:    Redeclaring math symbol \ngtr on input line 438.
LaTeX Font Info:    Redeclaring math symbol \leq on input line 439.
LaTeX Font Info:    Redeclaring math symbol \geq on input line 441.
LaTeX Font Info:    Redeclaring math symbol \nleq on input line 443.
LaTeX Font Info:    Redeclaring math symbol \ngeq on input line 445.
LaTeX Font Info:    Redeclaring math symbol \lneq on input line 451.
LaTeX Font Info:    Redeclaring math symbol \gneq on input line 452.
LaTeX Font Info:    Redeclaring math symbol \leqq on input line 453.
LaTeX Font Info:    Redeclaring math symbol \geqq on input line 454.
LaTeX Font Info:    Redeclaring math symbol \nleqq on input line 455.
LaTeX Font Info:    Redeclaring math symbol \ngeqq on input line 456.
LaTeX Font Info:    Redeclaring math symbol \lneqq on input line 457.
LaTeX Font Info:    Redeclaring math symbol \gneqq on input line 458.
LaTeX Font Info:    Redeclaring math symbol \lvertneqq on input line 459.
LaTeX Font Info:    Redeclaring math symbol \gvertneqq on input line 460.
LaTeX Font Info:    Redeclaring math symbol \eqslantless on input line 461.
LaTeX Font Info:    Redeclaring math symbol \eqslantgtr on input line 462.
LaTeX Font Info:    Redeclaring math symbol \lessgtr on input line 465.
LaTeX Font Info:    Redeclaring math symbol \gtrless on input line 466.
LaTeX Font Info:    Redeclaring math symbol \lesseqgtr on input line 467.
LaTeX Font Info:    Redeclaring math symbol \gtreqless on input line 468.
LaTeX Font Info:    Redeclaring math symbol \lesseqqgtr on input line 469.
LaTeX Font Info:    Redeclaring math symbol \gtreqqless on input line 470.
LaTeX Font Info:    Redeclaring math symbol \lesssim on input line 472.
LaTeX Font Info:    Redeclaring math symbol \gtrsim on input line 473.
LaTeX Font Info:    Redeclaring math symbol \lnsim on input line 476.
LaTeX Font Info:    Redeclaring math symbol \gnsim on input line 477.
LaTeX Font Info:    Redeclaring math symbol \lessapprox on input line 478.
LaTeX Font Info:    Redeclaring math symbol \gtrapprox on input line 479.
LaTeX Font Info:    Redeclaring math symbol \lnapprox on input line 482.
LaTeX Font Info:    Redeclaring math symbol \gnapprox on input line 483.
LaTeX Font Info:    Redeclaring math symbol \lessdot on input line 485.
LaTeX Font Info:    Redeclaring math symbol \gtrdot on input line 486.
LaTeX Font Info:    Redeclaring math symbol \lll on input line 488.
LaTeX Font Info:    Redeclaring math symbol \ggg on input line 489.
LaTeX Font Info:    Redeclaring math symbol \prec on input line 498.
LaTeX Font Info:    Redeclaring math symbol \succ on input line 499.
LaTeX Font Info:    Redeclaring math symbol \nprec on input line 500.
LaTeX Font Info:    Redeclaring math symbol \nsucc on input line 501.
LaTeX Font Info:    Redeclaring math symbol \preccurlyeq on input line 502.
LaTeX Font Info:    Redeclaring math symbol \succcurlyeq on input line 503.
LaTeX Font Info:    Redeclaring math symbol \preceq on input line 506.
LaTeX Font Info:    Redeclaring math symbol \succeq on input line 507.
LaTeX Font Info:    Redeclaring math symbol \npreceq on input line 508.
LaTeX Font Info:    Redeclaring math symbol \nsucceq on input line 509.
LaTeX Font Info:    Redeclaring math symbol \curlyeqprec on input line 512.
LaTeX Font Info:    Redeclaring math symbol \curlyeqsucc on input line 513.
LaTeX Font Info:    Redeclaring math symbol \precsim on input line 517.
LaTeX Font Info:    Redeclaring math symbol \succsim on input line 518.
LaTeX Font Info:    Redeclaring math symbol \precnsim on input line 521.
LaTeX Font Info:    Redeclaring math symbol \succnsim on input line 522.
LaTeX Font Info:    Redeclaring math symbol \precapprox on input line 523.
LaTeX Font Info:    Redeclaring math symbol \succapprox on input line 524.
LaTeX Font Info:    Redeclaring math symbol \precnapprox on input line 527.
LaTeX Font Info:    Redeclaring math symbol \succnapprox on input line 528.
LaTeX Font Info:    Redeclaring math symbol \leftarrow on input line 540.
LaTeX Font Info:    Redeclaring math symbol \rightarrow on input line 542.
LaTeX Font Info:    Redeclaring math symbol \nwarrow on input line 546.
LaTeX Font Info:    Redeclaring math symbol \nearrow on input line 547.
LaTeX Font Info:    Redeclaring math symbol \swarrow on input line 548.
LaTeX Font Info:    Redeclaring math symbol \searrow on input line 549.
LaTeX Font Info:    Redeclaring math symbol \leftrightarrow on input line 550.
LaTeX Font Info:    Redeclaring math symbol \nleftarrow on input line 552.
LaTeX Font Info:    Redeclaring math symbol \nrightarrow on input line 553.
LaTeX Font Info:    Redeclaring math symbol \nleftrightarrow on input line 554.

LaTeX Font Info:    Redeclaring math symbol \mapstochar on input line 557.
LaTeX Font Info:    Redeclaring math symbol \leftharpoonup on input line 560.
LaTeX Font Info:    Redeclaring math symbol \rightharpoonup on input line 561.
LaTeX Font Info:    Redeclaring math symbol \leftharpoondown on input line 562.

LaTeX Font Info:    Redeclaring math symbol \rightharpoondown on input line 563
.
LaTeX Font Info:    Redeclaring math symbol \upharpoonleft on input line 564.
LaTeX Font Info:    Redeclaring math symbol \downharpoonleft on input line 565.

LaTeX Font Info:    Redeclaring math symbol \upharpoonright on input line 566.
LaTeX Font Info:    Redeclaring math symbol \restriction on input line 567.
LaTeX Font Info:    Redeclaring math symbol \downharpoonright on input line 568
.
LaTeX Font Info:    Redeclaring math symbol \leftrightharpoons on input line 56
9.
LaTeX Font Info:    Redeclaring math symbol \Leftarrow on input line 575.
LaTeX Font Info:    Redeclaring math symbol \Rightarrow on input line 576.
LaTeX Font Info:    Redeclaring math symbol \Leftrightarrow on input line 579.
LaTeX Font Info:    Redeclaring math symbol \nLeftarrow on input line 581.
LaTeX Font Info:    Redeclaring math symbol \nRightarrow on input line 582.
LaTeX Font Info:    Redeclaring math symbol \nLeftrightarrow on input line 583.

LaTeX Font Info:    Redeclaring math symbol \leftleftarrows on input line 593.
LaTeX Font Info:    Redeclaring math symbol \rightrightarrows on input line 594
.
LaTeX Font Info:    Redeclaring math symbol \upuparrows on input line 595.
LaTeX Font Info:    Redeclaring math symbol \downdownarrows on input line 596.
LaTeX Font Info:    Redeclaring math symbol \leftrightarrows on input line 597.

LaTeX Font Info:    Redeclaring math symbol \rightleftarrows on input line 598.

LaTeX Font Info:    Redeclaring math symbol \rhook on input line 612.
LaTeX Font Info:    Redeclaring math symbol \lhook on input line 613.
LaTeX Font Info:    Redeclaring math symbol \diagup on input line 614.
LaTeX Font Info:    Redeclaring math symbol \diagdown on input line 615.
LaTeX Font Info:    Redeclaring math symbol \Lsh on input line 617.
LaTeX Font Info:    Redeclaring math symbol \Rsh on input line 619.
LaTeX Font Info:    Redeclaring math symbol \looparrowleft on input line 624.
LaTeX Font Info:    Redeclaring math symbol \looparrowright on input line 626.
LaTeX Font Info:    Redeclaring math symbol \curvearrowleft on input line 631.
LaTeX Font Info:    Redeclaring math symbol \curvearrowright on input line 633.

LaTeX Font Info:    Redeclaring math symbol \circlearrowleft on input line 641.

LaTeX Font Info:    Redeclaring math symbol \circlearrowright on input line 642
.
LaTeX Font Info:    Redeclaring math symbol \rightsquigarrow on input line 645.

LaTeX Font Info:    Redeclaring math symbol \leftrightsquigarrow on input line 
646.
LaTeX Font Info:    Redeclaring math symbol \oplus on input line 658.
LaTeX Font Info:    Redeclaring math symbol \ominus on input line 659.
LaTeX Font Info:    Redeclaring math symbol \otimes on input line 661.
LaTeX Font Info:    Redeclaring math symbol \odot on input line 663.
LaTeX Font Info:    Redeclaring math symbol \oslash on input line 675.
LaTeX Font Info:    Redeclaring math symbol \boxplus on input line 683.
LaTeX Font Info:    Redeclaring math symbol \boxminus on input line 684.
LaTeX Font Info:    Redeclaring math symbol \boxtimes on input line 686.
LaTeX Font Info:    Redeclaring math symbol \boxdot on input line 688.
\mayacnter=\count351
\mayacnta=\count352
\mayacntb=\count353
\mayacntc=\count354
\mayawidth=\dimen285
LaTeX Font Info:    Redeclaring math symbol \intop on input line 753.
LaTeX Font Info:    Redeclaring math symbol \ointop on input line 760.
LaTeX Font Info:    Redeclaring math delimiter \lbrace on input line 842.
LaTeX Info: Redefining \{ on input line 846.
LaTeX Font Info:    Redeclaring math delimiter \rbrace on input line 848.
LaTeX Info: Redefining \} on input line 852.
LaTeX Font Info:    Redeclaring math delimiter \langle on input line 858.
LaTeX Font Info:    Redeclaring math delimiter \rangle on input line 859.
LaTeX Font Info:    Redeclaring math delimiter \vert on input line 863.
LaTeX Font Info:    Redeclaring math delimiter \Vert on input line 865.
LaTeX Font Info:    Redeclaring math delimiter \uparrow on input line 868.
LaTeX Font Info:    Redeclaring math delimiter \downarrow on input line 869.
LaTeX Font Info:    Redeclaring math delimiter \updownarrow on input line 870.
LaTeX Font Info:    Redeclaring math delimiter \Uparrow on input line 871.
LaTeX Font Info:    Redeclaring math delimiter \Downarrow on input line 872.
LaTeX Font Info:    Redeclaring math delimiter \Updownarrow on input line 873.
LaTeX Font Info:    Redeclaring math delimiter \lgroup on input line 880.
LaTeX Font Info:    Redeclaring math delimiter \rgroup on input line 881.
LaTeX Font Info:    Redeclaring math delimiter \lceil on input line 882.
LaTeX Font Info:    Redeclaring math delimiter \rceil on input line 883.
LaTeX Font Info:    Redeclaring math delimiter \lfloor on input line 884.
LaTeX Font Info:    Redeclaring math delimiter \rfloor on input line 885.
LaTeX Font Info:    Redeclaring math symbol \braceld on input line 903.
LaTeX Font Info:    Redeclaring math symbol \bracerd on input line 905.
LaTeX Font Info:    Redeclaring math symbol \bracelu on input line 907.
LaTeX Font Info:    Redeclaring math symbol \braceru on input line 909.
LaTeX Font Info:    Redeclaring math accent \widehat on input line 944.
LaTeX Font Info:    Redeclaring math accent \widetilde on input line 946.
))

Class scrartcl Warning: Usage of package `fancyhdr' together
(scrartcl)              with a KOMA-Script class is not recommended.
(scrartcl)              I'd suggest to use 
(scrartcl)              package `scrlayer' or `scrlayer-scrpage', because
(scrartcl)              they support KOMA-Script classes.
(scrartcl)              With `fancyhdr' several features of class `scrartcl'
(scrartcl)              like options `headsepline', `footsepline' or command
(scrartcl)              `\MakeMarkcase' and the commands `\setkomafont' and
(scrartcl)              `\addtokomafont' for the page style elements need
(scrartcl)              explicite user intervention to work.
(scrartcl)              Nevertheless, using requested
(scrartcl)              package `fancyhdr' on input line 63.

(/usr/local/texlive/2025/texmf-dist/tex/latex/fancyhdr/fancyhdr.sty
Package: fancyhdr 2025/02/07 v5.2 Extensive control of page headers and footers

\f@nch@headwidth=\skip120
\f@nch@offset@elh=\skip121
\f@nch@offset@erh=\skip122
\f@nch@offset@olh=\skip123
\f@nch@offset@orh=\skip124
\f@nch@offset@elf=\skip125
\f@nch@offset@erf=\skip126
\f@nch@offset@olf=\skip127
\f@nch@offset@orf=\skip128
\f@nch@height=\skip129
\f@nch@footalignment=\skip130
\f@nch@widthL=\skip131
\f@nch@widthC=\skip132
\f@nch@widthR=\skip133
\@temptokenb=\toks32
)
(/usr/local/texlive/2025/texmf-dist/tex/latex/graphics/rotating.sty
Package: rotating 2016/08/11 v2.16d rotated objects in LaTeX

(/usr/local/texlive/2025/texmf-dist/tex/latex/base/ifthen.sty
Package: ifthen 2024/03/16 v1.1e Standard LaTeX ifthen package (DPC)
)
\c@r@tfl@t=\count355
\rotFPtop=\skip134
\rotFPbot=\skip135
\rot@float@box=\box68
\rot@mess@toks=\toks33
)
(/usr/local/texlive/2025/texmf-dist/tex/latex/float/float.sty
Package: float 2001/11/08 v1.3d Float enhancements (AL)
\c@float@type=\count356
\float@exts=\toks34
\float@box=\box69
\@float@everytoks=\toks35
\@floatcapt=\box70
)
(/usr/local/texlive/2025/texmf-dist/tex/latex/setspace/setspace.sty
Package: setspace 2022/12/04 v6.7b set line spacing
)
(/usr/local/texlive/2025/texmf-dist/tex/latex/biblatex/biblatex.sty
Package: biblatex 2024/03/21 v3.20 programmable bibliographies (PK/MW)

(/usr/local/texlive/2025/texmf-dist/tex/latex/logreq/logreq.sty
Package: logreq 2010/08/04 v1.0 xml request logger
\lrq@indent=\count357

(/usr/local/texlive/2025/texmf-dist/tex/latex/logreq/logreq.def
File: logreq.def 2010/08/04 v1.0 logreq spec v1.0
))
\c@tabx@nest=\count358
\c@listtotal=\count359
\c@listcount=\count360
\c@liststart=\count361
\c@liststop=\count362
\c@citecount=\count363
\c@citetotal=\count364
\c@multicitecount=\count365
\c@multicitetotal=\count366
\c@instcount=\count367
\c@maxnames=\count368
\c@minnames=\count369
\c@maxitems=\count370
\c@minitems=\count371
\c@citecounter=\count372
\c@maxcitecounter=\count373
\c@savedcitecounter=\count374
\c@uniquelist=\count375
\c@uniquename=\count376
\c@refsection=\count377
\c@refsegment=\count378
\c@maxextratitle=\count379
\c@maxextratitleyear=\count380
\c@maxextraname=\count381
\c@maxextradate=\count382
\c@maxextraalpha=\count383
\c@abbrvpenalty=\count384
\c@highnamepenalty=\count385
\c@lownamepenalty=\count386
\c@maxparens=\count387
\c@parenlevel=\count388
\blx@tempcnta=\count389
\blx@tempcntb=\count390
\blx@tempcntc=\count391
\c@blx@maxsection=\count392
\blx@maxsegment@0=\count393
\blx@notetype=\count394
\blx@parenlevel@text=\count395
\blx@parenlevel@foot=\count396
\blx@sectionciteorder@0=\count397
\blx@sectionciteorderinternal@0=\count398
\blx@entrysetcounter=\count399
\blx@biblioinstance=\count400
\labelnumberwidth=\skip136
\labelalphawidth=\skip137
\biblabelsep=\skip138
\bibitemsep=\skip139
\bibnamesep=\skip140
\bibinitsep=\skip141
\bibparsep=\skip142
\bibhang=\skip143
\blx@bcfin=\read3
\blx@bcfout=\write3
\blx@langwohyphens=\language91
\c@mincomprange=\count401
\c@maxcomprange=\count402
\c@mincompwidth=\count403
Package biblatex Info: Trying to load biblatex default data model...
Package biblatex Info: ... file 'blx-dm.def' found.

(/usr/local/texlive/2025/texmf-dist/tex/latex/biblatex/blx-dm.def
File: blx-dm.def 2024/03/21 v3.20 biblatex datamodel (PK/MW)
)
Package biblatex Info: Trying to load biblatex citestyle data model...
Package biblatex Info: ... file 'ieee.dbx' not found.
Package biblatex Info: Trying to load biblatex custom data model...
Package biblatex Info: ... file 'biblatex-dm.cfg' not found.
\c@afterword=\count404
\c@savedafterword=\count405
\c@annotator=\count406
\c@savedannotator=\count407
\c@author=\count408
\c@savedauthor=\count409
\c@bookauthor=\count410
\c@savedbookauthor=\count411
\c@commentator=\count412
\c@savedcommentator=\count413
\c@editor=\count414
\c@savededitor=\count415
\c@editora=\count416
\c@savededitora=\count417
\c@editorb=\count418
\c@savededitorb=\count419
\c@editorc=\count420
\c@savededitorc=\count421
\c@foreword=\count422
\c@savedforeword=\count423
\c@holder=\count424
\c@savedholder=\count425
\c@introduction=\count426
\c@savedintroduction=\count427
\c@namea=\count428
\c@savednamea=\count429
\c@nameb=\count430
\c@savednameb=\count431
\c@namec=\count432
\c@savednamec=\count433
\c@translator=\count434
\c@savedtranslator=\count435
\c@shortauthor=\count436
\c@savedshortauthor=\count437
\c@shorteditor=\count438
\c@savedshorteditor=\count439
\c@labelname=\count440
\c@savedlabelname=\count441
\c@institution=\count442
\c@savedinstitution=\count443
\c@lista=\count444
\c@savedlista=\count445
\c@listb=\count446
\c@savedlistb=\count447
\c@listc=\count448
\c@savedlistc=\count449
\c@listd=\count450
\c@savedlistd=\count451
\c@liste=\count452
\c@savedliste=\count453
\c@listf=\count454
\c@savedlistf=\count455
\c@location=\count456
\c@savedlocation=\count457
\c@organization=\count458
\c@savedorganization=\count459
\c@origlocation=\count460
\c@savedoriglocation=\count461
\c@origpublisher=\count462
\c@savedorigpublisher=\count463
\c@publisher=\count464
\c@savedpublisher=\count465
\c@language=\count466
\c@savedlanguage=\count467
\c@origlanguage=\count468
\c@savedoriglanguage=\count469
\c@pageref=\count470
\c@savedpageref=\count471
\shorthandwidth=\skip144
\shortjournalwidth=\skip145
\shortserieswidth=\skip146
\shorttitlewidth=\skip147
\shortauthorwidth=\skip148
\shorteditorwidth=\skip149
\locallabelnumberwidth=\skip150
\locallabelalphawidth=\skip151
\localshorthandwidth=\skip152
\localshortjournalwidth=\skip153
\localshortserieswidth=\skip154
\localshorttitlewidth=\skip155
\localshortauthorwidth=\skip156
\localshorteditorwidth=\skip157
Package biblatex Info: Trying to load compatibility code...
Package biblatex Info: ... file 'blx-compat.def' found.

(/usr/local/texlive/2025/texmf-dist/tex/latex/biblatex/blx-compat.def
File: blx-compat.def 2024/03/21 v3.20 biblatex compatibility (PK/MW)
)
Package biblatex Info: Trying to load BibTeX backend compatibility...
Package biblatex Info: ... file 'blx-bibtex.def' found.

(/usr/local/texlive/2025/texmf-dist/tex/latex/biblatex/blx-bibtex.def
File: blx-bibtex.def 2024/03/21 v3.20 biblatex compatibility (PK/MW)


Package biblatex Warning: Using fall-back bibtex backend:
(biblatex)                functionality may be reduced/unavailable.

)
Package biblatex Info: Trying to load generic definitions...
Package biblatex Info: ... file 'biblatex.def' found.
 (/usr/local/texlive/2025/texmf-dist/tex/latex/biblatex/biblatex.def
File: biblatex.def 2024/03/21 v3.20 biblatex compatibility (PK/MW)
\c@textcitecount=\count472
\c@textcitetotal=\count473
\c@textcitemaxnames=\count474
\c@biburlbigbreakpenalty=\count475
\c@biburlbreakpenalty=\count476
\c@biburlnumpenalty=\count477
\c@biburlucpenalty=\count478
\c@biburllcpenalty=\count479
\biburlbigskip=\muskip19
\biburlnumskip=\muskip20
\biburlucskip=\muskip21
\biburllcskip=\muskip22
\c@smartand=\count480
)
Package biblatex Info: Trying to load natbib compatibility...
Package biblatex Info: ... file 'blx-natbib.def' found.

(/usr/local/texlive/2025/texmf-dist/tex/latex/biblatex/blx-natbib.def
File: blx-natbib.def 2024/03/21 v3.20 biblatex compatibility (PK/MW)
Package biblatex Info: Delimiter 'nameyeardelim' in context '' already defined,
 overwriting.
)
Package biblatex Info: Trying to load bibliography style 'numeric'...
Package biblatex Info: ... file 'numeric.bbx' found.

(/usr/local/texlive/2025/texmf-dist/tex/latex/biblatex/bbx/numeric.bbx
File: numeric.bbx 2024/03/21 v3.20 biblatex bibliography style (PK/MW)
Package biblatex Info: Trying to load bibliography style 'standard'...
Package biblatex Info: ... file 'standard.bbx' found.

(/usr/local/texlive/2025/texmf-dist/tex/latex/biblatex/bbx/standard.bbx
File: standard.bbx 2024/03/21 v3.20 biblatex bibliography style (PK/MW)
\c@bbx:relatedcount=\count481
\c@bbx:relatedtotal=\count482
))
Package biblatex Info: Trying to load citation style 'ieee'...
Package biblatex Info: ... file 'ieee.cbx' found.

(/usr/local/texlive/2025/texmf-dist/tex/latex/biblatex-ieee/ieee.cbx
File: ieee.cbx 2025-01-15 v1.4c biblatex citation style
Package biblatex Info: Trying to load citation style 'numeric-verb'...
Package biblatex Info: ... file 'numeric-verb.cbx' found.

(/usr/local/texlive/2025/texmf-dist/tex/latex/biblatex/cbx/numeric-verb.cbx
File: numeric-verb.cbx 2024/03/21 v3.20 biblatex citation style (PK/MW)
Package biblatex Info: Redefining '\cite'.
Package biblatex Info: Redefining '\parencite'.
Package biblatex Info: Redefining '\footcite'.
Package biblatex Info: Redefining '\footcitetext'.
Package biblatex Info: Redefining '\smartcite'.
Package biblatex Info: Redefining '\textcite'.
Package biblatex Info: Redefining '\supercite'.
Package biblatex Info: Redefining '\parencites'.
Package biblatex Info: Redefining '\smartcites'.
Package biblatex Info: Redefining '\textcites'.
))
Package biblatex Info: Trying to load configuration file...
Package biblatex Info: ... file 'biblatex.cfg' found.

(/usr/local/texlive/2025/texmf-dist/tex/latex/biblatex/biblatex.cfg
File: biblatex.cfg 
)
Package biblatex Info: Input encoding 'utf8' detected.
Package biblatex Info: Document encoding is UTF8 ....
Package biblatex Info: ... and expl3
(biblatex)             2025-01-18 L3 programming layer (loader) 
(biblatex)             is new enough (at least 2020/04/06),
(biblatex)             setting 'casechanger=expl3'.

(/usr/local/texlive/2025/texmf-dist/tex/latex/biblatex/blx-case-expl3.sty
(/usr/local/texlive/2025/texmf-dist/tex/latex/l3packages/xparse/xparse.sty
Package: xparse 2024-08-16 L3 Experimental document command parser
)
Package: blx-case-expl3 2024/03/21 v3.20 expl3 case changing code for biblatex
))
(/usr/local/texlive/2025/texmf-dist/tex/latex/csquotes/csquotes.sty
Package: csquotes 2024-04-04 v5.2o context-sensitive quotations (JAW)
\csq@reset=\count483
\csq@gtype=\count484
\csq@glevel=\count485
\csq@qlevel=\count486
\csq@maxlvl=\count487
\csq@tshold=\count488
\csq@ltx@everypar=\toks36

(/usr/local/texlive/2025/texmf-dist/tex/latex/csquotes/csquotes.def
File: csquotes.def 2024-04-04 v5.2o csquotes generic definitions (JAW)
)
Package csquotes Info: Trying to load configuration file 'csquotes.cfg'...
Package csquotes Info: ... configuration file loaded successfully.

(/usr/local/texlive/2025/texmf-dist/tex/latex/csquotes/csquotes.cfg
File: csquotes.cfg 
)
Package csquotes Info: Enabling multilingual quotes.
)
(/usr/local/texlive/2025/texmf-dist/tex/latex/base/inputenc.sty
Package: inputenc 2024/02/08 v1.3d Input encoding file
\inpenc@prehook=\toks37
\inpenc@posthook=\toks38
)
(/usr/local/texlive/2025/texmf-dist/tex/latex/base/fontenc.sty
Package: fontenc 2021/04/29 v2.0v Standard LaTeX package
)
(/usr/local/texlive/2025/texmf-dist/tex/latex/listings/listings.sty
\lst@mode=\count489
\lst@gtempboxa=\box71
\lst@token=\toks39
\lst@length=\count490
\lst@currlwidth=\dimen286
\lst@column=\count491
\lst@pos=\count492
\lst@lostspace=\dimen287
\lst@width=\dimen288
\lst@newlines=\count493
\lst@lineno=\count494
\lst@maxwidth=\dimen289

(/usr/local/texlive/2025/texmf-dist/tex/latex/listings/lstpatch.sty
File: lstpatch.sty 2024/09/23 1.10c (Carsten Heinz)
)
(/usr/local/texlive/2025/texmf-dist/tex/latex/listings/lstmisc.sty
File: lstmisc.sty 2024/09/23 1.10c (Carsten Heinz)
\c@lstnumber=\count495
\lst@skipnumbers=\count496
\lst@framebox=\box72
)
(/usr/local/texlive/2025/texmf-dist/tex/latex/listings/listings.cfg
File: listings.cfg 2024/09/23 1.10c listings configuration
))
Package: listings 2024/09/23 1.10c (Carsten Heinz)

(/usr/local/texlive/2025/texmf-dist/tex/latex/listings/lstlang1.sty
File: lstlang1.sty 2024/09/23 1.10c listings language file
)
\c@suggestionCount=\count497
\c@tableCount=\count498
\c@finding=\count499

eqnnum patch: Oh, dear!

Package biblatex Warning: Load 'inputenc' before biblatex.


Package csquotes Warning: Load 'inputenc' before 'csquotes' on input line 265.

Package csquotes Info: Checking for multilingual support...
Package csquotes Info: ... found 'babel' package.
LaTeX Font Info:    Trying to load font information for T1+phv on input line 26
5.
(/usr/local/texlive/2025/texmf-dist/tex/latex/psnfss/t1phv.fd
File: t1phv.fd 2020/03/25 scalable font definitions for T1/phv.
)
(./modvalreport.aux

LaTeX Warning: Label `tab:limitations_summary' multiply defined.

)
\openout1 = `modvalreport.aux'.

LaTeX Font Info:    Checking defaults for OML/cmm/m/it on input line 265.
LaTeX Font Info:    ... okay on input line 265.
LaTeX Font Info:    Checking defaults for OMS/cmsy/m/n on input line 265.
LaTeX Font Info:    ... okay on input line 265.
LaTeX Font Info:    Checking defaults for OT1/cmr/m/n on input line 265.
LaTeX Font Info:    ... okay on input line 265.
LaTeX Font Info:    Checking defaults for T1/cmr/m/n on input line 265.
LaTeX Font Info:    ... okay on input line 265.
LaTeX Font Info:    Checking defaults for TS1/cmr/m/n on input line 265.
LaTeX Font Info:    ... okay on input line 265.
LaTeX Font Info:    Checking defaults for OMX/cmex/m/n on input line 265.
LaTeX Font Info:    ... okay on input line 265.
LaTeX Font Info:    Checking defaults for U/mathx/m/n on input line 265.
LaTeX Font Info:    ... okay on input line 265.
LaTeX Font Info:    Checking defaults for PD1/pdf/m/n on input line 265.
LaTeX Font Info:    ... okay on input line 265.
LaTeX Font Info:    Checking defaults for PU/pdf/m/n on input line 265.
LaTeX Font Info:    ... okay on input line 265.
Package scrbase Info: activating english \abstractname on input line 265.
Package scrbase Info: activating english \partname on input line 265.
Package scrbase Info: activating english \figurename on input line 265.
Package scrbase Info: activating english \tablename on input line 265.
Package scrbase Info: activating english \contentsname on input line 265.
Package scrbase Info: activating english \listfigurename on input line 265.
Package scrbase Info: activating english \listtablename on input line 265.
Package scrbase Info: activating english \refname on input line 265.
Package scrbase Info: activating english \indexname on input line 265.
 (/usr/local/texlive/2025/texmf-dist/tex/context/base/mkii/supp-pdf.mkii
[Loading MPS to PDF converter (version 2006.09.02).]
\scratchcounter=\count500
\scratchdimen=\dimen290
\scratchbox=\box73
\nofMPsegments=\count501
\nofMParguments=\count502
\everyMPshowfont=\toks40
\MPscratchCnt=\count503
\MPscratchDim=\dimen291
\MPnumerator=\count504
\makeMPintoPDFobject=\count505
\everyMPtoPDFconversion=\toks41
) (/usr/local/texlive/2025/texmf-dist/tex/latex/epstopdf-pkg/epstopdf-base.sty
Package: epstopdf-base 2020-01-24 v2.11 Base part for package epstopdf
Package epstopdf-base Info: Redefining graphics rule for `.eps' on input line 4
85.

(/usr/local/texlive/2025/texmf-dist/tex/latex/latexconfig/epstopdf-sys.cfg
File: epstopdf-sys.cfg 2010/07/13 v1.3 Configuration of (r)epstopdf for TeX Liv
e
))
Package hyperref Info: Link coloring OFF on input line 265.

(./modvalreport.out) (./modvalreport.out)
\@outlinefile=\write4
\openout4 = `modvalreport.out'.

Class scrartcl Info: loading recommended package `bookmark'.
(scrartcl)           Using `bookmark' together with `hyperref' is recommended,
(scrartcl)           because of handling of possible bookmark level gaps.
(scrartcl)           You can avoid loading `bookmark' with KOMA-Script option
(scrartcl)           `bookmarkpackage=false' before \begin{document} and
(scrartcl)           you can avoid this message adding:
(scrartcl)             \usepackage{bookmark}
(scrartcl)           before \begin{document} on input line 265.

(/usr/local/texlive/2025/texmf-dist/tex/latex/bookmark/bookmark.sty
Package: bookmark 2023-12-10 v1.31 PDF bookmarks (HO)

(/usr/local/texlive/2025/texmf-dist/tex/latex/bookmark/bkm-pdftex.def
File: bkm-pdftex.def 2023-12-10 v1.31 bookmark driver for pdfTeX and luaTeX (HO
)
\BKM@id=\count506
))
Package caption Info: Begin \AtBeginDocument code.
Package caption Info: subfig package v1.3 is loaded.
Package caption Info: float package is loaded.
Package caption Info: listings package is loaded.
Package caption Info: rotating package is loaded.
Package caption Info: End \AtBeginDocument code.

*geometry* driver: auto-detecting
*geometry* detected driver: pdftex
*geometry* verbose mode - [ preamble ] result:
* driver: pdftex
* paper: a4paper
* layout: <same size as paper>
* layoutoffset:(h,v)=(0.0pt,0.0pt)
* modes: 
* h-part:(L,W,R)=(42.67912pt, 512.14963pt, 42.67912pt)
* v-part:(T,H,B)=(56.9055pt, 702.78308pt, 85.35826pt)
* \paperwidth=597.50787pt
* \paperheight=845.04684pt
* \textwidth=512.14963pt
* \textheight=702.78308pt
* \oddsidemargin=-29.59087pt
* \evensidemargin=-29.59087pt
* \topmargin=-48.36449pt
* \headheight=15.0pt
* \headsep=18.0pt
* \topskip=10.0pt
* \footskip=42.0pt
* \marginparwidth=74.68849pt
* \marginparsep=12.8401pt
* \columnsep=10.0pt
* \skip\footins=9.0pt plus 4.0pt minus 2.0pt
* \hoffset=0.0pt
* \voffset=0.0pt
* \mag=1000
* \@twocolumnfalse
* \@twosidefalse
* \@mparswitchfalse
* \@reversemarginfalse
* (1in=72.27pt=25.4mm, 1cm=28.453pt)

LaTeX Info: Command `\dddot' is already robust on input line 265.
LaTeX Info: Command `\ddddot' is already robust on input line 265.
Package biblatex Info: Trying to load language 'english'...
Package biblatex Info: ... file 'english.lbx' found.
(/usr/local/texlive/2025/texmf-dist/tex/latex/biblatex/lbx/english.lbx
File: english.lbx 2024/03/21 v3.20 biblatex localization (PK/MW)
)
Package biblatex Info: Input encoding 'utf8' detected.
Package biblatex Info: Automatic encoding selection.
(biblatex)             Assuming data encoding 'utf8'.
Package biblatex Info: Input encoding 'utf8' detected.
Package biblatex Info: Data encoding 'utf8' specified.
(biblatex)             No need to reencode data.
\openout3 = `modvalreport-blx.bib'.

Package biblatex Info: Trying to load bibliographic data...
Package biblatex Info: ... file 'modvalreport.bbl' not found.

No file modvalreport.bbl.
Package biblatex Info: Reference section=0 on input line 265.
Package biblatex Info: Reference segment=0 on input line 265.
\c@lstlisting=\count507
Package tocbasic Info: setting babel extension for `lol' on input line 265.
\scr@dte@lstlisting@maxnumwidth=\skip158
Package scrbase Info: activating english \contentsname on input line 265.
Package scrbase Info: activating english \listtablename on input line 265.
<./Pictures/MRM_Logo.png, id=4, 1026.83624pt x 137.51375pt>
File: ./Pictures/MRM_Logo.png Graphic file (type png)
<use ./Pictures/MRM_Logo.png>
Package pdftex.def Info: ./Pictures/MRM_Logo.png  used on input line 279.
(pdftex.def)             Requested size: 597.5083pt x 68.28879pt.

Overfull \hbox (85.35867pt too wide) in paragraph at lines 279--280
[][] 
 []



LaTeX Font Info:    Trying to load font information for TS1+phv on input line 3
26.
(/usr/local/texlive/2025/texmf-dist/tex/latex/psnfss/ts1phv.fd
File: ts1phv.fd 2020/03/25 scalable font definitions for TS1/phv.
)
LaTeX Font Info:    Trying to load font information for U+msa on input line 326
.

(/usr/local/texlive/2025/texmf-dist/tex/latex/amsfonts/umsa.fd
File: umsa.fd 2013/01/14 v3.01 AMS symbols A
)
LaTeX Font Info:    Trying to load font information for U+msb on input line 326
.

(/usr/local/texlive/2025/texmf-dist/tex/latex/amsfonts/umsb.fd
File: umsb.fd 2013/01/14 v3.01 AMS symbols B
)
<./Pictures/Mufg_Logo_Title.png, id=5, 187.70125pt x 86.3225pt>
File: ./Pictures/Mufg_Logo_Title.png Graphic file (type png)
<use ./Pictures/Mufg_Logo_Title.png>
Package pdftex.def Info: ./Pictures/Mufg_Logo_Title.png  used on input line 326
.
(pdftex.def)             Requested size: 99.58716pt x 28.45226pt.
 [1

{/usr/local/texlive/2025/texmf-var/fonts/map/pdftex/updmap/pdftex.map}{/usr/loc
al/texlive/2025/texmf-dist/fonts/enc/dvips/base/8r.enc} <./Pictures/MRM_Logo.pn
g> <./Pictures/Mufg_Logo_Title.png>] (./modvalreport.toc
Package tocbasic Info: Using my definition of `\numberline' on input line 6.
Package tocbasic Info: Using my definition of `\numberline' on input line 7.
Package tocbasic Info: Using my definition of `\numberline' on input line 8.
Package tocbasic Info: Using my definition of `\numberline' on input line 9.
Package tocbasic Info: Using my definition of `\numberline' on input line 10.
Package tocbasic Info: Using my definition of `\numberline' on input line 11.
Package tocbasic Info: Using my definition of `\numberline' on input line 28.
Package tocbasic Info: Using my definition of `\numberline' on input line 29.
Package tocbasic Info: Using my definition of `\numberline' on input line 30.
Package tocbasic Info: Using my definition of `\numberline' on input line 32.
Package tocbasic Info: Using my definition of `\numberline' on input line 33.
Package tocbasic Info: Using my definition of `\numberline' on input line 34.
Package tocbasic Info: Using my definition of `\numberline' on input line 35.
Package tocbasic Info: Using my definition of `\numberline' on input line 36.
Package tocbasic Info: Using my definition of `\numberline' on input line 37.
Package tocbasic Info: Using my definition of `\numberline' on input line 38.
Package tocbasic Info: Using my definition of `\numberline' on input line 43.
Package tocbasic Info: Using my definition of `\numberline' on input line 44.
Package tocbasic Info: Using my definition of `\numberline' on input line 45.
Package tocbasic Info: Using my definition of `\numberline' on input line 46.
Package tocbasic Info: Using my definition of `\numberline' on input line 47.



pdfTeX warning (ext4): destination with the same identifier (name{page.}) has b
een already used, duplicate ignored
<to be read again> 
                   \relax 
l.49 ...on of Volatility}{23}{subsubsection.4.2.5}
                                                  % [2]
Package tocbasic Info: Using my definition of `\numberline' on input line 52.
Package tocbasic Info: Using my definition of `\numberline' on input line 53.
Package tocbasic Info: Using my definition of `\numberline' on input line 54.
Package tocbasic Info: Using my definition of `\numberline' on input line 55.
Package tocbasic Info: Using my definition of `\numberline' on input line 56.
Package tocbasic Info: Using my definition of `\numberline' on input line 62.
Package tocbasic Info: Using my definition of `\numberline' on input line 63.
Package tocbasic Info: Using my definition of `\numberline' on input line 64.
Package tocbasic Info: Using my definition of `\numberline' on input line 66.
Package tocbasic Info: Using my definition of `\numberline' on input line 67.
Package tocbasic Info: Using my definition of `\numberline' on input line 68.
Package tocbasic Info: Using my definition of `\numberline' on input line 69.
Package tocbasic Info: Using my definition of `\numberline' on input line 70.
Package tocbasic Info: Using my definition of `\numberline' on input line 76.
Package tocbasic Info: Using my definition of `\numberline' on input line 77.
Package tocbasic Info: Using my definition of `\numberline' on input line 79.
Package tocbasic Info: Using my definition of `\numberline' on input line 80.
Package tocbasic Info: Using my definition of `\numberline' on input line 81.
Package tocbasic Info: Using my definition of `\numberline' on input line 82.
Package tocbasic Info: Using my definition of `\numberline' on input line 83.
Package tocbasic Info: Using my definition of `\numberline' on input line 89.
Package tocbasic Info: Using my definition of `\numberline' on input line 90.
Package tocbasic Info: Using my definition of `\numberline' on input line 92.
Package tocbasic Info: Using my definition of `\numberline' on input line 93.
Package tocbasic Info: Using my definition of `\numberline' on input line 94.
Package tocbasic Info: Using my definition of `\numberline' on input line 96.
Package tocbasic Info: Using my definition of `\numberline' on input line 97.
Package tocbasic Info: Using my definition of `\numberline' on input line 98.
Package tocbasic Info: Using my definition of `\numberline' on input line 100.
Package tocbasic Info: Using my definition of `\numberline' on input line 101.
Package tocbasic Info: Using my definition of `\numberline' on input line 102.



pdfTeX warning (ext4): destination with the same identifier (name{page.}) has b
een already used, duplicate ignored
<to be read again> 
                   \relax 
l.104 ....7.1}Description:}{59}{paragraph.4.3.7.1}
                                                  % [3]
Package tocbasic Info: Using my definition of `\numberline' on input line 104.
Package tocbasic Info: Using my definition of `\numberline' on input line 105.
Package tocbasic Info: Using my definition of `\numberline' on input line 106.
Package tocbasic Info: Using my definition of `\numberline' on input line 107.
Package tocbasic Info: Using my definition of `\numberline' on input line 109.
Package tocbasic Info: Using my definition of `\numberline' on input line 110.
Package tocbasic Info: Using my definition of `\numberline' on input line 111.
Package tocbasic Info: Using my definition of `\numberline' on input line 113.



pdfTeX warning (ext4): destination with the same identifier (name{page.}) has b
een already used, duplicate ignored
<to be read again> 
                   \relax 
l.142 ....1}Numerical scheme}{74}{subsection.12.1}
                                                  % [4])
\tf@toc=\write5
\openout5 = `modvalreport.toc'.




Package fancyhdr Warning: \headheight is too small (15.0pt): 
(fancyhdr)                Make it at least 28.39755pt, for example:
(fancyhdr)                \setlength{\headheight}{28.39755pt}.
(fancyhdr)                You might also make \topmargin smaller:
(fancyhdr)                \addtolength{\topmargin}{-13.39755pt}.


Overfull \hbox (26.56018pt too wide) has occurred while \output is active
[] $[]$ 
 []


Overfull \hbox (26.56018pt too wide) has occurred while \output is active
[] $[]$ 
 []

<./Pictures/mufglogo.png, id=318, 187.70125pt x 86.3225pt>
File: ./Pictures/mufglogo.png Graphic file (type png)
<use ./Pictures/mufglogo.png>
Package pdftex.def Info: ./Pictures/mufglogo.png  used on input line 363.
(pdftex.def)             Requested size: 62.5946pt x 20.486pt.

pdfTeX warning (ext4): destination with the same identifier (name{page.}) has b
een already used, duplicate ignored
<to be read again> 
                   \relax 
l.363 	\newpage
                [5 <./Pictures/mufglogo.png>]
(./Sections/01_ExSummary/ExecutiveSummary.tex
LaTeX Font Info:    Font shape `T1/phv/m/it' in size <10> not available
(Font)              Font shape `T1/phv/m/sl' tried instead on input line 6.


[1]) (./Sections/02_ListOfFindings/ListOfFindings.tex
Underfull \hbox (badness 4779) in paragraph at lines 26--26
[]|\T1/phv/m/n/10 FX spots are sim-u-lated via GBM with time-
 []


LaTeX Warning: `!h' float specifier changed to `!ht'.




Package fancyhdr Warning: \headheight is too small (15.0pt): 
(fancyhdr)                Make it at least 28.39755pt, for example:
(fancyhdr)                \setlength{\headheight}{28.39755pt}.
(fancyhdr)                You might also make \topmargin smaller:
(fancyhdr)                \addtolength{\topmargin}{-13.39755pt}.


Overfull \hbox (26.56018pt too wide) has occurred while \output is active
[] $[]$ 
 []


Overfull \hbox (26.56018pt too wide) has occurred while \output is active
[] $[]$ 
 []

File: ./Pictures/mufglogo.png Graphic file (type png)
<use ./Pictures/mufglogo.png>
Package pdftex.def Info: ./Pictures/mufglogo.png  used on input line 114.
(pdftex.def)             Requested size: 62.5946pt x 20.486pt.
[2

]


Package fancyhdr Warning: \headheight is too small (15.0pt): 
(fancyhdr)                Make it at least 28.39755pt, for example:
(fancyhdr)                \setlength{\headheight}{28.39755pt}.
(fancyhdr)                You might also make \topmargin smaller:
(fancyhdr)                \addtolength{\topmargin}{-13.39755pt}.


Overfull \hbox (26.56018pt too wide) has occurred while \output is active
[] $[]$ 
 []


Overfull \hbox (26.56018pt too wide) has occurred while \output is active
[] $[]$ 
 []

File: ./Pictures/mufglogo.png Graphic file (type png)
<use ./Pictures/mufglogo.png>
Package pdftex.def Info: ./Pictures/mufglogo.png  used on input line 146.
(pdftex.def)             Requested size: 62.5946pt x 20.486pt.
[3]


Package fancyhdr Warning: \headheight is too small (15.0pt): 
(fancyhdr)                Make it at least 28.39755pt, for example:
(fancyhdr)                \setlength{\headheight}{28.39755pt}.
(fancyhdr)                You might also make \topmargin smaller:
(fancyhdr)                \addtolength{\topmargin}{-13.39755pt}.


Overfull \hbox (26.56018pt too wide) has occurred while \output is active
[] $[]$ 
 []


Overfull \hbox (26.56018pt too wide) has occurred while \output is active
[] $[]$ 
 []

File: ./Pictures/mufglogo.png Graphic file (type png)
<use ./Pictures/mufglogo.png>
Package pdftex.def Info: ./Pictures/mufglogo.png  used on input line 204.
(pdftex.def)             Requested size: 62.5946pt x 20.486pt.
[4]


Package fancyhdr Warning: \headheight is too small (15.0pt): 
(fancyhdr)                Make it at least 28.39755pt, for example:
(fancyhdr)                \setlength{\headheight}{28.39755pt}.
(fancyhdr)                You might also make \topmargin smaller:
(fancyhdr)                \addtolength{\topmargin}{-13.39755pt}.


Overfull \hbox (26.56018pt too wide) has occurred while \output is active
[] $[]$ 
 []


Overfull \hbox (26.56018pt too wide) has occurred while \output is active
[] $[]$ 
 []

File: ./Pictures/mufglogo.png Graphic file (type png)
<use ./Pictures/mufglogo.png>
Package pdftex.def Info: ./Pictures/mufglogo.png  used on input line 243.
(pdftex.def)             Requested size: 62.5946pt x 20.486pt.
[5]


Package fancyhdr Warning: \headheight is too small (15.0pt): 
(fancyhdr)                Make it at least 28.39755pt, for example:
(fancyhdr)                \setlength{\headheight}{28.39755pt}.
(fancyhdr)                You might also make \topmargin smaller:
(fancyhdr)                \addtolength{\topmargin}{-13.39755pt}.


Overfull \hbox (26.56018pt too wide) has occurred while \output is active
[] $[]$ 
 []


Overfull \hbox (26.56018pt too wide) has occurred while \output is active
[] $[]$ 
 []

File: ./Pictures/mufglogo.png Graphic file (type png)
<use ./Pictures/mufglogo.png>
Package pdftex.def Info: ./Pictures/mufglogo.png  used on input line 277.
(pdftex.def)             Requested size: 62.5946pt x 20.486pt.
[6]


Package fancyhdr Warning: \headheight is too small (15.0pt): 
(fancyhdr)                Make it at least 28.39755pt, for example:
(fancyhdr)                \setlength{\headheight}{28.39755pt}.
(fancyhdr)                You might also make \topmargin smaller:
(fancyhdr)                \addtolength{\topmargin}{-13.39755pt}.


Overfull \hbox (26.56018pt too wide) has occurred while \output is active
[] $[]$ 
 []


Overfull \hbox (26.56018pt too wide) has occurred while \output is active
[] $[]$ 
 []

File: ./Pictures/mufglogo.png Graphic file (type png)
<use ./Pictures/mufglogo.png>
Package pdftex.def Info: ./Pictures/mufglogo.png  used on input line 310.
(pdftex.def)             Requested size: 62.5946pt x 20.486pt.
[7]


Package fancyhdr Warning: \headheight is too small (15.0pt): 
(fancyhdr)                Make it at least 28.39755pt, for example:
(fancyhdr)                \setlength{\headheight}{28.39755pt}.
(fancyhdr)                You might also make \topmargin smaller:
(fancyhdr)                \addtolength{\topmargin}{-13.39755pt}.


Overfull \hbox (26.56018pt too wide) has occurred while \output is active
[] $[]$ 
 []


Overfull \hbox (26.56018pt too wide) has occurred while \output is active
[] $[]$ 
 []

File: ./Pictures/mufglogo.png Graphic file (type png)
<use ./Pictures/mufglogo.png>
Package pdftex.def Info: ./Pictures/mufglogo.png  used on input line 318.
(pdftex.def)             Requested size: 62.5946pt x 20.486pt.
[8]) (./Sections/03_AssumptionsLimitations/AssumptionsLimitations.tex


Package fancyhdr Warning: \headheight is too small (15.0pt): 
(fancyhdr)                Make it at least 28.39755pt, for example:
(fancyhdr)                \setlength{\headheight}{28.39755pt}.
(fancyhdr)                You might also make \topmargin smaller:
(fancyhdr)                \addtolength{\topmargin}{-13.39755pt}.


Overfull \hbox (26.56018pt too wide) has occurred while \output is active
[] $[]$ 
 []


Overfull \hbox (26.56018pt too wide) has occurred while \output is active
[] $[]$ 
 []

File: ./Pictures/mufglogo.png Graphic file (type png)
<use ./Pictures/mufglogo.png>
Package pdftex.def Info: ./Pictures/mufglogo.png  used on input line 40.
(pdftex.def)             Requested size: 62.5946pt x 20.486pt.
[9


]


Package fancyhdr Warning: \headheight is too small (15.0pt): 
(fancyhdr)                Make it at least 28.39755pt, for example:
(fancyhdr)                \setlength{\headheight}{28.39755pt}.
(fancyhdr)                You might also make \topmargin smaller:
(fancyhdr)                \addtolength{\topmargin}{-13.39755pt}.


Overfull \hbox (26.56018pt too wide) has occurred while \output is active
[] $[]$ 
 []


Overfull \hbox (26.56018pt too wide) has occurred while \output is active
[] $[]$ 
 []

File: ./Pictures/mufglogo.png Graphic file (type png)
<use ./Pictures/mufglogo.png>
Package pdftex.def Info: ./Pictures/mufglogo.png  used on input line 60.
(pdftex.def)             Requested size: 62.5946pt x 20.486pt.
[10]


Package fancyhdr Warning: \headheight is too small (15.0pt): 
(fancyhdr)                Make it at least 28.39755pt, for example:
(fancyhdr)                \setlength{\headheight}{28.39755pt}.
(fancyhdr)                You might also make \topmargin smaller:
(fancyhdr)                \addtolength{\topmargin}{-13.39755pt}.


Overfull \hbox (26.56018pt too wide) has occurred while \output is active
[] $[]$ 
 []


Overfull \hbox (26.56018pt too wide) has occurred while \output is active
[] $[]$ 
 []

File: ./Pictures/mufglogo.png Graphic file (type png)
<use ./Pictures/mufglogo.png>
Package pdftex.def Info: ./Pictures/mufglogo.png  used on input line 120.
(pdftex.def)             Requested size: 62.5946pt x 20.486pt.
[11]
LaTeX Info: Symbol \textrightarrow not provided by
            font family phv in TS1 encoding.
            Default family used instead on input line 131.



Package fancyhdr Warning: \headheight is too small (15.0pt): 
(fancyhdr)                Make it at least 28.39755pt, for example:
(fancyhdr)                \setlength{\headheight}{28.39755pt}.
(fancyhdr)                You might also make \topmargin smaller:
(fancyhdr)                \addtolength{\topmargin}{-13.39755pt}.


Overfull \hbox (26.56018pt too wide) has occurred while \output is active
[] $[]$ 
 []


Overfull \hbox (26.56018pt too wide) has occurred while \output is active
[] $[]$ 
 []

File: ./Pictures/mufglogo.png Graphic file (type png)
<use ./Pictures/mufglogo.png>
Package pdftex.def Info: ./Pictures/mufglogo.png  used on input line 183.
(pdftex.def)             Requested size: 62.5946pt x 20.486pt.
[12{/usr/local/texlive/2025/texmf-dist/fonts/enc/dvips/cm-super/cm-super-ts1.en
c}]


Package fancyhdr Warning: \headheight is too small (15.0pt): 
(fancyhdr)                Make it at least 28.39755pt, for example:
(fancyhdr)                \setlength{\headheight}{28.39755pt}.
(fancyhdr)                You might also make \topmargin smaller:
(fancyhdr)                \addtolength{\topmargin}{-13.39755pt}.


Overfull \hbox (26.56018pt too wide) has occurred while \output is active
[] $[]$ 
 []


Overfull \hbox (26.56018pt too wide) has occurred while \output is active
[] $[]$ 
 []

File: ./Pictures/mufglogo.png Graphic file (type png)
<use ./Pictures/mufglogo.png>
Package pdftex.def Info: ./Pictures/mufglogo.png  used on input line 233.
(pdftex.def)             Requested size: 62.5946pt x 20.486pt.
[13]


Package fancyhdr Warning: \headheight is too small (15.0pt): 
(fancyhdr)                Make it at least 28.39755pt, for example:
(fancyhdr)                \setlength{\headheight}{28.39755pt}.
(fancyhdr)                You might also make \topmargin smaller:
(fancyhdr)                \addtolength{\topmargin}{-13.39755pt}.


Overfull \hbox (26.56018pt too wide) has occurred while \output is active
[] $[]$ 
 []


Overfull \hbox (26.56018pt too wide) has occurred while \output is active
[] $[]$ 
 []

File: ./Pictures/mufglogo.png Graphic file (type png)
<use ./Pictures/mufglogo.png>
Package pdftex.def Info: ./Pictures/mufglogo.png  used on input line 237.
(pdftex.def)             Requested size: 62.5946pt x 20.486pt.
[14]
Underfull \hbox (badness 1237) in paragraph at lines 252--253
[]|\T1/phv/m/n/9 Tail risk, long-dated
 []


Underfull \hbox (badness 3536) in paragraph at lines 254--254
[]|\T1/phv/m/n/9 10--15% op-tion un-
 []


Underfull \hbox (badness 3343) in paragraph at lines 254--255
[]|\T1/phv/m/n/9 Embedded op-tion-al-
 []


Underfull \hbox (badness 10000) in paragraph at lines 258--259
[]|\T1/phv/m/n/9 Barrier op-tions,
 []


Underfull \hbox (badness 4859) in paragraph at lines 264--265
[]|\T1/phv/m/n/9 Asian, TARF, look-
 []




Package fancyhdr Warning: \headheight is too small (15.0pt): 
(fancyhdr)                Make it at least 28.39755pt, for example:
(fancyhdr)                \setlength{\headheight}{28.39755pt}.
(fancyhdr)                You might also make \topmargin smaller:
(fancyhdr)                \addtolength{\topmargin}{-13.39755pt}.


Overfull \hbox (26.56018pt too wide) has occurred while \output is active
[] $[]$ 
 []


Overfull \hbox (26.56018pt too wide) has occurred while \output is active
[] $[]$ 
 []

File: ./Pictures/mufglogo.png Graphic file (type png)
<use ./Pictures/mufglogo.png>
Package pdftex.def Info: ./Pictures/mufglogo.png  used on input line 270.
(pdftex.def)             Requested size: 62.5946pt x 20.486pt.
[15]


Package fancyhdr Warning: \headheight is too small (15.0pt): 
(fancyhdr)                Make it at least 28.39755pt, for example:
(fancyhdr)                \setlength{\headheight}{28.39755pt}.
(fancyhdr)                You might also make \topmargin smaller:
(fancyhdr)                \addtolength{\topmargin}{-13.39755pt}.


Overfull \hbox (26.56018pt too wide) has occurred while \output is active
[] $[]$ 
 []


Overfull \hbox (26.56018pt too wide) has occurred while \output is active
[] $[]$ 
 []

File: ./Pictures/mufglogo.png Graphic file (type png)
<use ./Pictures/mufglogo.png>
Package pdftex.def Info: ./Pictures/mufglogo.png  used on input line 312.
(pdftex.def)             Requested size: 62.5946pt x 20.486pt.
[16]


Package fancyhdr Warning: \headheight is too small (15.0pt): 
(fancyhdr)                Make it at least 28.39755pt, for example:
(fancyhdr)                \setlength{\headheight}{28.39755pt}.
(fancyhdr)                You might also make \topmargin smaller:
(fancyhdr)                \addtolength{\topmargin}{-13.39755pt}.


Overfull \hbox (26.56018pt too wide) has occurred while \output is active
[] $[]$ 
 []


Overfull \hbox (26.56018pt too wide) has occurred while \output is active
[] $[]$ 
 []

File: ./Pictures/mufglogo.png Graphic file (type png)
<use ./Pictures/mufglogo.png>
Package pdftex.def Info: ./Pictures/mufglogo.png  used on input line 369.
(pdftex.def)             Requested size: 62.5946pt x 20.486pt.
[17]


Package fancyhdr Warning: \headheight is too small (15.0pt): 
(fancyhdr)                Make it at least 28.39755pt, for example:
(fancyhdr)                \setlength{\headheight}{28.39755pt}.
(fancyhdr)                You might also make \topmargin smaller:
(fancyhdr)                \addtolength{\topmargin}{-13.39755pt}.


Overfull \hbox (26.56018pt too wide) has occurred while \output is active
[] $[]$ 
 []


Overfull \hbox (26.56018pt too wide) has occurred while \output is active
[] $[]$ 
 []

File: ./Pictures/mufglogo.png Graphic file (type png)
<use ./Pictures/mufglogo.png>
Package pdftex.def Info: ./Pictures/mufglogo.png  used on input line 421.
(pdftex.def)             Requested size: 62.5946pt x 20.486pt.
[18]


Package fancyhdr Warning: \headheight is too small (15.0pt): 
(fancyhdr)                Make it at least 28.39755pt, for example:
(fancyhdr)                \setlength{\headheight}{28.39755pt}.
(fancyhdr)                You might also make \topmargin smaller:
(fancyhdr)                \addtolength{\topmargin}{-13.39755pt}.


Overfull \hbox (26.56018pt too wide) has occurred while \output is active
[] $[]$ 
 []


Overfull \hbox (26.56018pt too wide) has occurred while \output is active
[] $[]$ 
 []

File: ./Pictures/mufglogo.png Graphic file (type png)
<use ./Pictures/mufglogo.png>
Package pdftex.def Info: ./Pictures/mufglogo.png  used on input line 477.
(pdftex.def)             Requested size: 62.5946pt x 20.486pt.
[19]


Package fancyhdr Warning: \headheight is too small (15.0pt): 
(fancyhdr)                Make it at least 28.39755pt, for example:
(fancyhdr)                \setlength{\headheight}{28.39755pt}.
(fancyhdr)                You might also make \topmargin smaller:
(fancyhdr)                \addtolength{\topmargin}{-13.39755pt}.


Overfull \hbox (26.56018pt too wide) has occurred while \output is active
[] $[]$ 
 []


Overfull \hbox (26.56018pt too wide) has occurred while \output is active
[] $[]$ 
 []

File: ./Pictures/mufglogo.png Graphic file (type png)
<use ./Pictures/mufglogo.png>
Package pdftex.def Info: ./Pictures/mufglogo.png  used on input line 532.
(pdftex.def)             Requested size: 62.5946pt x 20.486pt.
[20]
! Missing $ inserted.
<inserted text> 
                $
l.544 ...e difference $\sigma_{\text{25\Delta put}
                                                  } - \sigma_{\text{25\Delta...
I've inserted a begin-math/end-math symbol since I think
you left one out. Proceed, with fingers crossed.

! Extra }, or forgotten $.
\textdef@ ...th {#1}\let \f@size #2\selectfont #3}
                                                  }
l.544 ...e difference $\sigma_{\text{25\Delta put}
                                                  } - \sigma_{\text{25\Delta...
I've deleted a group-closing symbol because it seems to be
spurious, as in `$x}$'. But perhaps the } is legitimate and
you forgot something else, as in `\hbox{$x}'. In such cases
the way to recover is to insert both the forgotten and the
deleted material, e.g., by typing `I$}'.

! Extra }, or forgotten $.
\textdef@ ...h {#1}\let \f@size #2\selectfont #3}}
                                                  
l.544 ...e difference $\sigma_{\text{25\Delta put}
                                                  } - \sigma_{\text{25\Delta...
I've deleted a group-closing symbol because it seems to be
spurious, as in `$x}$'. But perhaps the } is legitimate and
you forgot something else, as in `\hbox{$x}'. In such cases
the way to recover is to insert both the forgotten and the
deleted material, e.g., by typing `I$}'.

! Extra }, or forgotten $.
\text@ ...e {\textdef@ \displaystyle \f@size {#1}}
                                                  {\textdef@ \textstyle \f@s...
l.544 ...e difference $\sigma_{\text{25\Delta put}
                                                  } - \sigma_{\text{25\Delta...
I've deleted a group-closing symbol because it seems to be
spurious, as in `$x}$'. But perhaps the } is legitimate and
you forgot something else, as in `\hbox{$x}'. In such cases
the way to recover is to insert both the forgotten and the
deleted material, e.g., by typing `I$}'.

! Missing $ inserted.
<inserted text> 
                $
l.544 ...e difference $\sigma_{\text{25\Delta put}
                                                  } - \sigma_{\text{25\Delta...
I've inserted a begin-math/end-math symbol since I think
you left one out. Proceed, with fingers crossed.

! Extra }, or forgotten $.
\textdef@ ...th {#1}\let \f@size #2\selectfont #3}
                                                  }
l.544 ...e difference $\sigma_{\text{25\Delta put}
                                                  } - \sigma_{\text{25\Delta...
I've deleted a group-closing symbol because it seems to be
spurious, as in `$x}$'. But perhaps the } is legitimate and
you forgot something else, as in `\hbox{$x}'. In such cases
the way to recover is to insert both the forgotten and the
deleted material, e.g., by typing `I$}'.

! Extra }, or forgotten $.
\textdef@ ...h {#1}\let \f@size #2\selectfont #3}}
                                                  
l.544 ...e difference $\sigma_{\text{25\Delta put}
                                                  } - \sigma_{\text{25\Delta...
I've deleted a group-closing symbol because it seems to be
spurious, as in `$x}$'. But perhaps the } is legitimate and
you forgot something else, as in `\hbox{$x}'. In such cases
the way to recover is to insert both the forgotten and the
deleted material, e.g., by typing `I$}'.

! Extra }, or forgotten $.
\text@ ...xtstyle \f@size {\firstchoice@false #1}}
                                                  {\textdef@ \textstyle \sf@...
l.544 ...e difference $\sigma_{\text{25\Delta put}
                                                  } - \sigma_{\text{25\Delta...
I've deleted a group-closing symbol because it seems to be
spurious, as in `$x}$'. But perhaps the } is legitimate and
you forgot something else, as in `\hbox{$x}'. In such cases
the way to recover is to insert both the forgotten and the
deleted material, e.g., by typing `I$}'.

! Missing $ inserted.
<inserted text> 
                $
l.544 ...e difference $\sigma_{\text{25\Delta put}
                                                  } - \sigma_{\text{25\Delta...
I've inserted a begin-math/end-math symbol since I think
you left one out. Proceed, with fingers crossed.

! Extra }, or forgotten $.
\textdef@ ...th {#1}\let \f@size #2\selectfont #3}
                                                  }
l.544 ...e difference $\sigma_{\text{25\Delta put}
                                                  } - \sigma_{\text{25\Delta...
I've deleted a group-closing symbol because it seems to be
spurious, as in `$x}$'. But perhaps the } is legitimate and
you forgot something else, as in `\hbox{$x}'. In such cases
the way to recover is to insert both the forgotten and the
deleted material, e.g., by typing `I$}'.

! Extra }, or forgotten $.
\textdef@ ...h {#1}\let \f@size #2\selectfont #3}}
                                                  
l.544 ...e difference $\sigma_{\text{25\Delta put}
                                                  } - \sigma_{\text{25\Delta...
I've deleted a group-closing symbol because it seems to be
spurious, as in `$x}$'. But perhaps the } is legitimate and
you forgot something else, as in `\hbox{$x}'. In such cases
the way to recover is to insert both the forgotten and the
deleted material, e.g., by typing `I$}'.

! Extra }, or forgotten $.
\text@ ...tstyle \sf@size {\firstchoice@false #1}}
                                                  {\textdef@ \textstyle \ssf...
l.544 ...e difference $\sigma_{\text{25\Delta put}
                                                  } - \sigma_{\text{25\Delta...
I've deleted a group-closing symbol because it seems to be
spurious, as in `$x}$'. But perhaps the } is legitimate and
you forgot something else, as in `\hbox{$x}'. In such cases
the way to recover is to insert both the forgotten and the
deleted material, e.g., by typing `I$}'.

! Missing $ inserted.
<inserted text> 
                $
l.544 ...e difference $\sigma_{\text{25\Delta put}
                                                  } - \sigma_{\text{25\Delta...
I've inserted a begin-math/end-math symbol since I think
you left one out. Proceed, with fingers crossed.

! Extra }, or forgotten $.
\textdef@ ...th {#1}\let \f@size #2\selectfont #3}
                                                  }
l.544 ...e difference $\sigma_{\text{25\Delta put}
                                                  } - \sigma_{\text{25\Delta...
I've deleted a group-closing symbol because it seems to be
spurious, as in `$x}$'. But perhaps the } is legitimate and
you forgot something else, as in `\hbox{$x}'. In such cases
the way to recover is to insert both the forgotten and the
deleted material, e.g., by typing `I$}'.

! Extra }, or forgotten $.
\textdef@ ...h {#1}\let \f@size #2\selectfont #3}}
                                                  
l.544 ...e difference $\sigma_{\text{25\Delta put}
                                                  } - \sigma_{\text{25\Delta...
I've deleted a group-closing symbol because it seems to be
spurious, as in `$x}$'. But perhaps the } is legitimate and
you forgot something else, as in `\hbox{$x}'. In such cases
the way to recover is to insert both the forgotten and the
deleted material, e.g., by typing `I$}'.

! Extra }, or forgotten $.
\text@ ...style \ssf@size {\firstchoice@false #1}}
                                                  \check@mathfonts }
l.544 ...e difference $\sigma_{\text{25\Delta put}
                                                  } - \sigma_{\text{25\Delta...
I've deleted a group-closing symbol because it seems to be
spurious, as in `$x}$'. But perhaps the } is legitimate and
you forgot something else, as in `\hbox{$x}'. In such cases
the way to recover is to insert both the forgotten and the
deleted material, e.g., by typing `I$}'.

! Extra }, or forgotten $.
\text@ ...firstchoice@false #1}}\check@mathfonts }
                                                  
l.544 ...e difference $\sigma_{\text{25\Delta put}
                                                  } - \sigma_{\text{25\Delta...
I've deleted a group-closing symbol because it seems to be
spurious, as in `$x}$'. But perhaps the } is legitimate and
you forgot something else, as in `\hbox{$x}'. In such cases
the way to recover is to insert both the forgotten and the
deleted material, e.g., by typing `I$}'.

! Extra }, or forgotten $.
l.544 ... difference $\sigma_{\text{25\Delta put}}
                                                   - \sigma_{\text{25\Delta ...
I've deleted a group-closing symbol because it seems to be
spurious, as in `$x}$'. But perhaps the } is legitimate and
you forgot something else, as in `\hbox{$x}'. In such cases
the way to recover is to insert both the forgotten and the
deleted material, e.g., by typing `I$}'.

! Missing $ inserted.
<inserted text> 
                $
l.544 ...elta put}} - \sigma_{\text{25\Delta call}
                                                  }$ quantifies skew and is ...
I've inserted a begin-math/end-math symbol since I think
you left one out. Proceed, with fingers crossed.

! Extra }, or forgotten $.
\textdef@ ...th {#1}\let \f@size #2\selectfont #3}
                                                  }
l.544 ...elta put}} - \sigma_{\text{25\Delta call}
                                                  }$ quantifies skew and is ...
I've deleted a group-closing symbol because it seems to be
spurious, as in `$x}$'. But perhaps the } is legitimate and
you forgot something else, as in `\hbox{$x}'. In such cases
the way to recover is to insert both the forgotten and the
deleted material, e.g., by typing `I$}'.

! Extra }, or forgotten $.
\textdef@ ...h {#1}\let \f@size #2\selectfont #3}}
                                                  
l.544 ...elta put}} - \sigma_{\text{25\Delta call}
                                                  }$ quantifies skew and is ...
I've deleted a group-closing symbol because it seems to be
spurious, as in `$x}$'. But perhaps the } is legitimate and
you forgot something else, as in `\hbox{$x}'. In such cases
the way to recover is to insert both the forgotten and the
deleted material, e.g., by typing `I$}'.

! Extra }, or forgotten $.
\text@ ...e {\textdef@ \displaystyle \f@size {#1}}
                                                  {\textdef@ \textstyle \f@s...
l.544 ...elta put}} - \sigma_{\text{25\Delta call}
                                                  }$ quantifies skew and is ...
I've deleted a group-closing symbol because it seems to be
spurious, as in `$x}$'. But perhaps the } is legitimate and
you forgot something else, as in `\hbox{$x}'. In such cases
the way to recover is to insert both the forgotten and the
deleted material, e.g., by typing `I$}'.

! Missing $ inserted.
<inserted text> 
                $
l.544 ...elta put}} - \sigma_{\text{25\Delta call}
                                                  }$ quantifies skew and is ...
I've inserted a begin-math/end-math symbol since I think
you left one out. Proceed, with fingers crossed.

! Extra }, or forgotten $.
\textdef@ ...th {#1}\let \f@size #2\selectfont #3}
                                                  }
l.544 ...elta put}} - \sigma_{\text{25\Delta call}
                                                  }$ quantifies skew and is ...
I've deleted a group-closing symbol because it seems to be
spurious, as in `$x}$'. But perhaps the } is legitimate and
you forgot something else, as in `\hbox{$x}'. In such cases
the way to recover is to insert both the forgotten and the
deleted material, e.g., by typing `I$}'.

! Extra }, or forgotten $.
\textdef@ ...h {#1}\let \f@size #2\selectfont #3}}
                                                  
l.544 ...elta put}} - \sigma_{\text{25\Delta call}
                                                  }$ quantifies skew and is ...
I've deleted a group-closing symbol because it seems to be
spurious, as in `$x}$'. But perhaps the } is legitimate and
you forgot something else, as in `\hbox{$x}'. In such cases
the way to recover is to insert both the forgotten and the
deleted material, e.g., by typing `I$}'.

! Extra }, or forgotten $.
\text@ ...xtstyle \f@size {\firstchoice@false #1}}
                                                  {\textdef@ \textstyle \sf@...
l.544 ...elta put}} - \sigma_{\text{25\Delta call}
                                                  }$ quantifies skew and is ...
I've deleted a group-closing symbol because it seems to be
spurious, as in `$x}$'. But perhaps the } is legitimate and
you forgot something else, as in `\hbox{$x}'. In such cases
the way to recover is to insert both the forgotten and the
deleted material, e.g., by typing `I$}'.

! Missing $ inserted.
<inserted text> 
                $
l.544 ...elta put}} - \sigma_{\text{25\Delta call}
                                                  }$ quantifies skew and is ...
I've inserted a begin-math/end-math symbol since I think
you left one out. Proceed, with fingers crossed.

! Extra }, or forgotten $.
\textdef@ ...th {#1}\let \f@size #2\selectfont #3}
                                                  }
l.544 ...elta put}} - \sigma_{\text{25\Delta call}
                                                  }$ quantifies skew and is ...
I've deleted a group-closing symbol because it seems to be
spurious, as in `$x}$'. But perhaps the } is legitimate and
you forgot something else, as in `\hbox{$x}'. In such cases
the way to recover is to insert both the forgotten and the
deleted material, e.g., by typing `I$}'.

! Extra }, or forgotten $.
\textdef@ ...h {#1}\let \f@size #2\selectfont #3}}
                                                  
l.544 ...elta put}} - \sigma_{\text{25\Delta call}
                                                  }$ quantifies skew and is ...
I've deleted a group-closing symbol because it seems to be
spurious, as in `$x}$'. But perhaps the } is legitimate and
you forgot something else, as in `\hbox{$x}'. In such cases
the way to recover is to insert both the forgotten and the
deleted material, e.g., by typing `I$}'.

! Extra }, or forgotten $.
\text@ ...tstyle \sf@size {\firstchoice@false #1}}
                                                  {\textdef@ \textstyle \ssf...
l.544 ...elta put}} - \sigma_{\text{25\Delta call}
                                                  }$ quantifies skew and is ...
I've deleted a group-closing symbol because it seems to be
spurious, as in `$x}$'. But perhaps the } is legitimate and
you forgot something else, as in `\hbox{$x}'. In such cases
the way to recover is to insert both the forgotten and the
deleted material, e.g., by typing `I$}'.

! Missing $ inserted.
<inserted text> 
                $
l.544 ...elta put}} - \sigma_{\text{25\Delta call}
                                                  }$ quantifies skew and is ...
I've inserted a begin-math/end-math symbol since I think
you left one out. Proceed, with fingers crossed.

! Extra }, or forgotten $.
\textdef@ ...th {#1}\let \f@size #2\selectfont #3}
                                                  }
l.544 ...elta put}} - \sigma_{\text{25\Delta call}
                                                  }$ quantifies skew and is ...
I've deleted a group-closing symbol because it seems to be
spurious, as in `$x}$'. But perhaps the } is legitimate and
you forgot something else, as in `\hbox{$x}'. In such cases
the way to recover is to insert both the forgotten and the
deleted material, e.g., by typing `I$}'.

! Extra }, or forgotten $.
\textdef@ ...h {#1}\let \f@size #2\selectfont #3}}
                                                  
l.544 ...elta put}} - \sigma_{\text{25\Delta call}
                                                  }$ quantifies skew and is ...
I've deleted a group-closing symbol because it seems to be
spurious, as in `$x}$'. But perhaps the } is legitimate and
you forgot something else, as in `\hbox{$x}'. In such cases
the way to recover is to insert both the forgotten and the
deleted material, e.g., by typing `I$}'.

! Extra }, or forgotten $.
\text@ ...style \ssf@size {\firstchoice@false #1}}
                                                  \check@mathfonts }
l.544 ...elta put}} - \sigma_{\text{25\Delta call}
                                                  }$ quantifies skew and is ...
I've deleted a group-closing symbol because it seems to be
spurious, as in `$x}$'. But perhaps the } is legitimate and
you forgot something else, as in `\hbox{$x}'. In such cases
the way to recover is to insert both the forgotten and the
deleted material, e.g., by typing `I$}'.

! Extra }, or forgotten $.
\text@ ...firstchoice@false #1}}\check@mathfonts }
                                                  
l.544 ...elta put}} - \sigma_{\text{25\Delta call}
                                                  }$ quantifies skew and is ...
I've deleted a group-closing symbol because it seems to be
spurious, as in `$x}$'. But perhaps the } is legitimate and
you forgot something else, as in `\hbox{$x}'. In such cases
the way to recover is to insert both the forgotten and the
deleted material, e.g., by typing `I$}'.

! Extra }, or forgotten $.
l.544 ...lta put}} - \sigma_{\text{25\Delta call}}
                                                  $ quantifies skew and is a...
I've deleted a group-closing symbol because it seems to be
spurious, as in `$x}$'. But perhaps the } is legitimate and
you forgot something else, as in `\hbox{$x}'. In such cases
the way to recover is to insert both the forgotten and the
deleted material, e.g., by typing `I$}'.

! Missing } inserted.
<inserted text> 
                }
l.545 	\end{itemize}
                    
I've inserted something that you may have forgotten.
(See the <inserted text> above.)
With luck, this will get me unwedged. But if you
really didn't forget anything, try typing `2' now; then
my insertion and my current dilemma will both disappear.

! Missing } inserted.
<inserted text> 
                }
l.545 	\end{itemize}
                    
I've inserted something that you may have forgotten.
(See the <inserted text> above.)
With luck, this will get me unwedged. But if you
really didn't forget anything, try typing `2' now; then
my insertion and my current dilemma will both disappear.

! Missing $ inserted.
<inserted text> 
                $
l.545 	\end{itemize}
                    
I've inserted a begin-math/end-math symbol since I think
you left one out. Proceed, with fingers crossed.

! Missing } inserted.
<inserted text> 
                }
l.545 	\end{itemize}
                    
I've inserted something that you may have forgotten.
(See the <inserted text> above.)
With luck, this will get me unwedged. But if you
really didn't forget anything, try typing `2' now; then
my insertion and my current dilemma will both disappear.

! Missing } inserted.
<inserted text> 
                }
l.545 	\end{itemize}
                    
I've inserted something that you may have forgotten.
(See the <inserted text> above.)
With luck, this will get me unwedged. But if you
really didn't forget anything, try typing `2' now; then
my insertion and my current dilemma will both disappear.

! Missing } inserted.
<inserted text> 
                }
l.545 	\end{itemize}
                    
I've inserted something that you may have forgotten.
(See the <inserted text> above.)
With luck, this will get me unwedged. But if you
really didn't forget anything, try typing `2' now; then
my insertion and my current dilemma will both disappear.

! Missing $ inserted.
<inserted text> 
                $
l.545 	\end{itemize}
                    
I've inserted a begin-math/end-math symbol since I think
you left one out. Proceed, with fingers crossed.

! Missing } inserted.
<inserted text> 
                }
l.545 	\end{itemize}
                    
I've inserted something that you may have forgotten.
(See the <inserted text> above.)
With luck, this will get me unwedged. But if you
really didn't forget anything, try typing `2' now; then
my insertion and my current dilemma will both disappear.

! Missing } inserted.
<inserted text> 
                }
l.545 	\end{itemize}
                    
I've inserted something that you may have forgotten.
(See the <inserted text> above.)
With luck, this will get me unwedged. But if you
really didn't forget anything, try typing `2' now; then
my insertion and my current dilemma will both disappear.

! Missing } inserted.
<inserted text> 
                }
l.545 	\end{itemize}
                    
I've inserted something that you may have forgotten.
(See the <inserted text> above.)
With luck, this will get me unwedged. But if you
really didn't forget anything, try typing `2' now; then
my insertion and my current dilemma will both disappear.

! Missing $ inserted.
<inserted text> 
                $
l.545 	\end{itemize}
                    
I've inserted a begin-math/end-math symbol since I think
you left one out. Proceed, with fingers crossed.

! Missing } inserted.
<inserted text> 
                }
l.545 	\end{itemize}
                    
I've inserted something that you may have forgotten.
(See the <inserted text> above.)
With luck, this will get me unwedged. But if you
really didn't forget anything, try typing `2' now; then
my insertion and my current dilemma will both disappear.

! Missing } inserted.
<inserted text> 
                }
l.545 	\end{itemize}
                    
I've inserted something that you may have forgotten.
(See the <inserted text> above.)
With luck, this will get me unwedged. But if you
really didn't forget anything, try typing `2' now; then
my insertion and my current dilemma will both disappear.

! Missing } inserted.
<inserted text> 
                }
l.545 	\end{itemize}
                    
I've inserted something that you may have forgotten.
(See the <inserted text> above.)
With luck, this will get me unwedged. But if you
really didn't forget anything, try typing `2' now; then
my insertion and my current dilemma will both disappear.

! Missing $ inserted.
<inserted text> 
                $
l.545 	\end{itemize}
                    
I've inserted a begin-math/end-math symbol since I think
you left one out. Proceed, with fingers crossed.

! Missing } inserted.
<inserted text> 
                }
l.545 	\end{itemize}
                    
I've inserted something that you may have forgotten.
(See the <inserted text> above.)
With luck, this will get me unwedged. But if you
really didn't forget anything, try typing `2' now; then
my insertion and my current dilemma will both disappear.

! Missing { inserted.
<to be read again> 
                   $
l.545 	\end{itemize}
                    
A left brace was mandatory here, so I've put one in.
You might want to delete and/or insert some corrections
so that I will find a matching right brace soon.
(If you're confused by all this, try typing `I}' now.)

! Missing } inserted.
<inserted text> 
                }
l.545 	\end{itemize}
                    
I've inserted something that you may have forgotten.
(See the <inserted text> above.)
With luck, this will get me unwedged. But if you
really didn't forget anything, try typing `2' now; then
my insertion and my current dilemma will both disappear.

! Missing { inserted.
<to be read again> 
                   $
l.545 	\end{itemize}
                    
A left brace was mandatory here, so I've put one in.
You might want to delete and/or insert some corrections
so that I will find a matching right brace soon.
(If you're confused by all this, try typing `I}' now.)

! Missing } inserted.
<inserted text> 
                }
l.545 	\end{itemize}
                    
I've inserted something that you may have forgotten.
(See the <inserted text> above.)
With luck, this will get me unwedged. But if you
really didn't forget anything, try typing `2' now; then
my insertion and my current dilemma will both disappear.

! Missing { inserted.
<to be read again> 
                   $
l.545 	\end{itemize}
                    
A left brace was mandatory here, so I've put one in.
You might want to delete and/or insert some corrections
so that I will find a matching right brace soon.
(If you're confused by all this, try typing `I}' now.)

! Missing } inserted.
<inserted text> 
                }
l.545 	\end{itemize}
                    
I've inserted something that you may have forgotten.
(See the <inserted text> above.)
With luck, this will get me unwedged. But if you
really didn't forget anything, try typing `2' now; then
my insertion and my current dilemma will both disappear.

! Missing } inserted.
<inserted text> 
                }
l.545 	\end{itemize}
                    
I've inserted something that you may have forgotten.
(See the <inserted text> above.)
With luck, this will get me unwedged. But if you
really didn't forget anything, try typing `2' now; then
my insertion and my current dilemma will both disappear.

! Missing } inserted.
<inserted text> 
                }
l.545 	\end{itemize}
                    
I've inserted something that you may have forgotten.
(See the <inserted text> above.)
With luck, this will get me unwedged. But if you
really didn't forget anything, try typing `2' now; then
my insertion and my current dilemma will both disappear.

! Missing } inserted.
<inserted text> 
                }
l.545 	\end{itemize}
                    
I've inserted something that you may have forgotten.
(See the <inserted text> above.)
With luck, this will get me unwedged. But if you
really didn't forget anything, try typing `2' now; then
my insertion and my current dilemma will both disappear.

! Missing } inserted.
<inserted text> 
                }
l.545 	\end{itemize}
                    
I've inserted something that you may have forgotten.
(See the <inserted text> above.)
With luck, this will get me unwedged. But if you
really didn't forget anything, try typing `2' now; then
my insertion and my current dilemma will both disappear.

! Missing $ inserted.
<inserted text> 
                $
l.545 	\end{itemize}
                    
I've inserted a begin-math/end-math symbol since I think
you left one out. Proceed, with fingers crossed.

! Missing } inserted.
<inserted text> 
                }
l.545 	\end{itemize}
                    
I've inserted something that you may have forgotten.
(See the <inserted text> above.)
With luck, this will get me unwedged. But if you
really didn't forget anything, try typing `2' now; then
my insertion and my current dilemma will both disappear.

! Missing } inserted.
<inserted text> 
                }
l.545 	\end{itemize}
                    
I've inserted something that you may have forgotten.
(See the <inserted text> above.)
With luck, this will get me unwedged. But if you
really didn't forget anything, try typing `2' now; then
my insertion and my current dilemma will both disappear.

! Missing } inserted.
<inserted text> 
                }
l.545 	\end{itemize}
                    
I've inserted something that you may have forgotten.
(See the <inserted text> above.)
With luck, this will get me unwedged. But if you
really didn't forget anything, try typing `2' now; then
my insertion and my current dilemma will both disappear.

! Missing $ inserted.
<inserted text> 
                $
l.545 	\end{itemize}
                    
I've inserted a begin-math/end-math symbol since I think
you left one out. Proceed, with fingers crossed.

! Missing } inserted.
<inserted text> 
                }
l.545 	\end{itemize}
                    
I've inserted something that you may have forgotten.
(See the <inserted text> above.)
With luck, this will get me unwedged. But if you
really didn't forget anything, try typing `2' now; then
my insertion and my current dilemma will both disappear.

! Missing } inserted.
<inserted text> 
                }
l.545 	\end{itemize}
                    
I've inserted something that you may have forgotten.
(See the <inserted text> above.)
With luck, this will get me unwedged. But if you
really didn't forget anything, try typing `2' now; then
my insertion and my current dilemma will both disappear.

! Missing } inserted.
<inserted text> 
                }
l.545 	\end{itemize}
                    
I've inserted something that you may have forgotten.
(See the <inserted text> above.)
With luck, this will get me unwedged. But if you
really didn't forget anything, try typing `2' now; then
my insertion and my current dilemma will both disappear.

! Missing $ inserted.
<inserted text> 
                $
l.545 	\end{itemize}
                    
I've inserted a begin-math/end-math symbol since I think
you left one out. Proceed, with fingers crossed.

! Missing } inserted.
<inserted text> 
                }
l.545 	\end{itemize}
                    
I've inserted something that you may have forgotten.
(See the <inserted text> above.)
With luck, this will get me unwedged. But if you
really didn't forget anything, try typing `2' now; then
my insertion and my current dilemma will both disappear.

! Missing } inserted.
<inserted text> 
                }
l.545 	\end{itemize}
                    
I've inserted something that you may have forgotten.
(See the <inserted text> above.)
With luck, this will get me unwedged. But if you
really didn't forget anything, try typing `2' now; then
my insertion and my current dilemma will both disappear.

! Missing } inserted.
<inserted text> 
                }
l.545 	\end{itemize}
                    
I've inserted something that you may have forgotten.
(See the <inserted text> above.)
With luck, this will get me unwedged. But if you
really didn't forget anything, try typing `2' now; then
my insertion and my current dilemma will both disappear.

! Missing $ inserted.
<inserted text> 
                $
l.545 	\end{itemize}
                    
I've inserted a begin-math/end-math symbol since I think
you left one out. Proceed, with fingers crossed.

! Missing } inserted.
<inserted text> 
                }
l.545 	\end{itemize}
                    
I've inserted something that you may have forgotten.
(See the <inserted text> above.)
With luck, this will get me unwedged. But if you
really didn't forget anything, try typing `2' now; then
my insertion and my current dilemma will both disappear.

! Missing { inserted.
<to be read again> 
                   $
l.545 	\end{itemize}
                    
A left brace was mandatory here, so I've put one in.
You might want to delete and/or insert some corrections
so that I will find a matching right brace soon.
(If you're confused by all this, try typing `I}' now.)

! Missing } inserted.
<inserted text> 
                }
l.545 	\end{itemize}
                    
I've inserted something that you may have forgotten.
(See the <inserted text> above.)
With luck, this will get me unwedged. But if you
really didn't forget anything, try typing `2' now; then
my insertion and my current dilemma will both disappear.

! Missing { inserted.
<to be read again> 
                   $
l.545 	\end{itemize}
                    
A left brace was mandatory here, so I've put one in.
You might want to delete and/or insert some corrections
so that I will find a matching right brace soon.
(If you're confused by all this, try typing `I}' now.)

! Missing } inserted.
<inserted text> 
                }
l.545 	\end{itemize}
                    
I've inserted something that you may have forgotten.
(See the <inserted text> above.)
With luck, this will get me unwedged. But if you
really didn't forget anything, try typing `2' now; then
my insertion and my current dilemma will both disappear.

! Missing { inserted.
<to be read again> 
                   $
l.545 	\end{itemize}
                    
A left brace was mandatory here, so I've put one in.
You might want to delete and/or insert some corrections
so that I will find a matching right brace soon.
(If you're confused by all this, try typing `I}' now.)

! Missing } inserted.
<inserted text> 
                }
l.545 	\end{itemize}
                    
I've inserted something that you may have forgotten.
(See the <inserted text> above.)
With luck, this will get me unwedged. But if you
really didn't forget anything, try typing `2' now; then
my insertion and my current dilemma will both disappear.

! Missing } inserted.
<inserted text> 
                }
l.545 	\end{itemize}
                    
I've inserted something that you may have forgotten.
(See the <inserted text> above.)
With luck, this will get me unwedged. But if you
really didn't forget anything, try typing `2' now; then
my insertion and my current dilemma will both disappear.

! Missing } inserted.
<inserted text> 
                }
l.545 	\end{itemize}
                    
I've inserted something that you may have forgotten.
(See the <inserted text> above.)
With luck, this will get me unwedged. But if you
really didn't forget anything, try typing `2' now; then
my insertion and my current dilemma will both disappear.




Package fancyhdr Warning: \headheight is too small (15.0pt): 
(fancyhdr)                Make it at least 28.39755pt, for example:
(fancyhdr)                \setlength{\headheight}{28.39755pt}.
(fancyhdr)                You might also make \topmargin smaller:
(fancyhdr)                \addtolength{\topmargin}{-13.39755pt}.


Overfull \hbox (26.56018pt too wide) has occurred while \output is active
[] $[]$ 
 []


Overfull \hbox (26.56018pt too wide) has occurred while \output is active
[] $[]$ 
 []

File: ./Pictures/mufglogo.png Graphic file (type png)
<use ./Pictures/mufglogo.png>
Package pdftex.def Info: ./Pictures/mufglogo.png  used on input line 594.
(pdftex.def)             Requested size: 62.5946pt x 20.486pt.
[21]

! LaTeX Error: Unicode character âœ“ (U+2713)
               not set up for use with LaTeX.

See the LaTeX manual or LaTeX Companion for explanation.
Type  H <return>  for immediate help.
 ...                                              
                                                  
l.659 		Positivity & FX rates always $> 0$ & âœ“
                                                 Consistent \\
You may provide a definition with
\DeclareUnicodeCharacter 


Underfull \hbox (badness 10000) in paragraph at lines 665--666
[]|\T1/phv/m/n/9 Weak momentum/mean-
 []


LaTeX Warning: `!h' float specifier changed to `!ht'.




Package fancyhdr Warning: \headheight is too small (15.0pt): 
(fancyhdr)                Make it at least 28.39755pt, for example:
(fancyhdr)                \setlength{\headheight}{28.39755pt}.
(fancyhdr)                You might also make \topmargin smaller:
(fancyhdr)                \addtolength{\topmargin}{-13.39755pt}.


Overfull \hbox (26.56018pt too wide) has occurred while \output is active
[] $[]$ 
 []


Overfull \hbox (26.56018pt too wide) has occurred while \output is active
[] $[]$ 
 []

File: ./Pictures/mufglogo.png Graphic file (type png)
<use ./Pictures/mufglogo.png>
Package pdftex.def Info: ./Pictures/mufglogo.png  used on input line 683.
(pdftex.def)             Requested size: 62.5946pt x 20.486pt.
[22]


Package fancyhdr Warning: \headheight is too small (15.0pt): 
(fancyhdr)                Make it at least 28.39755pt, for example:
(fancyhdr)                \setlength{\headheight}{28.39755pt}.
(fancyhdr)                You might also make \topmargin smaller:
(fancyhdr)                \addtolength{\topmargin}{-13.39755pt}.


Overfull \hbox (26.56018pt too wide) has occurred while \output is active
[] $[]$ 
 []


Overfull \hbox (26.56018pt too wide) has occurred while \output is active
[] $[]$ 
 []

File: ./Pictures/mufglogo.png Graphic file (type png)
<use ./Pictures/mufglogo.png>
Package pdftex.def Info: ./Pictures/mufglogo.png  used on input line 722.
(pdftex.def)             Requested size: 62.5946pt x 20.486pt.
[23]


Package fancyhdr Warning: \headheight is too small (15.0pt): 
(fancyhdr)                Make it at least 28.39755pt, for example:
(fancyhdr)                \setlength{\headheight}{28.39755pt}.
(fancyhdr)                You might also make \topmargin smaller:
(fancyhdr)                \addtolength{\topmargin}{-13.39755pt}.


Overfull \hbox (26.56018pt too wide) has occurred while \output is active
[] $[]$ 
 []


Overfull \hbox (26.56018pt too wide) has occurred while \output is active
[] $[]$ 
 []

File: ./Pictures/mufglogo.png Graphic file (type png)
<use ./Pictures/mufglogo.png>
Package pdftex.def Info: ./Pictures/mufglogo.png  used on input line 728.
(pdftex.def)             Requested size: 62.5946pt x 20.486pt.
[24]


Package fancyhdr Warning: \headheight is too small (15.0pt): 
(fancyhdr)                Make it at least 28.39755pt, for example:
(fancyhdr)                \setlength{\headheight}{28.39755pt}.
(fancyhdr)                You might also make \topmargin smaller:
(fancyhdr)                \addtolength{\topmargin}{-13.39755pt}.


Overfull \hbox (26.56018pt too wide) has occurred while \output is active
[] $[]$ 
 []


Overfull \hbox (26.56018pt too wide) has occurred while \output is active
[] $[]$ 
 []

File: ./Pictures/mufglogo.png Graphic file (type png)
<use ./Pictures/mufglogo.png>
Package pdftex.def Info: ./Pictures/mufglogo.png  used on input line 776.
(pdftex.def)             Requested size: 62.5946pt x 20.486pt.
[25]


Package fancyhdr Warning: \headheight is too small (15.0pt): 
(fancyhdr)                Make it at least 28.39755pt, for example:
(fancyhdr)                \setlength{\headheight}{28.39755pt}.
(fancyhdr)                You might also make \topmargin smaller:
(fancyhdr)                \addtolength{\topmargin}{-13.39755pt}.


Overfull \hbox (26.56018pt too wide) has occurred while \output is active
[] $[]$ 
 []


Overfull \hbox (26.56018pt too wide) has occurred while \output is active
[] $[]$ 
 []

File: ./Pictures/mufglogo.png Graphic file (type png)
<use ./Pictures/mufglogo.png>
Package pdftex.def Info: ./Pictures/mufglogo.png  used on input line 834.
(pdftex.def)             Requested size: 62.5946pt x 20.486pt.
[26]
LaTeX Info: Symbol \textrightarrow not provided by
            font family phv in TS1 encoding.
            Default family used instead on input line 847.



Package fancyhdr Warning: \headheight is too small (15.0pt): 
(fancyhdr)                Make it at least 28.39755pt, for example:
(fancyhdr)                \setlength{\headheight}{28.39755pt}.
(fancyhdr)                You might also make \topmargin smaller:
(fancyhdr)                \addtolength{\topmargin}{-13.39755pt}.


Overfull \hbox (26.56018pt too wide) has occurred while \output is active
[] $[]$ 
 []


Overfull \hbox (26.56018pt too wide) has occurred while \output is active
[] $[]$ 
 []

File: ./Pictures/mufglogo.png Graphic file (type png)
<use ./Pictures/mufglogo.png>
Package pdftex.def Info: ./Pictures/mufglogo.png  used on input line 896.
(pdftex.def)             Requested size: 62.5946pt x 20.486pt.
[27]
LaTeX Info: Symbol \textrightarrow not provided by
            font family phv in TS1 encoding.
            Default family used instead on input line 909.
LaTeX Info: Symbol \textrightarrow not provided by
            font family phv in TS1 encoding.
            Default family used instead on input line 911.
LaTeX Info: Symbol \textrightarrow not provided by
            font family phv in TS1 encoding.
            Default family used instead on input line 919.



Package fancyhdr Warning: \headheight is too small (15.0pt): 
(fancyhdr)                Make it at least 28.39755pt, for example:
(fancyhdr)                \setlength{\headheight}{28.39755pt}.
(fancyhdr)                You might also make \topmargin smaller:
(fancyhdr)                \addtolength{\topmargin}{-13.39755pt}.


Overfull \hbox (26.56018pt too wide) has occurred while \output is active
[] $[]$ 
 []


Overfull \hbox (26.56018pt too wide) has occurred while \output is active
[] $[]$ 
 []

File: ./Pictures/mufglogo.png Graphic file (type png)
<use ./Pictures/mufglogo.png>
Package pdftex.def Info: ./Pictures/mufglogo.png  used on input line 946.
(pdftex.def)             Requested size: 62.5946pt x 20.486pt.
[28]


Package fancyhdr Warning: \headheight is too small (15.0pt): 
(fancyhdr)                Make it at least 28.39755pt, for example:
(fancyhdr)                \setlength{\headheight}{28.39755pt}.
(fancyhdr)                You might also make \topmargin smaller:
(fancyhdr)                \addtolength{\topmargin}{-13.39755pt}.


Overfull \hbox (26.56018pt too wide) has occurred while \output is active
[] $[]$ 
 []


Overfull \hbox (26.56018pt too wide) has occurred while \output is active
[] $[]$ 
 []

File: ./Pictures/mufglogo.png Graphic file (type png)
<use ./Pictures/mufglogo.png>
Package pdftex.def Info: ./Pictures/mufglogo.png  used on input line 999.
(pdftex.def)             Requested size: 62.5946pt x 20.486pt.
[29]
LaTeX Info: Symbol \textrightarrow not provided by
            font family phv in TS1 encoding.
            Default family used instead on input line 1027.
LaTeX Info: Symbol \textrightarrow not provided by
            font family phv in TS1 encoding.
            Default family used instead on input line 1028.
LaTeX Info: Symbol \textrightarrow not provided by
            font family phv in TS1 encoding.
            Default family used instead on input line 1029.
LaTeX Info: Symbol \textrightarrow not provided by
            font family phv in TS1 encoding.
            Default family used instead on input line 1037.
LaTeX Info: Symbol \textrightarrow not provided by
            font family phv in TS1 encoding.
            Default family used instead on input line 1038.
LaTeX Info: Symbol \textrightarrow not provided by
            font family phv in TS1 encoding.
            Default family used instead on input line 1039.
LaTeX Info: Symbol \textrightarrow not provided by
            font family phv in TS1 encoding.
            Default family used instead on input line 1047.
LaTeX Info: Symbol \textrightarrow not provided by
            font family phv in TS1 encoding.
            Default family used instead on input line 1047.
LaTeX Info: Symbol \textrightarrow not provided by
            font family phv in TS1 encoding.
            Default family used instead on input line 1048.
LaTeX Info: Symbol \textrightarrow not provided by
            font family phv in TS1 encoding.
            Default family used instead on input line 1049.



Package fancyhdr Warning: \headheight is too small (15.0pt): 
(fancyhdr)                Make it at least 28.39755pt, for example:
(fancyhdr)                \setlength{\headheight}{28.39755pt}.
(fancyhdr)                You might also make \topmargin smaller:
(fancyhdr)                \addtolength{\topmargin}{-13.39755pt}.


Overfull \hbox (26.56018pt too wide) has occurred while \output is active
[] $[]$ 
 []


Overfull \hbox (26.56018pt too wide) has occurred while \output is active
[] $[]$ 
 []

File: ./Pictures/mufglogo.png Graphic file (type png)
<use ./Pictures/mufglogo.png>
Package pdftex.def Info: ./Pictures/mufglogo.png  used on input line 1057.
(pdftex.def)             Requested size: 62.5946pt x 20.486pt.
[30]
! You can't use `macro parameter character #' in vertical mode.
l.1098 #
         Correlation matrix (historical EUR/USD, GBP/USD, USD/JPY)
Sorry, but I'm not programmed to handle this case;
I'll just pretend that you didn't ask for it.
If you're in the wrong mode, you might be able to
return to the right one by typing `I}' or `I$' or `I\par'.

! Missing $ inserted.
<inserted text> 
                $
l.1099 corr_
            matrix = np.array([
I've inserted a begin-math/end-math symbol since I think
you left one out. Proceed, with fingers crossed.

! Missing $ inserted.
<inserted text> 
                $
l.1104 
       
I've inserted a begin-math/end-math symbol since I think
you left one out. Proceed, with fingers crossed.


Overfull \hbox (121.69809pt too wide) in paragraph at lines 1098--1104
[]\T1/phv/m/n/10 Correlation ma-trix (his-tor-i-cal EU-R/USD, GBP/USD, US-D/JPY
) corr$[]\OML/cmm/m/it/10 atrix \U/matha/m/n/10 ^^P \OML/cmm/m/it/10 np:array\U
/matha/m/n/10 prr\OT1/cmr/m/n/10 1\OML/cmm/m/it/10 :\OT1/cmr/m/n/10 00\OML/cmm/
m/it/10 ; \OT1/cmr/m/n/10 0\OML/cmm/m/it/10 :\OT1/cmr/m/n/10 65\OML/cmm/m/it/10
 ; \U/matha/m/n/10 ^^A\OT1/cmr/m/n/10 0\OML/cmm/m/it/10 :\OT1/cmr/m/n/10 20\U/m
atha/m/n/10 s\OML/cmm/m/it/10 ; \U/matha/m/n/10 r\OT1/cmr/m/n/10 0\OML/cmm/m/it
/10 :\OT1/cmr/m/n/10 65\OML/cmm/m/it/10 ; \OT1/cmr/m/n/10 1\OML/cmm/m/it/10 :\O
T1/cmr/m/n/10 00\OML/cmm/m/it/10 ; \U/matha/m/n/10 ^^A\OT1/cmr/m/n/10 0\OML/cmm
/m/it/10 :\OT1/cmr/m/n/10 15\U/matha/m/n/10 s\OML/cmm/m/it/10 ; \U/matha/m/n/10
 r^^A\OT1/cmr/m/n/10 0\OML/cmm/m/it/10 :\OT1/cmr/m/n/10 20\OML/cmm/m/it/10 ; \U
/matha/m/n/10 ^^A\OT1/cmr/m/n/10 0\OML/cmm/m/it/10 :\OT1/cmr/m/n/10 15\OML/cmm/
m/it/10 ; \OT1/cmr/m/n/10 1\OML/cmm/m/it/10 :\OT1/cmr/m/n/10 00\U/matha/m/n/10 
ssq$ 
 []

! You can't use `macro parameter character #' in vertical mode.
l.1105 #
         Cholesky decomposition
Sorry, but I'm not programmed to handle this case;
I'll just pretend that you didn't ask for it.
If you're in the wrong mode, you might be able to
return to the right one by typing `I}' or `I$' or `I\par'.

! Missing $ inserted.
<inserted text> 
                $
l.1106 L = np.linalg.cholesky(corr_
                                   matrix)
I've inserted a begin-math/end-math symbol since I think
you left one out. Proceed, with fingers crossed.

! Missing $ inserted.
<inserted text> 
                $
l.1107 
       
I've inserted a begin-math/end-math symbol since I think
you left one out. Proceed, with fingers crossed.

! You can't use `macro parameter character #' in vertical mode.
l.1108 #
         Simulate independent normals
Sorry, but I'm not programmed to handle this case;
I'll just pretend that you didn't ask for it.
If you're in the wrong mode, you might be able to
return to the right one by typing `I}' or `I$' or `I\par'.

! Missing $ inserted.
<inserted text> 
                $
l.1109 n_
         paths = 10000
I've inserted a begin-math/end-math symbol since I think
you left one out. Proceed, with fingers crossed.

! Missing $ inserted.
<inserted text> 
                $
l.1112 
       
I've inserted a begin-math/end-math symbol since I think
you left one out. Proceed, with fingers crossed.

! Missing $ inserted.
<inserted text> 
                $
l.1113 Z = np.random.randn(n_
                             paths, n_steps, 3)
I've inserted a begin-math/end-math symbol since I think
you left one out. Proceed, with fingers crossed.

! Missing $ inserted.
<inserted text> 
                $
l.1114 
       
I've inserted a begin-math/end-math symbol since I think
you left one out. Proceed, with fingers crossed.

! You can't use `macro parameter character #' in vertical mode.
l.1115 #
         Correlate them
Sorry, but I'm not programmed to handle this case;
I'll just pretend that you didn't ask for it.
If you're in the wrong mode, you might be able to
return to the right one by typing `I}' or `I$' or `I\par'.

! Missing $ inserted.
<inserted text> 
                $
l.1116 W = np.zeros_
                    like(Z)
I've inserted a begin-math/end-math symbol since I think
you left one out. Proceed, with fingers crossed.

! Missing $ inserted.
<inserted text> 
                $
l.1119 
       
I've inserted a begin-math/end-math symbol since I think
you left one out. Proceed, with fingers crossed.

! You can't use `macro parameter character #' in vertical mode.
l.1120 #
         Simulate base pairs
Sorry, but I'm not programmed to handle this case;
I'll just pretend that you didn't ask for it.
If you're in the wrong mode, you might be able to
return to the right one by typing `I}' or `I$' or `I\par'.

! Missing $ inserted.
<inserted text> 
                $
l.1121 S_
         EURUSD = S0_EURUSD * np.exp(np.cumsum(sigma_EURUSD * W[:, :, 0] * n...
I've inserted a begin-math/end-math symbol since I think
you left one out. Proceed, with fingers crossed.

! Missing $ inserted.
<inserted text> 
                $
l.1124 
       
I've inserted a begin-math/end-math symbol since I think
you left one out. Proceed, with fingers crossed.

! You can't use `macro parameter character #' in vertical mode.
l.1125 #
         Derive cross-rate (guaranteed consistent)
Sorry, but I'm not programmed to handle this case;
I'll just pretend that you didn't ask for it.
If you're in the wrong mode, you might be able to
return to the right one by typing `I}' or `I$' or `I\par'.

! Missing $ inserted.
<inserted text> 
                $
l.1126 S_
         EURJPY = S_EURUSD * S_USDJPY
I've inserted a begin-math/end-math symbol since I think
you left one out. Proceed, with fingers crossed.

! Missing $ inserted.
<inserted text> 
                $
l.1128 
       
I've inserted a begin-math/end-math symbol since I think
you left one out. Proceed, with fingers crossed.




Package fancyhdr Warning: \headheight is too small (15.0pt): 
(fancyhdr)                Make it at least 28.39755pt, for example:
(fancyhdr)                \setlength{\headheight}{28.39755pt}.
(fancyhdr)                You might also make \topmargin smaller:
(fancyhdr)                \addtolength{\topmargin}{-13.39755pt}.


Overfull \hbox (26.56018pt too wide) has occurred while \output is active
[] $[]$ 
 []


Overfull \hbox (26.56018pt too wide) has occurred while \output is active
[] $[]$ 
 []

File: ./Pictures/mufglogo.png Graphic file (type png)
<use ./Pictures/mufglogo.png>
Package pdftex.def Info: ./Pictures/mufglogo.png  used on input line 1129.
(pdftex.def)             Requested size: 62.5946pt x 20.486pt.
[31]
LaTeX Info: Symbol \textrightarrow not provided by
            font family phv in TS1 encoding.
            Default family used instead on input line 1156.
LaTeX Info: Symbol \textrightarrow not provided by
            font family phv in TS1 encoding.
            Default family used instead on input line 1157.

Underfull \hbox (badness 3098) in paragraph at lines 1172--1173
[]|\T1/phv/m/n/8 Overestimates risk for neg-a-tively
 []


Underfull \hbox (badness 2096) in paragraph at lines 1174--1175
[]|\T1/phv/m/n/8 Underestimates risk for pos-i-tively
 []


Underfull \hbox (badness 6575) in paragraph at lines 1176--1177
[]|\T1/phv/m/n/8 Cross-rates in-con-sis-tent; quanto
 []


Underfull \hbox (badness 6493) in paragraph at lines 1178--1179
[]|\T1/phv/m/n/8 Cross-pair hedges sys-tem-at-i-cally
 []




Package fancyhdr Warning: \headheight is too small (15.0pt): 
(fancyhdr)                Make it at least 28.39755pt, for example:
(fancyhdr)                \setlength{\headheight}{28.39755pt}.
(fancyhdr)                You might also make \topmargin smaller:
(fancyhdr)                \addtolength{\topmargin}{-13.39755pt}.


Overfull \hbox (26.56018pt too wide) has occurred while \output is active
[] $[]$ 
 []


Overfull \hbox (26.56018pt too wide) has occurred while \output is active
[] $[]$ 
 []

File: ./Pictures/mufglogo.png Graphic file (type png)
<use ./Pictures/mufglogo.png>
Package pdftex.def Info: ./Pictures/mufglogo.png  used on input line 1193.
(pdftex.def)             Requested size: 62.5946pt x 20.486pt.
[32]


Package fancyhdr Warning: \headheight is too small (15.0pt): 
(fancyhdr)                Make it at least 28.39755pt, for example:
(fancyhdr)                \setlength{\headheight}{28.39755pt}.
(fancyhdr)                You might also make \topmargin smaller:
(fancyhdr)                \addtolength{\topmargin}{-13.39755pt}.


Overfull \hbox (26.56018pt too wide) has occurred while \output is active
[] $[]$ 
 []


Overfull \hbox (26.56018pt too wide) has occurred while \output is active
[] $[]$ 
 []

File: ./Pictures/mufglogo.png Graphic file (type png)
<use ./Pictures/mufglogo.png>
Package pdftex.def Info: ./Pictures/mufglogo.png  used on input line 1232.
(pdftex.def)             Requested size: 62.5946pt x 20.486pt.
[33]


Package fancyhdr Warning: \headheight is too small (15.0pt): 
(fancyhdr)                Make it at least 28.39755pt, for example:
(fancyhdr)                \setlength{\headheight}{28.39755pt}.
(fancyhdr)                You might also make \topmargin smaller:
(fancyhdr)                \addtolength{\topmargin}{-13.39755pt}.


Overfull \hbox (26.56018pt too wide) has occurred while \output is active
[] $[]$ 
 []


Overfull \hbox (26.56018pt too wide) has occurred while \output is active
[] $[]$ 
 []

File: ./Pictures/mufglogo.png Graphic file (type png)
<use ./Pictures/mufglogo.png>
Package pdftex.def Info: ./Pictures/mufglogo.png  used on input line 1257.
(pdftex.def)             Requested size: 62.5946pt x 20.486pt.
[34]


Package fancyhdr Warning: \headheight is too small (15.0pt): 
(fancyhdr)                Make it at least 28.39755pt, for example:
(fancyhdr)                \setlength{\headheight}{28.39755pt}.
(fancyhdr)                You might also make \topmargin smaller:
(fancyhdr)                \addtolength{\topmargin}{-13.39755pt}.


Overfull \hbox (26.56018pt too wide) has occurred while \output is active
[] $[]$ 
 []


Overfull \hbox (26.56018pt too wide) has occurred while \output is active
[] $[]$ 
 []

File: ./Pictures/mufglogo.png Graphic file (type png)
<use ./Pictures/mufglogo.png>
Package pdftex.def Info: ./Pictures/mufglogo.png  used on input line 1306.
(pdftex.def)             Requested size: 62.5946pt x 20.486pt.
[35]


Package fancyhdr Warning: \headheight is too small (15.0pt): 
(fancyhdr)                Make it at least 28.39755pt, for example:
(fancyhdr)                \setlength{\headheight}{28.39755pt}.
(fancyhdr)                You might also make \topmargin smaller:
(fancyhdr)                \addtolength{\topmargin}{-13.39755pt}.


Overfull \hbox (26.56018pt too wide) has occurred while \output is active
[] $[]$ 
 []


Overfull \hbox (26.56018pt too wide) has occurred while \output is active
[] $[]$ 
 []

File: ./Pictures/mufglogo.png Graphic file (type png)
<use ./Pictures/mufglogo.png>
Package pdftex.def Info: ./Pictures/mufglogo.png  used on input line 1366.
(pdftex.def)             Requested size: 62.5946pt x 20.486pt.
[36]


Package fancyhdr Warning: \headheight is too small (15.0pt): 
(fancyhdr)                Make it at least 28.39755pt, for example:
(fancyhdr)                \setlength{\headheight}{28.39755pt}.
(fancyhdr)                You might also make \topmargin smaller:
(fancyhdr)                \addtolength{\topmargin}{-13.39755pt}.


Overfull \hbox (26.56018pt too wide) has occurred while \output is active
[] $[]$ 
 []


Overfull \hbox (26.56018pt too wide) has occurred while \output is active
[] $[]$ 
 []

File: ./Pictures/mufglogo.png Graphic file (type png)
<use ./Pictures/mufglogo.png>
Package pdftex.def Info: ./Pictures/mufglogo.png  used on input line 1424.
(pdftex.def)             Requested size: 62.5946pt x 20.486pt.
[37]


Package fancyhdr Warning: \headheight is too small (15.0pt): 
(fancyhdr)                Make it at least 28.39755pt, for example:
(fancyhdr)                \setlength{\headheight}{28.39755pt}.
(fancyhdr)                You might also make \topmargin smaller:
(fancyhdr)                \addtolength{\topmargin}{-13.39755pt}.


Overfull \hbox (26.56018pt too wide) has occurred while \output is active
[] $[]$ 
 []


Overfull \hbox (26.56018pt too wide) has occurred while \output is active
[] $[]$ 
 []

File: ./Pictures/mufglogo.png Graphic file (type png)
<use ./Pictures/mufglogo.png>
Package pdftex.def Info: ./Pictures/mufglogo.png  used on input line 1479.
(pdftex.def)             Requested size: 62.5946pt x 20.486pt.
[38]
LaTeX Info: Symbol \textrightarrow not provided by
            font family phv in TS1 encoding.
            Default family used instead on input line 1516.
LaTeX Info: Symbol \textrightarrow not provided by
            font family phv in TS1 encoding.
            Default family used instead on input line 1517.


! Package titlesec Error: No format for this command.

See the titlesec package documentation for explanation.
Type  H <return>  for immediate help.
 ...                                              
                                                  
l.1526 ... for Autocorrelation in Squared Returns}
                                                  
If you (re)set the class of a sectioning command, you may
you may need to (re)define its format with \titleformat

! Missing number, treated as zero.
<to be read again> 
                   }
l.1526 ... for Autocorrelation in Squared Returns}
                                                  
A number should have been here; I inserted `0'.
(If you can't figure out why I needed to see a number,
look up `weird error' in the index to The TeXbook.)

! Illegal unit of measure (pt inserted).
<to be read again> 
                   }
l.1526 ... for Autocorrelation in Squared Returns}
                                                  
Dimensions can be in units of em, ex, in, pt, pc,
cm, mm, dd, cc, nd, nc, bp, or sp; but yours is a new one!
I'll assume that you meant to say pt, for printer's points.
To recover gracefully from this error, it's best to
delete the erroneous units; e.g., type `2' to delete
two letters. (See Chapter 27 of The TeXbook.)

! Missing number, treated as zero.
<to be read again> 
                   }
l.1526 ... for Autocorrelation in Squared Returns}
                                                  
A number should have been here; I inserted `0'.
(If you can't figure out why I needed to see a number,
look up `weird error' in the index to The TeXbook.)

! Illegal unit of measure (pt inserted).
<to be read again> 
                   }
l.1526 ... for Autocorrelation in Squared Returns}
                                                  
Dimensions can be in units of em, ex, in, pt, pc,
cm, mm, dd, cc, nd, nc, bp, or sp; but yours is a new one!
I'll assume that you meant to say pt, for printer's points.
To recover gracefully from this error, it's best to
delete the erroneous units; e.g., type `2' to delete
two letters. (See Chapter 27 of The TeXbook.)




Package fancyhdr Warning: \headheight is too small (15.0pt): 
(fancyhdr)                Make it at least 28.39755pt, for example:
(fancyhdr)                \setlength{\headheight}{28.39755pt}.
(fancyhdr)                You might also make \topmargin smaller:
(fancyhdr)                \addtolength{\topmargin}{-13.39755pt}.


Overfull \hbox (26.56018pt too wide) has occurred while \output is active
[] $[]$ 
 []


Overfull \hbox (26.56018pt too wide) has occurred while \output is active
[] $[]$ 
 []

File: ./Pictures/mufglogo.png Graphic file (type png)
<use ./Pictures/mufglogo.png>
Package pdftex.def Info: ./Pictures/mufglogo.png  used on input line 1538.
(pdftex.def)             Requested size: 62.5946pt x 20.486pt.
[39]
! Missing $ inserted.
<inserted text> 
                $
l.1554 ...atsmodels.stats.diagnostic import acorr_
                                                  ljungbox
I've inserted a begin-math/end-math symbol since I think
you left one out. Proceed, with fingers crossed.

! Missing $ inserted.
<inserted text> 
                $
l.1555 
       
I've inserted a begin-math/end-math symbol since I think
you left one out. Proceed, with fingers crossed.


Overfull \hbox (26.20416pt too wide) in paragraph at lines 1550--1555
[]\T1/phv/b/n/10 Implementation: \T1/phv/m/n/10 ```python im-port numpy as np i
m-port pan-das as pd from statsmod-els.stats.diagnostic im-port acorr$[]\OML/cm
m/m/it/10 jungbox$ 
 []

! You can't use `macro parameter character #' in vertical mode.
l.1556 #
         Load FX data (e.g., EUR/USD daily from 2021-2024)
Sorry, but I'm not programmed to handle this case;
I'll just pretend that you didn't ask for it.
If you're in the wrong mode, you might be able to
return to the right one by typing `I}' or `I$' or `I\par'.

! Missing $ inserted.
<inserted text> 
                $
l.1557 data = pd.read_
                      csv('eurusd_daily.csv', parse_dates=['Date'], index_co...
I've inserted a begin-math/end-math symbol since I think
you left one out. Proceed, with fingers crossed.

! Missing $ inserted.
<inserted text> 
                $
l.1559 
       
I've inserted a begin-math/end-math symbol since I think
you left one out. Proceed, with fingers crossed.


Overfull \hbox (29.47429pt too wide) in paragraph at lines 1556--1559
[]\T1/phv/m/n/10 Load FX data (e.g., EU-R/USD daily from 2021-2024) data = pd.r
ead$[]\OML/cmm/m/it/10 sv\U/matha/m/n/10 p[]\OML/cmm/m/it/10 eurusd[]aily:csv[]
; parse[]ates \U/matha/m/n/10 ^^P r[]\OML/cmm/m/it/10 Date[]\U/matha/m/n/10 s\O
ML/cmm/m/it/10 ; index[]ol \U/matha/m/n/10 ^^P[]
 []

! You can't use `macro parameter character #' in vertical mode.
l.1560 #
         Compute squared returns
Sorry, but I'm not programmed to handle this case;
I'll just pretend that you didn't ask for it.
If you're in the wrong mode, you might be able to
return to the right one by typing `I}' or `I$' or `I\par'.

! Missing $ inserted.
<inserted text> 
                $
l.1561 squared_
               returns = returns ** 2
I've inserted a begin-math/end-math symbol since I think
you left one out. Proceed, with fingers crossed.

! Missing $ inserted.
<inserted text> 
                $
l.1562 
       
I've inserted a begin-math/end-math symbol since I think
you left one out. Proceed, with fingers crossed.

! You can't use `macro parameter character #' in vertical mode.
l.1563 #
         Ljung-Box test on squared returns (lags 1-20)
Sorry, but I'm not programmed to handle this case;
I'll just pretend that you didn't ask for it.
If you're in the wrong mode, you might be able to
return to the right one by typing `I}' or `I$' or `I\par'.

! Missing $ inserted.
<inserted text> 
                $
l.1564 lb_
          test = acorr_ljungbox(squared_returns, lags=20, return_df=True)
I've inserted a begin-math/end-math symbol since I think
you left one out. Proceed, with fingers crossed.

! Missing $ inserted.
<inserted text> 
                $
l.1565 
       
I've inserted a begin-math/end-math symbol since I think
you left one out. Proceed, with fingers crossed.

! Missing $ inserted.
<inserted text> 
                $
l.1567 print(lb_
                test)
I've inserted a begin-math/end-math symbol since I think
you left one out. Proceed, with fingers crossed.

! Undefined control sequence.
l.1568 print("\nConclusion
                          :")
The control sequence at the end of the top line
of your error message was never \def'ed. If you have
misspelled it (e.g., `\hobx'), type `I' and the correct
spelling (e.g., `I\hbox'). Otherwise just continue,
and I'll forget about whatever was undefined.


LaTeX Warning: Command \textrightarrow invalid in math mode on input line 1570.


LaTeX Info: Symbol \textrightarrow not provided by
            font family phv in TS1 encoding.
            Default family used instead on input line 1570.

LaTeX Warning: Command \textrightarrow invalid in math mode on input line 1570.



LaTeX Warning: Command \textrightarrow invalid in math mode on input line 1570.


! Missing $ inserted.
<inserted text> 
                $
l.1575 
       
I've inserted a begin-math/end-math symbol since I think
you left one out. Proceed, with fingers crossed.


Overfull \hbox (34.82365pt too wide) in paragraph at lines 1566--1575
[]\T1/phv/m/n/10 print("Ljung-Box Test for Squared Re-turns:") print(lb$[]\OML/
cmm/m/it/10 est\U/matha/m/n/10 q\OML/cmm/m/it/10 print\U/matha/m/n/10 p\OT1/cmr
/m/n/10 " : "\U/matha/m/n/10 q\OML/cmm/m/it/10 if\U/matha/m/n/10 p\OML/cmm/m/it
/10 lb[]est\U/matha/m/n/10 r[]\OML/cmm/m/it/10 lb[]value[]\U/matha/m/n/10 s   \
OT1/cmr/m/n/10 0\OML/cmm/m/it/10 :\OT1/cmr/m/n/10 05\U/matha/m/n/10 q\OML/cmm/m
/it/10 :any\U/matha/m/n/10 pq \OT1/cmr/m/n/10 : \OML/cmm/m/it/10 print\U/matha/
m/n/10 p\OT1/cmr/m/n/10 "\OML/cmm/m/it/10 REJECTH\OT1/cmr/m/n/10 0 :
 []


Overfull \hbox (49.00821pt too wide) in paragraph at lines 1566--1575
\OML/cmm/m/it/10 Significantautocorrelationdetected\OT1/cmr/m/n/10 ^^Y\OML/cmm/
m/it/10 Volatilityclusteringpresent\OT1/cmr/m/n/10 "\U/matha/m/n/10 q\OML/cmm/m
/it/10 print\U/matha/m/n/10 p\OT1/cmr/m/n/10 "\OML/cmm/m/it/10 Constantvolatili
tyassumptionisVIOLATED\OT1/cmr/m/n/10 "\U/matha/m/n/10 q\OML/cmm/m/it/10 else \
OT1/cmr/m/n/10 :
 []


! Package titlesec Error: No format for this command.

See the titlesec package documentation for explanation.
Type  H <return>  for immediate help.
 ...                                              
                                                  
l.1593 \subparagraph{Test 2: Engle's ARCH-LM Test}
                                                  
If you (re)set the class of a sectioning command, you may
you may need to (re)define its format with \titleformat

! Missing number, treated as zero.
<to be read again> 
                   }
l.1593 \subparagraph{Test 2: Engle's ARCH-LM Test}
                                                  
A number should have been here; I inserted `0'.
(If you can't figure out why I needed to see a number,
look up `weird error' in the index to The TeXbook.)

! Illegal unit of measure (pt inserted).
<to be read again> 
                   }
l.1593 \subparagraph{Test 2: Engle's ARCH-LM Test}
                                                  
Dimensions can be in units of em, ex, in, pt, pc,
cm, mm, dd, cc, nd, nc, bp, or sp; but yours is a new one!
I'll assume that you meant to say pt, for printer's points.
To recover gracefully from this error, it's best to
delete the erroneous units; e.g., type `2' to delete
two letters. (See Chapter 27 of The TeXbook.)

! Missing number, treated as zero.
<to be read again> 
                   }
l.1593 \subparagraph{Test 2: Engle's ARCH-LM Test}
                                                  
A number should have been here; I inserted `0'.
(If you can't figure out why I needed to see a number,
look up `weird error' in the index to The TeXbook.)

! Illegal unit of measure (pt inserted).
<to be read again> 
                   }
l.1593 \subparagraph{Test 2: Engle's ARCH-LM Test}
                                                  
Dimensions can be in units of em, ex, in, pt, pc,
cm, mm, dd, cc, nd, nc, bp, or sp; but yours is a new one!
I'll assume that you meant to say pt, for printer's points.
To recover gracefully from this error, it's best to
delete the erroneous units; e.g., type `2' to delete
two letters. (See Chapter 27 of The TeXbook.)




Package fancyhdr Warning: \headheight is too small (15.0pt): 
(fancyhdr)                Make it at least 28.39755pt, for example:
(fancyhdr)                \setlength{\headheight}{28.39755pt}.
(fancyhdr)                You might also make \topmargin smaller:
(fancyhdr)                \addtolength{\topmargin}{-13.39755pt}.


Overfull \hbox (26.56018pt too wide) has occurred while \output is active
[] $[]$ 
 []


Overfull \hbox (26.56018pt too wide) has occurred while \output is active
[] $[]$ 
 []

File: ./Pictures/mufglogo.png Graphic file (type png)
<use ./Pictures/mufglogo.png>
Package pdftex.def Info: ./Pictures/mufglogo.png  used on input line 1615.
(pdftex.def)             Requested size: 62.5946pt x 20.486pt.
[40]
! Missing $ inserted.
<inserted text> 
                $
l.1626 ...statsmodels.stats.diagnostic import het_
                                                  arch
I've inserted a begin-math/end-math symbol since I think
you left one out. Proceed, with fingers crossed.

! Missing $ inserted.
<inserted text> 
                $
l.1627 
       
I've inserted a begin-math/end-math symbol since I think
you left one out. Proceed, with fingers crossed.

! You can't use `macro parameter character #' in vertical mode.
l.1628 #
         ARCH-LM test with q=10 lags
Sorry, but I'm not programmed to handle this case;
I'll just pretend that you didn't ask for it.
If you're in the wrong mode, you might be able to
return to the right one by typing `I}' or `I$' or `I\par'.

! Missing $ inserted.
<inserted text> 
                $
l.1629 arch_
            test = het_arch(returns, nlags=10)
I've inserted a begin-math/end-math symbol since I think
you left one out. Proceed, with fingers crossed.

! Missing $ inserted.
<inserted text> 
                $
l.1630 
       
I've inserted a begin-math/end-math symbol since I think
you left one out. Proceed, with fingers crossed.

! Missing $ inserted.
<inserted text> 
                $
l.1631 print(f"ARCH-LM Statistic: {arch_
                                        test[0]:.4f}")
I've inserted a begin-math/end-math symbol since I think
you left one out. Proceed, with fingers crossed.

! Extra }, or forgotten $.
l.1631 ...(f"ARCH-LM Statistic: {arch_test[0]:.4f}
                                                  ")
I've deleted a group-closing symbol because it seems to be
spurious, as in `$x}$'. But perhaps the } is legitimate and
you forgot something else, as in `\hbox{$x}'. In such cases
the way to recover is to insert both the forgotten and the
deleted material, e.g., by typing `I$}'.

! Missing $ inserted.
<inserted text> 
                $
l.1635 
       
I've inserted a begin-math/end-math symbol since I think
you left one out. Proceed, with fingers crossed.


Overfull \hbox (83.13818pt too wide) in paragraph at lines 1631--1635
[]\T1/phv/m/n/10 print(f"ARCH-LM Statis-tic: arch$[]\OML/cmm/m/it/10 est\U/math
a/m/n/10 r\OT1/cmr/m/n/10 0\U/matha/m/n/10 s \OT1/cmr/m/n/10 : \OML/cmm/m/it/10
 :\OT1/cmr/m/n/10 4\OML/cmm/m/it/10 f\OT1/cmr/m/n/10 "\U/matha/m/n/10 q\OML/cmm
/m/it/10 print\U/matha/m/n/10 p\OML/cmm/m/it/10 f\OT1/cmr/m/n/10 "\OML/cmm/m/it
/10 p \U/matha/m/n/10 ^^A \OML/cmm/m/it/10 value \OT1/cmr/m/n/10 : []"\U/matha/
m/n/10 q\OML/cmm/m/it/10 print\U/matha/m/n/10 p\OML/cmm/m/it/10 f\OT1/cmr/m/n/1
0 "\OML/cmm/m/it/10 F \U/matha/m/n/10 ^^A \OML/cmm/m/it/10 statistic \OT1/cmr/m
/n/10 : []"\U/matha/m/n/10 q\OML/cmm/m/it/10 print\U/matha/m/n/10 p\OML/cmm/m/i
t/10 f\OT1/cmr/m/n/10 "\OML/cmm/m/it/10 Fp \U/matha/m/n/10 ^^A
 []

! Missing $ inserted.
<inserted text> 
                $
l.1636 if arch_
               test[1] < 0.05:
I've inserted a begin-math/end-math symbol since I think
you left one out. Proceed, with fingers crossed.

! Undefined control sequence.
l.1637 print("\nREJECT
                       H0: ARCH effects detected â†’ Volatility clustering c...
The control sequence at the end of the top line
of your error message was never \def'ed. If you have
misspelled it (e.g., `\hobx'), type `I' and the correct
spelling (e.g., `I\hbox'). Otherwise just continue,
and I'll forget about whatever was undefined.


LaTeX Warning: Command \textrightarrow invalid in math mode on input line 1637.


LaTeX Info: Symbol \textrightarrow not provided by
            font family phv in TS1 encoding.
            Default family used instead on input line 1637.

LaTeX Warning: Command \textrightarrow invalid in math mode on input line 1637.



LaTeX Warning: Command \textrightarrow invalid in math mode on input line 1637.


! Missing $ inserted.
<inserted text> 
                $
l.1640 
       
I've inserted a begin-math/end-math symbol since I think
you left one out. Proceed, with fingers crossed.


Overfull \hbox (132.86414pt too wide) in paragraph at lines 1636--1640
[]\T1/phv/m/n/10 if arch$[]\OML/cmm/m/it/10 est\U/matha/m/n/10 r\OT1/cmr/m/n/10
 1\U/matha/m/n/10 s   \OT1/cmr/m/n/10 0\OML/cmm/m/it/10 :\OT1/cmr/m/n/10 05 : \
OML/cmm/m/it/10 print\U/matha/m/n/10 p\OT1/cmr/m/n/10 "\OML/cmm/m/it/10 H\OT1/c
mr/m/n/10 0 : \OML/cmm/m/it/10 ARCHeffectsdetected\OT1/cmr/m/n/10 ^^Y\OML/cmm/m
/it/10 Volatilityclusteringconfirmed\OT1/cmr/m/n/10 "\U/matha/m/n/10 q\OML/cmm/
m/it/10 print\U/matha/m/n/10 p\OT1/cmr/m/n/10 "\OML/cmm/m/it/10 Constantvolatil
itymodelisINADEQUATE\OT1/cmr/m/n/10 "\U/matha/m/n/10 q\OT1/cmr/m/n/10 \`$ 
 []


! Package titlesec Error: No format for this command.

See the titlesec package documentation for explanation.
Type  H <return>  for immediate help.
 ...                                              
                                                  
l.1652 ...aragraph{Test 3: GARCH Model Comparison}
                                                  
If you (re)set the class of a sectioning command, you may
you may need to (re)define its format with \titleformat

! Missing number, treated as zero.
<to be read again> 
                   }
l.1652 ...aragraph{Test 3: GARCH Model Comparison}
                                                  
A number should have been here; I inserted `0'.
(If you can't figure out why I needed to see a number,
look up `weird error' in the index to The TeXbook.)

! Illegal unit of measure (pt inserted).
<to be read again> 
                   }
l.1652 ...aragraph{Test 3: GARCH Model Comparison}
                                                  
Dimensions can be in units of em, ex, in, pt, pc,
cm, mm, dd, cc, nd, nc, bp, or sp; but yours is a new one!
I'll assume that you meant to say pt, for printer's points.
To recover gracefully from this error, it's best to
delete the erroneous units; e.g., type `2' to delete
two letters. (See Chapter 27 of The TeXbook.)

! Missing number, treated as zero.
<to be read again> 
                   }
l.1652 ...aragraph{Test 3: GARCH Model Comparison}
                                                  
A number should have been here; I inserted `0'.
(If you can't figure out why I needed to see a number,
look up `weird error' in the index to The TeXbook.)

! Illegal unit of measure (pt inserted).
<to be read again> 
                   }
l.1652 ...aragraph{Test 3: GARCH Model Comparison}
                                                  
Dimensions can be in units of em, ex, in, pt, pc,
cm, mm, dd, cc, nd, nc, bp, or sp; but yours is a new one!
I'll assume that you meant to say pt, for printer's points.
To recover gracefully from this error, it's best to
delete the erroneous units; e.g., type `2' to delete
two letters. (See Chapter 27 of The TeXbook.)

! Missing $ inserted.
<inserted text> 
                $
l.1680 from arch import arch_
                             model
I've inserted a begin-math/end-math symbol since I think
you left one out. Proceed, with fingers crossed.

! Missing $ inserted.
<inserted text> 
                $
l.1681 
       
I've inserted a begin-math/end-math symbol since I think
you left one out. Proceed, with fingers crossed.

! You can't use `macro parameter character #' in vertical mode.
l.1682 #
         Constant volatility (benchmark)
Sorry, but I'm not programmed to handle this case;
I'll just pretend that you didn't ask for it.
If you're in the wrong mode, you might be able to
return to the right one by typing `I}' or `I$' or `I\par'.

! Missing $ inserted.
<inserted text> 
                $
l.1683 const_
             vol = returns.std()
I've inserted a begin-math/end-math symbol since I think
you left one out. Proceed, with fingers crossed.

! Missing $ inserted.
<inserted text> 
                $
l.1685 
       
I've inserted a begin-math/end-math symbol since I think
you left one out. Proceed, with fingers crossed.


Overfull \hbox (14.42346pt too wide) in paragraph at lines 1682--1685
[]\T1/phv/m/n/10 Constant volatil-ity (bench-mark) const$[]\OML/cmm/m/it/10 ol 
\U/matha/m/n/10 ^^P \OML/cmm/m/it/10 returns:std\U/matha/m/n/10 pq\OML/cmm/m/it
/10 const[]l \U/matha/m/n/10 ^^P ^^A\OT1/cmr/m/n/10 0\OML/cmm/m/it/10 :\OT1/cmr
/m/n/10 5 \U/matha/m/n/10 ^^F \OML/cmm/m/it/10 len\U/matha/m/n/10 p\OML/cmm/m/i
t/10 returns\U/matha/m/n/10 q ^^F p\OML/cmm/m/it/10 np:log\U/matha/m/n/10 p\OT1
/cmr/m/n/10 2 \U/matha/m/n/10 ^^F \OML/cmm/m/it/10 np:pi\U/matha/m/n/10 q ^^@ \
OML/cmm/m/it/10 np:log\U/matha/m/n/10 p\OML/cmm/m/it/10 const[]ol \U/matha/m/n/
10 ^^F
 []

! You can't use `macro parameter character #' in vertical mode.
l.1686 #
         GARCH(1,1) model
Sorry, but I'm not programmed to handle this case;
I'll just pretend that you didn't ask for it.
If you're in the wrong mode, you might be able to
return to the right one by typing `I}' or `I$' or `I\par'.

! Missing $ inserted.
<inserted text> 
                $
l.1687 garch_
             model = arch_model(returns * 100, vol='Garch', p=1, q=1, mean='...
I've inserted a begin-math/end-math symbol since I think
you left one out. Proceed, with fingers crossed.

! Missing $ inserted.
<inserted text> 
                $
l.1689 
       
I've inserted a begin-math/end-math symbol since I think
you left one out. Proceed, with fingers crossed.


Overfull \hbox (5.27063pt too wide) in paragraph at lines 1686--1689
[]\T1/phv/m/n/10 GARCH(1,1) model garch$[]\OML/cmm/m/it/10 odel \U/matha/m/n/10
 ^^P \OML/cmm/m/it/10 arch[]odel\U/matha/m/n/10 p\OML/cmm/m/it/10 returns \U/ma
tha/m/n/10 ^^F \OT1/cmr/m/n/10 100\OML/cmm/m/it/10 ; vol \U/matha/m/n/10 ^^P[] 
\OML/cmm/m/it/10 Garch[]; p \U/matha/m/n/10 ^^P \OT1/cmr/m/n/10 1\OML/cmm/m/it/
10 ; q \U/matha/m/n/10 ^^P \OT1/cmr/m/n/10 1\OML/cmm/m/it/10 ; mean \U/matha/m/
n/10 ^^P[] \OML/cmm/m/it/10 Constant[]\U/matha/m/n/10 q\OML/cmm/m/it/10 garch[]
it \U/matha/m/n/10 ^^P
 []




Package fancyhdr Warning: \headheight is too small (15.0pt): 
(fancyhdr)                Make it at least 28.39755pt, for example:
(fancyhdr)                \setlength{\headheight}{28.39755pt}.
(fancyhdr)                You might also make \topmargin smaller:
(fancyhdr)                \addtolength{\topmargin}{-13.39755pt}.


Overfull \hbox (26.56018pt too wide) has occurred while \output is active
[] $[]$ 
 []


Overfull \hbox (26.56018pt too wide) has occurred while \output is active
[] $[]$ 
 []

File: ./Pictures/mufglogo.png Graphic file (type png)
<use ./Pictures/mufglogo.png>
Package pdftex.def Info: ./Pictures/mufglogo.png  used on input line 1689.
(pdftex.def)             Requested size: 62.5946pt x 20.486pt.
[41]
! Missing $ inserted.
<inserted text> 
                $
l.1691 ...t(f"Constant Vol Log-Likelihood: {const_
                                                  ll:.2f}")
I've inserted a begin-math/end-math symbol since I think
you left one out. Proceed, with fingers crossed.

! Extra }, or forgotten $.
l.1691 ...stant Vol Log-Likelihood: {const_ll:.2f}
                                                  ")
I've deleted a group-closing symbol because it seems to be
spurious, as in `$x}$'. But perhaps the } is legitimate and
you forgot something else, as in `\hbox{$x}'. In such cases
the way to recover is to insert both the forgotten and the
deleted material, e.g., by typing `I$}'.

! Undefined control sequence.
l.1694 print(f"\nGARCH
                      (1,1) AIC: {garch_fit.aic:.2f}")
The control sequence at the end of the top line
of your error message was never \def'ed. If you have
misspelled it (e.g., `\hobx'), type `I' and the correct
spelling (e.g., `I\hbox'). Otherwise just continue,
and I'll forget about whatever was undefined.

! Undefined control sequence.
l.1696 print(f"\nGARCH
                       Parameters:")
The control sequence at the end of the top line
of your error message was never \def'ed. If you have
misspelled it (e.g., `\hobx'), type `I' and the correct
spelling (e.g., `I\hbox'). Otherwise just continue,
and I'll forget about whatever was undefined.

! Missing $ inserted.
<inserted text> 
                $
l.1698 
       
I've inserted a begin-math/end-math symbol since I think
you left one out. Proceed, with fingers crossed.


Overfull \hbox (6.32445pt too wide) in paragraph at lines 1690--1698
[]\T1/phv/m/n/10 print("Model Com-par-i-son:") print(f"Constant Vol Log-Likelih
ood: const$[]\OML/cmm/m/it/10 l \OT1/cmr/m/n/10 : \OML/cmm/m/it/10 :\OT1/cmr/m/
n/10 2\OML/cmm/m/it/10 f\OT1/cmr/m/n/10 "\U/matha/m/n/10 q\OML/cmm/m/it/10 prin
t\U/matha/m/n/10 p\OML/cmm/m/it/10 f\OT1/cmr/m/n/10 "\OML/cmm/m/it/10 GARCH\U/m
atha/m/n/10 p\OT1/cmr/m/n/10 1\OML/cmm/m/it/10 ; \OT1/cmr/m/n/10 1\U/matha/m/n/
10 q\OML/cmm/m/it/10 Log \U/matha/m/n/10 ^^A \OML/cmm/m/it/10 Likelihood \OT1/c
mr/m/n/10 :
 []


Overfull \hbox (13.77599pt too wide) in paragraph at lines 1690--1698
[]\OT1/cmr/m/n/10 "\U/matha/m/n/10 q\OML/cmm/m/it/10 print\U/matha/m/n/10 p\OML
/cmm/m/it/10 f\OT1/cmr/m/n/10 "\OML/cmm/m/it/10 LikelihoodRatio \OT1/cmr/m/n/10
 : []"\U/matha/m/n/10 q\OML/cmm/m/it/10 print\U/matha/m/n/10 p\OML/cmm/m/it/10 
f\OT1/cmr/m/n/10 "\U/matha/m/n/10 p\OT1/cmr/m/n/10 1\OML/cmm/m/it/10 ; \OT1/cmr
/m/n/10 1\U/matha/m/n/10 q\OML/cmm/m/it/10 AIC \OT1/cmr/m/n/10 :
 []

! You can't use `macro parameter character #' in vertical mode.
l.1699 #
         Likelihood ratio test
Sorry, but I'm not programmed to handle this case;
I'll just pretend that you didn't ask for it.
If you're in the wrong mode, you might be able to
return to the right one by typing `I}' or `I$' or `I\par'.

! Missing $ inserted.
<inserted text> 
                $
l.1700 lr_
          stat = 2 * (garch_fit.loglikelihood - const_ll)
I've inserted a begin-math/end-math symbol since I think
you left one out. Proceed, with fingers crossed.

! You can't use `macro parameter character #' in math mode.
l.1701 ...l = 1 - stats.chi2.cdf(lr_stat, df=3)  #
                                                   3 additional parameters i...
Sorry, but I'm not programmed to handle this case;
I'll just pretend that you didn't ask for it.
If you're in the wrong mode, you might be able to
return to the right one by typing `I}' or `I$' or `I\par'.

! Undefined control sequence.
l.1702 print(f"\nLikelihood
                            Ratio Test p-value: {lr_pval:.6f}")
The control sequence at the end of the top line
of your error message was never \def'ed. If you have
misspelled it (e.g., `\hobx'), type `I' and the correct
spelling (e.g., `I\hbox'). Otherwise just continue,
and I'll forget about whatever was undefined.

! Missing $ inserted.
<inserted text> 
                $
l.1706 
       
I've inserted a begin-math/end-math symbol since I think
you left one out. Proceed, with fingers crossed.


Overfull \hbox (186.58505pt too wide) in paragraph at lines 1699--1706
[]\T1/phv/m/n/10 Likelihood ra-tio test lr$[]\OML/cmm/m/it/10 tat \U/matha/m/n/
10 ^^P \OT1/cmr/m/n/10 2 \U/matha/m/n/10 ^^F p\OML/cmm/m/it/10 garch[]it:loglik
elihood \U/matha/m/n/10 ^^A \OML/cmm/m/it/10 const[]l\U/matha/m/n/10 q\OML/cmm/
m/it/10 lr[]val \U/matha/m/n/10 ^^P \OT1/cmr/m/n/10 1 \U/matha/m/n/10 ^^A \OML/
cmm/m/it/10 stats:chi\OT1/cmr/m/n/10 2\OML/cmm/m/it/10 :cdf\U/matha/m/n/10 p\OM
L/cmm/m/it/10 lr[]tat; df \U/matha/m/n/10 ^^P \OT1/cmr/m/n/10 3\U/matha/m/n/10 
q\OT1/cmr/m/n/10 3\OML/cmm/m/it/10 additionalparametersinGARCHprint\U/matha/m/n
/10 p\OML/cmm/m/it/10 f\OT1/cmr/m/n/10 "\OML/cmm/m/it/10 RatioTestp \U/matha/m/
n/10 ^^A
 []

LaTeX Info: Symbol \textrightarrow not provided by
            font family phv in TS1 encoding.
            Default family used instead on input line 1731.
LaTeX Info: Symbol \textrightarrow not provided by
            font family phv in TS1 encoding.
            Default family used instead on input line 1732.

! Package titlesec Error: No format for this command.

See the titlesec package documentation for explanation.
Type  H <return>  for immediate help.
 ...                                              
                                                  
l.1737 ...{Test 4: Volatility Forecast Comparison}
                                                  
If you (re)set the class of a sectioning command, you may
you may need to (re)define its format with \titleformat

! Missing number, treated as zero.
<to be read again> 
                   }
l.1737 ...{Test 4: Volatility Forecast Comparison}
                                                  
A number should have been here; I inserted `0'.
(If you can't figure out why I needed to see a number,
look up `weird error' in the index to The TeXbook.)

! Illegal unit of measure (pt inserted).
<to be read again> 
                   }
l.1737 ...{Test 4: Volatility Forecast Comparison}
                                                  
Dimensions can be in units of em, ex, in, pt, pc,
cm, mm, dd, cc, nd, nc, bp, or sp; but yours is a new one!
I'll assume that you meant to say pt, for printer's points.
To recover gracefully from this error, it's best to
delete the erroneous units; e.g., type `2' to delete
two letters. (See Chapter 27 of The TeXbook.)

! Missing number, treated as zero.
<to be read again> 
                   }
l.1737 ...{Test 4: Volatility Forecast Comparison}
                                                  
A number should have been here; I inserted `0'.
(If you can't figure out why I needed to see a number,
look up `weird error' in the index to The TeXbook.)

! Illegal unit of measure (pt inserted).
<to be read again> 
                   }
l.1737 ...{Test 4: Volatility Forecast Comparison}
                                                  
Dimensions can be in units of em, ex, in, pt, pc,
cm, mm, dd, cc, nd, nc, bp, or sp; but yours is a new one!
I'll assume that you meant to say pt, for printer's points.
To recover gracefully from this error, it's best to
delete the erroneous units; e.g., type `2' to delete
two letters. (See Chapter 27 of The TeXbook.)

! Missing $ inserted.
<inserted text> 
                $
l.1759 from sklearn.metrics import mean_
                                        squared_error
I've inserted a begin-math/end-math symbol since I think
you left one out. Proceed, with fingers crossed.

! Missing $ inserted.
<inserted text> 
                $
l.1760 
       
I've inserted a begin-math/end-math symbol since I think
you left one out. Proceed, with fingers crossed.

! You can't use `macro parameter character #' in vertical mode.
l.1761 #
         Train-test split
Sorry, but I'm not programmed to handle this case;
I'll just pretend that you didn't ask for it.
If you're in the wrong mode, you might be able to
return to the right one by typing `I}' or `I$' or `I\par'.

! Missing $ inserted.
<inserted text> 
                $
l.1762 train_
             size = int(0.8 * len(returns))
I've inserted a begin-math/end-math symbol since I think
you left one out. Proceed, with fingers crossed.

! Missing $ inserted.
<inserted text> 
                $
l.1764 
       
I've inserted a begin-math/end-math symbol since I think
you left one out. Proceed, with fingers crossed.

! You can't use `macro parameter character #' in vertical mode.
l.1765 #
         Constant vol forecast
Sorry, but I'm not programmed to handle this case;
I'll just pretend that you didn't ask for it.
If you're in the wrong mode, you might be able to
return to the right one by typing `I}' or `I$' or `I\par'.




Package fancyhdr Warning: \headheight is too small (15.0pt): 
(fancyhdr)                Make it at least 28.39755pt, for example:
(fancyhdr)                \setlength{\headheight}{28.39755pt}.
(fancyhdr)                You might also make \topmargin smaller:
(fancyhdr)                \addtolength{\topmargin}{-13.39755pt}.


Overfull \hbox (26.56018pt too wide) has occurred while \output is active
[] $[]$ 
 []


Overfull \hbox (26.56018pt too wide) has occurred while \output is active
[] $[]$ 
 []

File: ./Pictures/mufglogo.png Graphic file (type png)
<use ./Pictures/mufglogo.png>
Package pdftex.def Info: ./Pictures/mufglogo.png  used on input line 1765.
(pdftex.def)             Requested size: 62.5946pt x 20.486pt.
[42]
! Missing $ inserted.
<inserted text> 
                $
l.1766 const_
             vol_forecast = np.full(len(test), train.std()**2)
I've inserted a begin-math/end-math symbol since I think
you left one out. Proceed, with fingers crossed.

! Missing $ inserted.
<inserted text> 
                $
l.1767 
       
I've inserted a begin-math/end-math symbol since I think
you left one out. Proceed, with fingers crossed.

! You can't use `macro parameter character #' in vertical mode.
l.1768 #
         GARCH forecast (rolling 1-step ahead)
Sorry, but I'm not programmed to handle this case;
I'll just pretend that you didn't ask for it.
If you're in the wrong mode, you might be able to
return to the right one by typing `I}' or `I$' or `I\par'.

! Missing $ inserted.
<inserted text> 
                $
l.1769 garch_
             forecasts = []
I've inserted a begin-math/end-math symbol since I think
you left one out. Proceed, with fingers crossed.

! You can't use `macro parameter character #' in math mode.
l.1771 #
         Fit on data up to test point i
Sorry, but I'm not programmed to handle this case;
I'll just pretend that you didn't ask for it.
If you're in the wrong mode, you might be able to
return to the right one by typing `I}' or `I$' or `I\par'.

! Missing $ inserted.
<inserted text> 
                $
l.1776 
       
I've inserted a begin-math/end-math symbol since I think
you left one out. Proceed, with fingers crossed.


Overfull \hbox (19.81696pt too wide) in paragraph at lines 1768--1776
[]\T1/phv/m/n/10 GARCH fore-cast (rolling 1-step ahead) garch$[]\OML/cmm/m/it/1
0 orecasts \U/matha/m/n/10 ^^P rs\OML/cmm/m/it/10 foriinrange\U/matha/m/n/10 p\
OML/cmm/m/it/10 len\U/matha/m/n/10 p\OML/cmm/m/it/10 test\U/matha/m/n/10 qq \OT
1/cmr/m/n/10 : \OML/cmm/m/it/10 Fitondatauptotestpointigarch[]emp \U/matha/m/n/
10 ^^P
 []


Overfull \hbox (24.84pt too wide) in paragraph at lines 1768--1776
\OML/cmm/m/it/10 arch[]odel\U/matha/m/n/10 p\OML/cmm/m/it/10 train:append\U/mat
ha/m/n/10 p\OML/cmm/m/it/10 test\U/matha/m/n/10 r\OT1/cmr/m/n/10 : \OML/cmm/m/i
t/10 i\U/matha/m/n/10 sq ^^F \OT1/cmr/m/n/10 100\OML/cmm/m/it/10 ; vol \U/matha
/m/n/10 ^^P[] \OML/cmm/m/it/10 Garch[]; p \U/matha/m/n/10 ^^P \OT1/cmr/m/n/10 1
\OML/cmm/m/it/10 ; q \U/matha/m/n/10 ^^P \OT1/cmr/m/n/10 1\U/matha/m/n/10 q\OML
/cmm/m/it/10 garch[]it[]emp \U/matha/m/n/10 ^^P \OML/cmm/m/it/10 garch[]emp:fit
\U/matha/m/n/10 p\OML/cmm/m/it/10 disp \U/matha/m/n/10 ^^P[] \OML/cmm/m/it/10 o
ff[]\U/matha/m/n/10 q\OML/cmm/m/it/10 forecast \U/matha/m/n/10 ^^P
 []

! Missing $ inserted.
<inserted text> 
                $
l.1777 garch_
             forecasts = np.array(garch_forecasts)
I've inserted a begin-math/end-math symbol since I think
you left one out. Proceed, with fingers crossed.

! Missing $ inserted.
<inserted text> 
                $
l.1779 
       
I've inserted a begin-math/end-math symbol since I think
you left one out. Proceed, with fingers crossed.

! You can't use `macro parameter character #' in vertical mode.
l.1780 #
         Compute RMSE
Sorry, but I'm not programmed to handle this case;
I'll just pretend that you didn't ask for it.
If you're in the wrong mode, you might be able to
return to the right one by typing `I}' or `I$' or `I\par'.

! Missing $ inserted.
<inserted text> 
                $
l.1781 rmse_
            const = np.sqrt(mean_squared_error(realized_var, const_vol_forec...
I've inserted a begin-math/end-math symbol since I think
you left one out. Proceed, with fingers crossed.

! Missing $ inserted.
<inserted text> 
                $
l.1783 
       
I've inserted a begin-math/end-math symbol since I think
you left one out. Proceed, with fingers crossed.


Overfull \hbox (193.03038pt too wide) in paragraph at lines 1780--1783
[]\T1/phv/m/n/10 Compute RMSE rmse$[]\OML/cmm/m/it/10 onst \U/matha/m/n/10 ^^P 
\OML/cmm/m/it/10 np:sqrt\U/matha/m/n/10 p\OML/cmm/m/it/10 mean[]quared[]rror\U/
matha/m/n/10 p\OML/cmm/m/it/10 realized[]ar; const[]ol[]orecast\U/matha/m/n/10 
qq\OML/cmm/m/it/10 rmse[]arch \U/matha/m/n/10 ^^P \OML/cmm/m/it/10 np:sqrt\U/ma
tha/m/n/10 p\OML/cmm/m/it/10 mean[]quared[]rror\U/matha/m/n/10 p\OML/cmm/m/it/1
0 realized[]ar; garch[]orecasts\U/matha/m/n/10 qq$ 
 []

! Missing $ inserted.
<inserted text> 
                $
l.1785 print(f"Constant Vol: {rmse_
                                   const:.6f}")
I've inserted a begin-math/end-math symbol since I think
you left one out. Proceed, with fingers crossed.

! Extra }, or forgotten $.
l.1785 print(f"Constant Vol: {rmse_const:.6f}
                                             ")
I've deleted a group-closing symbol because it seems to be
spurious, as in `$x}$'. But perhaps the } is legitimate and
you forgot something else, as in `\hbox{$x}'. In such cases
the way to recover is to insert both the forgotten and the
deleted material, e.g., by typing `I$}'.

! Missing $ inserted.
<inserted text> 
                $
l.1789 
       
I've inserted a begin-math/end-math symbol since I think
you left one out. Proceed, with fingers crossed.


! Package titlesec Error: No format for this command.

See the titlesec package documentation for explanation.
Type  H <return>  for immediate help.
 ...                                              
                                                  
l.1800 ...5: Volatility Term Structure Validation}
                                                  
If you (re)set the class of a sectioning command, you may
you may need to (re)define its format with \titleformat

! Missing number, treated as zero.
<to be read again> 
                   }
l.1800 ...5: Volatility Term Structure Validation}
                                                  
A number should have been here; I inserted `0'.
(If you can't figure out why I needed to see a number,
look up `weird error' in the index to The TeXbook.)

! Illegal unit of measure (pt inserted).
<to be read again> 
                   }
l.1800 ...5: Volatility Term Structure Validation}
                                                  
Dimensions can be in units of em, ex, in, pt, pc,
cm, mm, dd, cc, nd, nc, bp, or sp; but yours is a new one!
I'll assume that you meant to say pt, for printer's points.
To recover gracefully from this error, it's best to
delete the erroneous units; e.g., type `2' to delete
two letters. (See Chapter 27 of The TeXbook.)

! Missing number, treated as zero.
<to be read again> 
                   }
l.1800 ...5: Volatility Term Structure Validation}
                                                  
A number should have been here; I inserted `0'.
(If you can't figure out why I needed to see a number,
look up `weird error' in the index to The TeXbook.)

! Illegal unit of measure (pt inserted).
<to be read again> 
                   }
l.1800 ...5: Volatility Term Structure Validation}
                                                  
Dimensions can be in units of em, ex, in, pt, pc,
cm, mm, dd, cc, nd, nc, bp, or sp; but yours is a new one!
I'll assume that you meant to say pt, for printer's points.
To recover gracefully from this error, it's best to
delete the erroneous units; e.g., type `2' to delete
two letters. (See Chapter 27 of The TeXbook.)

! Missing $ inserted.
<inserted text> 
                $
l.1831 from scipy.stats import f_
                                 oneway
I've inserted a begin-math/end-math symbol since I think
you left one out. Proceed, with fingers crossed.

! Missing $ inserted.
<inserted text> 
                $
l.1832 
       
I've inserted a begin-math/end-math symbol since I think
you left one out. Proceed, with fingers crossed.

! You can't use `macro parameter character #' in vertical mode.
l.1833 #
         Hypothetical time series of term structure observations
Sorry, but I'm not programmed to handle this case;
I'll just pretend that you didn't ask for it.
If you're in the wrong mode, you might be able to
return to the right one by typing `I}' or `I$' or `I\par'.

! Missing $ inserted.
<inserted text> 
                $
l.1834 vol_
           1w = [11.5, 11.8, 12.1, 11.6, 11.9]
I've inserted a begin-math/end-math symbol since I think
you left one out. Proceed, with fingers crossed.

! Missing $ inserted.
<inserted text> 
                $
l.1839 
       
I've inserted a begin-math/end-math symbol since I think
you left one out. Proceed, with fingers crossed.


Overfull \hbox (69.17247pt too wide) in paragraph at lines 1833--1839
[]\T1/phv/m/n/10 Hypothetical time se-ries of term struc-ture ob-ser-va-tions v
ol$[]\OML/cmm/m/it/10 w \U/matha/m/n/10 ^^P r\OT1/cmr/m/n/10 11\OML/cmm/m/it/10
 :\OT1/cmr/m/n/10 5\OML/cmm/m/it/10 ; \OT1/cmr/m/n/10 11\OML/cmm/m/it/10 :\OT1/
cmr/m/n/10 8\OML/cmm/m/it/10 ; \OT1/cmr/m/n/10 12\OML/cmm/m/it/10 :\OT1/cmr/m/n
/10 1\OML/cmm/m/it/10 ; \OT1/cmr/m/n/10 11\OML/cmm/m/it/10 :\OT1/cmr/m/n/10 6\O
ML/cmm/m/it/10 ; \OT1/cmr/m/n/10 11\OML/cmm/m/it/10 :\OT1/cmr/m/n/10 9\U/matha/
m/n/10 s\OML/cmm/m/it/10 vol[]m \U/matha/m/n/10 ^^P r\OT1/cmr/m/n/10 10\OML/cmm
/m/it/10 :\OT1/cmr/m/n/10 3\OML/cmm/m/it/10 ; \OT1/cmr/m/n/10 10\OML/cmm/m/it/1
0 :\OT1/cmr/m/n/10 5\OML/cmm/m/it/10 ; \OT1/cmr/m/n/10 10\OML/cmm/m/it/10 :\OT1
/cmr/m/n/10 7\OML/cmm/m/it/10 ; \OT1/cmr/m/n/10 10\OML/cmm/m/it/10 :\OT1/cmr/m/
n/10 4\OML/cmm/m/it/10 ; \OT1/cmr/m/n/10 10\OML/cmm/m/it/10 :\OT1/cmr/m/n/10 6\
U/matha/m/n/10 s\OML/cmm/m/it/10 vol[]m \U/matha/m/n/10 ^^P
 []

! You can't use `macro parameter character #' in vertical mode.
l.1840 #
         ANOVA test
Sorry, but I'm not programmed to handle this case;
I'll just pretend that you didn't ask for it.
If you're in the wrong mode, you might be able to
return to the right one by typing `I}' or `I$' or `I\par'.

! Missing $ inserted.
<inserted text> 
                $
l.1841 f_
         stat, p_val = f_oneway(vol_1w, vol_1m, vol_3m, vol_6m, vol_1y)
I've inserted a begin-math/end-math symbol since I think
you left one out. Proceed, with fingers crossed.

! Missing $ inserted.
<inserted text> 
                $
l.1842 
       
I've inserted a begin-math/end-math symbol since I think
you left one out. Proceed, with fingers crossed.

! Missing $ inserted.
<inserted text> 
                $
l.1844 print(f"F-statistic: {f_
                               stat:.2f}")
I've inserted a begin-math/end-math symbol since I think
you left one out. Proceed, with fingers crossed.

! Extra }, or forgotten $.
l.1844 print(f"F-statistic: {f_stat:.2f}
                                        ")
I've deleted a group-closing symbol because it seems to be
spurious, as in `$x}$'. But perhaps the } is legitimate and
you forgot something else, as in `\hbox{$x}'. In such cases
the way to recover is to insert both the forgotten and the
deleted material, e.g., by typing `I$}'.

! Missing $ inserted.
<inserted text> 
                $
l.1846 
       
I've inserted a begin-math/end-math symbol since I think
you left one out. Proceed, with fingers crossed.

! Missing $ inserted.
<inserted text> 
                $
l.1847 if p_
            val < 0.05:
I've inserted a begin-math/end-math symbol since I think
you left one out. Proceed, with fingers crossed.

! Undefined control sequence.
l.1848 print("\nREJECT
                       H0: Implied volatility varies significantly across ma...
The control sequence at the end of the top line
of your error message was never \def'ed. If you have
misspelled it (e.g., `\hobx'), type `I' and the correct
spelling (e.g., `I\hbox'). Otherwise just continue,
and I'll forget about whatever was undefined.

! Missing $ inserted.
<inserted text> 
                $
l.1851 
       
I've inserted a begin-math/end-math symbol since I think
you left one out. Proceed, with fingers crossed.


Overfull \hbox (115.85597pt too wide) in paragraph at lines 1847--1851
[]\T1/phv/m/n/10 if p$[]\OML/cmm/m/it/10 al \U/matha/m/n/10   \OT1/cmr/m/n/10 0
\OML/cmm/m/it/10 :\OT1/cmr/m/n/10 05 : \OML/cmm/m/it/10 print\U/matha/m/n/10 p\
OT1/cmr/m/n/10 "\OML/cmm/m/it/10 H\OT1/cmr/m/n/10 0 : \OML/cmm/m/it/10 Impliedv
olatilityvariessignificantlyacrossmaturities\OT1/cmr/m/n/10 "\U/matha/m/n/10 q\
OML/cmm/m/it/10 print\U/matha/m/n/10 p\OT1/cmr/m/n/10 "\OML/cmm/m/it/10 Constan
tvolatilityacrosstenorsisREJECTED\OT1/cmr/m/n/10 "\U/matha/m/n/10 q\OT1/cmr/m/n
/10 \`$ 
 []




Package fancyhdr Warning: \headheight is too small (15.0pt): 
(fancyhdr)                Make it at least 28.39755pt, for example:
(fancyhdr)                \setlength{\headheight}{28.39755pt}.
(fancyhdr)                You might also make \topmargin smaller:
(fancyhdr)                \addtolength{\topmargin}{-13.39755pt}.


Overfull \hbox (26.56018pt too wide) has occurred while \output is active
[] $[]$ 
 []


Overfull \hbox (26.56018pt too wide) has occurred while \output is active
[] $[]$ 
 []

File: ./Pictures/mufglogo.png Graphic file (type png)
<use ./Pictures/mufglogo.png>
Package pdftex.def Info: ./Pictures/mufglogo.png  used on input line 1852.
(pdftex.def)             Requested size: 62.5946pt x 20.486pt.
[43]
LaTeX Info: Symbol \textrightarrow not provided by
            font family phv in TS1 encoding.
            Default family used instead on input line 1852.

Underfull \hbox (badness 1789) in paragraph at lines 1912--1912
[]|\T1/phv/m/n/9 Ljung-Box (squared re-
 []


Underfull \hbox (badness 10000) in paragraph at lines 1916--1917
[]|\T1/phv/m/n/9 GARCH su-
 []


Underfull \hbox (badness 7869) in paragraph at lines 1918--1919
[]|\T1/phv/m/n/9 GARCH bet-
 []




Package fancyhdr Warning: \headheight is too small (15.0pt): 
(fancyhdr)                Make it at least 28.39755pt, for example:
(fancyhdr)                \setlength{\headheight}{28.39755pt}.
(fancyhdr)                You might also make \topmargin smaller:
(fancyhdr)                \addtolength{\topmargin}{-13.39755pt}.


Overfull \hbox (26.56018pt too wide) has occurred while \output is active
[] $[]$ 
 []


Overfull \hbox (26.56018pt too wide) has occurred while \output is active
[] $[]$ 
 []

File: ./Pictures/mufglogo.png Graphic file (type png)
<use ./Pictures/mufglogo.png>
Package pdftex.def Info: ./Pictures/mufglogo.png  used on input line 1929.
(pdftex.def)             Requested size: 62.5946pt x 20.486pt.
[44]


Package fancyhdr Warning: \headheight is too small (15.0pt): 
(fancyhdr)                Make it at least 28.39755pt, for example:
(fancyhdr)                \setlength{\headheight}{28.39755pt}.
(fancyhdr)                You might also make \topmargin smaller:
(fancyhdr)                \addtolength{\topmargin}{-13.39755pt}.


Overfull \hbox (26.56018pt too wide) has occurred while \output is active
[] $[]$ 
 []


Overfull \hbox (26.56018pt too wide) has occurred while \output is active
[] $[]$ 
 []

File: ./Pictures/mufglogo.png Graphic file (type png)
<use ./Pictures/mufglogo.png>
Package pdftex.def Info: ./Pictures/mufglogo.png  used on input line 1987.
(pdftex.def)             Requested size: 62.5946pt x 20.486pt.
[45]


Package fancyhdr Warning: \headheight is too small (15.0pt): 
(fancyhdr)                Make it at least 28.39755pt, for example:
(fancyhdr)                \setlength{\headheight}{28.39755pt}.
(fancyhdr)                You might also make \topmargin smaller:
(fancyhdr)                \addtolength{\topmargin}{-13.39755pt}.


Overfull \hbox (26.56018pt too wide) has occurred while \output is active
[] $[]$ 
 []


Overfull \hbox (26.56018pt too wide) has occurred while \output is active
[] $[]$ 
 []

File: ./Pictures/mufglogo.png Graphic file (type png)
<use ./Pictures/mufglogo.png>
Package pdftex.def Info: ./Pictures/mufglogo.png  used on input line 2047.
(pdftex.def)             Requested size: 62.5946pt x 20.486pt.
[46]


Package fancyhdr Warning: \headheight is too small (15.0pt): 
(fancyhdr)                Make it at least 28.39755pt, for example:
(fancyhdr)                \setlength{\headheight}{28.39755pt}.
(fancyhdr)                You might also make \topmargin smaller:
(fancyhdr)                \addtolength{\topmargin}{-13.39755pt}.


Overfull \hbox (26.56018pt too wide) has occurred while \output is active
[] $[]$ 
 []


Overfull \hbox (26.56018pt too wide) has occurred while \output is active
[] $[]$ 
 []

File: ./Pictures/mufglogo.png Graphic file (type png)
<use ./Pictures/mufglogo.png>
Package pdftex.def Info: ./Pictures/mufglogo.png  used on input line 2105.
(pdftex.def)             Requested size: 62.5946pt x 20.486pt.
[47]


Package fancyhdr Warning: \headheight is too small (15.0pt): 
(fancyhdr)                Make it at least 28.39755pt, for example:
(fancyhdr)                \setlength{\headheight}{28.39755pt}.
(fancyhdr)                You might also make \topmargin smaller:
(fancyhdr)                \addtolength{\topmargin}{-13.39755pt}.


Overfull \hbox (26.56018pt too wide) has occurred while \output is active
[] $[]$ 
 []


Overfull \hbox (26.56018pt too wide) has occurred while \output is active
[] $[]$ 
 []

File: ./Pictures/mufglogo.png Graphic file (type png)
<use ./Pictures/mufglogo.png>
Package pdftex.def Info: ./Pictures/mufglogo.png  used on input line 2160.
(pdftex.def)             Requested size: 62.5946pt x 20.486pt.
[48]
LaTeX Info: Symbol \textrightarrow not provided by
            font family phv in TS1 encoding.
            Default family used instead on input line 2197.
LaTeX Info: Symbol \textrightarrow not provided by
            font family phv in TS1 encoding.
            Default family used instead on input line 2198.


! Package titlesec Error: No format for this command.

See the titlesec package documentation for explanation.
Type  H <return>  for immediate help.
 ...                                              
                                                  
l.2207 ... for Autocorrelation in Squared Returns}
                                                  
If you (re)set the class of a sectioning command, you may
you may need to (re)define its format with \titleformat

! Missing number, treated as zero.
<to be read again> 
                   }
l.2207 ... for Autocorrelation in Squared Returns}
                                                  
A number should have been here; I inserted `0'.
(If you can't figure out why I needed to see a number,
look up `weird error' in the index to The TeXbook.)

! Illegal unit of measure (pt inserted).
<to be read again> 
                   }
l.2207 ... for Autocorrelation in Squared Returns}
                                                  
Dimensions can be in units of em, ex, in, pt, pc,
cm, mm, dd, cc, nd, nc, bp, or sp; but yours is a new one!
I'll assume that you meant to say pt, for printer's points.
To recover gracefully from this error, it's best to
delete the erroneous units; e.g., type `2' to delete
two letters. (See Chapter 27 of The TeXbook.)

! Missing number, treated as zero.
<to be read again> 
                   }
l.2207 ... for Autocorrelation in Squared Returns}
                                                  
A number should have been here; I inserted `0'.
(If you can't figure out why I needed to see a number,
look up `weird error' in the index to The TeXbook.)

! Illegal unit of measure (pt inserted).
<to be read again> 
                   }
l.2207 ... for Autocorrelation in Squared Returns}
                                                  
Dimensions can be in units of em, ex, in, pt, pc,
cm, mm, dd, cc, nd, nc, bp, or sp; but yours is a new one!
I'll assume that you meant to say pt, for printer's points.
To recover gracefully from this error, it's best to
delete the erroneous units; e.g., type `2' to delete
two letters. (See Chapter 27 of The TeXbook.)




Package fancyhdr Warning: \headheight is too small (15.0pt): 
(fancyhdr)                Make it at least 28.39755pt, for example:
(fancyhdr)                \setlength{\headheight}{28.39755pt}.
(fancyhdr)                You might also make \topmargin smaller:
(fancyhdr)                \addtolength{\topmargin}{-13.39755pt}.


Overfull \hbox (26.56018pt too wide) has occurred while \output is active
[] $[]$ 
 []


Overfull \hbox (26.56018pt too wide) has occurred while \output is active
[] $[]$ 
 []

File: ./Pictures/mufglogo.png Graphic file (type png)
<use ./Pictures/mufglogo.png>
Package pdftex.def Info: ./Pictures/mufglogo.png  used on input line 2219.
(pdftex.def)             Requested size: 62.5946pt x 20.486pt.
[49]

! Package titlesec Error: No format for this command.

See the titlesec package documentation for explanation.
Type  H <return>  for immediate help.
 ...                                              
                                                  
l.2277 \subparagraph{Test 2: Engle's ARCH-LM Test}
                                                  
If you (re)set the class of a sectioning command, you may
you may need to (re)define its format with \titleformat

! Missing number, treated as zero.
<to be read again> 
                   }
l.2277 \subparagraph{Test 2: Engle's ARCH-LM Test}
                                                  
A number should have been here; I inserted `0'.
(If you can't figure out why I needed to see a number,
look up `weird error' in the index to The TeXbook.)

! Illegal unit of measure (pt inserted).
<to be read again> 
                   }
l.2277 \subparagraph{Test 2: Engle's ARCH-LM Test}
                                                  
Dimensions can be in units of em, ex, in, pt, pc,
cm, mm, dd, cc, nd, nc, bp, or sp; but yours is a new one!
I'll assume that you meant to say pt, for printer's points.
To recover gracefully from this error, it's best to
delete the erroneous units; e.g., type `2' to delete
two letters. (See Chapter 27 of The TeXbook.)

! Missing number, treated as zero.
<to be read again> 
                   }
l.2277 \subparagraph{Test 2: Engle's ARCH-LM Test}
                                                  
A number should have been here; I inserted `0'.
(If you can't figure out why I needed to see a number,
look up `weird error' in the index to The TeXbook.)

! Illegal unit of measure (pt inserted).
<to be read again> 
                   }
l.2277 \subparagraph{Test 2: Engle's ARCH-LM Test}
                                                  
Dimensions can be in units of em, ex, in, pt, pc,
cm, mm, dd, cc, nd, nc, bp, or sp; but yours is a new one!
I'll assume that you meant to say pt, for printer's points.
To recover gracefully from this error, it's best to
delete the erroneous units; e.g., type `2' to delete
two letters. (See Chapter 27 of The TeXbook.)




Package fancyhdr Warning: \headheight is too small (15.0pt): 
(fancyhdr)                Make it at least 28.39755pt, for example:
(fancyhdr)                \setlength{\headheight}{28.39755pt}.
(fancyhdr)                You might also make \topmargin smaller:
(fancyhdr)                \addtolength{\topmargin}{-13.39755pt}.


Overfull \hbox (26.56018pt too wide) has occurred while \output is active
[] $[]$ 
 []


Overfull \hbox (26.56018pt too wide) has occurred while \output is active
[] $[]$ 
 []

File: ./Pictures/mufglogo.png Graphic file (type png)
<use ./Pictures/mufglogo.png>
Package pdftex.def Info: ./Pictures/mufglogo.png  used on input line 2281.
(pdftex.def)             Requested size: 62.5946pt x 20.486pt.
[50{/usr/local/texlive/2025/texmf-dist/fonts/enc/dvips/cm-super/cm-super-t1.enc
}]

! Package titlesec Error: No format for this command.

See the titlesec package documentation for explanation.
Type  H <return>  for immediate help.
 ...                                              
                                                  
l.2338 ...aragraph{Test 3: GARCH Model Comparison}
                                                  
If you (re)set the class of a sectioning command, you may
you may need to (re)define its format with \titleformat

! Missing number, treated as zero.
<to be read again> 
                   }
l.2338 ...aragraph{Test 3: GARCH Model Comparison}
                                                  
A number should have been here; I inserted `0'.
(If you can't figure out why I needed to see a number,
look up `weird error' in the index to The TeXbook.)

! Illegal unit of measure (pt inserted).
<to be read again> 
                   }
l.2338 ...aragraph{Test 3: GARCH Model Comparison}
                                                  
Dimensions can be in units of em, ex, in, pt, pc,
cm, mm, dd, cc, nd, nc, bp, or sp; but yours is a new one!
I'll assume that you meant to say pt, for printer's points.
To recover gracefully from this error, it's best to
delete the erroneous units; e.g., type `2' to delete
two letters. (See Chapter 27 of The TeXbook.)

! Missing number, treated as zero.
<to be read again> 
                   }
l.2338 ...aragraph{Test 3: GARCH Model Comparison}
                                                  
A number should have been here; I inserted `0'.
(If you can't figure out why I needed to see a number,
look up `weird error' in the index to The TeXbook.)

! Illegal unit of measure (pt inserted).
<to be read again> 
                   }
l.2338 ...aragraph{Test 3: GARCH Model Comparison}
                                                  
Dimensions can be in units of em, ex, in, pt, pc,
cm, mm, dd, cc, nd, nc, bp, or sp; but yours is a new one!
I'll assume that you meant to say pt, for printer's points.
To recover gracefully from this error, it's best to
delete the erroneous units; e.g., type `2' to delete
two letters. (See Chapter 27 of The TeXbook.)




Package fancyhdr Warning: \headheight is too small (15.0pt): 
(fancyhdr)                Make it at least 28.39755pt, for example:
(fancyhdr)                \setlength{\headheight}{28.39755pt}.
(fancyhdr)                You might also make \topmargin smaller:
(fancyhdr)                \addtolength{\topmargin}{-13.39755pt}.


Overfull \hbox (26.56018pt too wide) has occurred while \output is active
[] $[]$ 
 []


Overfull \hbox (26.56018pt too wide) has occurred while \output is active
[] $[]$ 
 []

File: ./Pictures/mufglogo.png Graphic file (type png)
<use ./Pictures/mufglogo.png>
Package pdftex.def Info: ./Pictures/mufglogo.png  used on input line 2342.
(pdftex.def)             Requested size: 62.5946pt x 20.486pt.
[51]


Package fancyhdr Warning: \headheight is too small (15.0pt): 
(fancyhdr)                Make it at least 28.39755pt, for example:
(fancyhdr)                \setlength{\headheight}{28.39755pt}.
(fancyhdr)                You might also make \topmargin smaller:
(fancyhdr)                \addtolength{\topmargin}{-13.39755pt}.


Overfull \hbox (26.56018pt too wide) has occurred while \output is active
[] $[]$ 
 []


Overfull \hbox (26.56018pt too wide) has occurred while \output is active
[] $[]$ 
 []

File: ./Pictures/mufglogo.png Graphic file (type png)
<use ./Pictures/mufglogo.png>
Package pdftex.def Info: ./Pictures/mufglogo.png  used on input line 2409.
(pdftex.def)             Requested size: 62.5946pt x 20.486pt.
[52]
LaTeX Info: Symbol \textrightarrow not provided by
            font family phv in TS1 encoding.
            Default family used instead on input line 2421.
LaTeX Info: Symbol \textrightarrow not provided by
            font family phv in TS1 encoding.
            Default family used instead on input line 2422.


! Package titlesec Error: No format for this command.

See the titlesec package documentation for explanation.
Type  H <return>  for immediate help.
 ...                                              
                                                  
l.2427 ...{Test 4: Volatility Forecast Comparison}
                                                  
If you (re)set the class of a sectioning command, you may
you may need to (re)define its format with \titleformat

! Missing number, treated as zero.
<to be read again> 
                   }
l.2427 ...{Test 4: Volatility Forecast Comparison}
                                                  
A number should have been here; I inserted `0'.
(If you can't figure out why I needed to see a number,
look up `weird error' in the index to The TeXbook.)

! Illegal unit of measure (pt inserted).
<to be read again> 
                   }
l.2427 ...{Test 4: Volatility Forecast Comparison}
                                                  
Dimensions can be in units of em, ex, in, pt, pc,
cm, mm, dd, cc, nd, nc, bp, or sp; but yours is a new one!
I'll assume that you meant to say pt, for printer's points.
To recover gracefully from this error, it's best to
delete the erroneous units; e.g., type `2' to delete
two letters. (See Chapter 27 of The TeXbook.)

! Missing number, treated as zero.
<to be read again> 
                   }
l.2427 ...{Test 4: Volatility Forecast Comparison}
                                                  
A number should have been here; I inserted `0'.
(If you can't figure out why I needed to see a number,
look up `weird error' in the index to The TeXbook.)

! Illegal unit of measure (pt inserted).
<to be read again> 
                   }
l.2427 ...{Test 4: Volatility Forecast Comparison}
                                                  
Dimensions can be in units of em, ex, in, pt, pc,
cm, mm, dd, cc, nd, nc, bp, or sp; but yours is a new one!
I'll assume that you meant to say pt, for printer's points.
To recover gracefully from this error, it's best to
delete the erroneous units; e.g., type `2' to delete
two letters. (See Chapter 27 of The TeXbook.)




Package fancyhdr Warning: \headheight is too small (15.0pt): 
(fancyhdr)                Make it at least 28.39755pt, for example:
(fancyhdr)                \setlength{\headheight}{28.39755pt}.
(fancyhdr)                You might also make \topmargin smaller:
(fancyhdr)                \addtolength{\topmargin}{-13.39755pt}.

File: ./Pictures/mufglogo.png Graphic file (type png)
<use ./Pictures/mufglogo.png>
Package pdftex.def Info: ./Pictures/mufglogo.png  used on input line 2464.
(pdftex.def)             Requested size: 62.5946pt x 20.486pt.
[53]

! Package titlesec Error: No format for this command.

See the titlesec package documentation for explanation.
Type  H <return>  for immediate help.
 ...                                              
                                                  
l.2495 ...5: Volatility Term Structure Validation}
                                                  
If you (re)set the class of a sectioning command, you may
you may need to (re)define its format with \titleformat

! Missing number, treated as zero.
<to be read again> 
                   }
l.2495 ...5: Volatility Term Structure Validation}
                                                  
A number should have been here; I inserted `0'.
(If you can't figure out why I needed to see a number,
look up `weird error' in the index to The TeXbook.)

! Illegal unit of measure (pt inserted).
<to be read again> 
                   }
l.2495 ...5: Volatility Term Structure Validation}
                                                  
Dimensions can be in units of em, ex, in, pt, pc,
cm, mm, dd, cc, nd, nc, bp, or sp; but yours is a new one!
I'll assume that you meant to say pt, for printer's points.
To recover gracefully from this error, it's best to
delete the erroneous units; e.g., type `2' to delete
two letters. (See Chapter 27 of The TeXbook.)

! Missing number, treated as zero.
<to be read again> 
                   }
l.2495 ...5: Volatility Term Structure Validation}
                                                  
A number should have been here; I inserted `0'.
(If you can't figure out why I needed to see a number,
look up `weird error' in the index to The TeXbook.)

! Illegal unit of measure (pt inserted).
<to be read again> 
                   }
l.2495 ...5: Volatility Term Structure Validation}
                                                  
Dimensions can be in units of em, ex, in, pt, pc,
cm, mm, dd, cc, nd, nc, bp, or sp; but yours is a new one!
I'll assume that you meant to say pt, for printer's points.
To recover gracefully from this error, it's best to
delete the erroneous units; e.g., type `2' to delete
two letters. (See Chapter 27 of The TeXbook.)




Package fancyhdr Warning: \headheight is too small (15.0pt): 
(fancyhdr)                Make it at least 28.39755pt, for example:
(fancyhdr)                \setlength{\headheight}{28.39755pt}.
(fancyhdr)                You might also make \topmargin smaller:
(fancyhdr)                \addtolength{\topmargin}{-13.39755pt}.


Overfull \hbox (26.56018pt too wide) has occurred while \output is active
[] $[]$ 
 []


Overfull \hbox (26.56018pt too wide) has occurred while \output is active
[] $[]$ 
 []

File: ./Pictures/mufglogo.png Graphic file (type png)
<use ./Pictures/mufglogo.png>
Package pdftex.def Info: ./Pictures/mufglogo.png  used on input line 2526.
(pdftex.def)             Requested size: 62.5946pt x 20.486pt.
[54]
LaTeX Info: Symbol \textrightarrow not provided by
            font family phv in TS1 encoding.
            Default family used instead on input line 2549.



Package fancyhdr Warning: \headheight is too small (15.0pt): 
(fancyhdr)                Make it at least 28.39755pt, for example:
(fancyhdr)                \setlength{\headheight}{28.39755pt}.
(fancyhdr)                You might also make \topmargin smaller:
(fancyhdr)                \addtolength{\topmargin}{-13.39755pt}.


Overfull \hbox (26.56018pt too wide) has occurred while \output is active
[] $[]$ 
 []


Overfull \hbox (26.56018pt too wide) has occurred while \output is active
[] $[]$ 
 []

File: ./Pictures/mufglogo.png Graphic file (type png)
<use ./Pictures/mufglogo.png>
Package pdftex.def Info: ./Pictures/mufglogo.png  used on input line 2596.
(pdftex.def)             Requested size: 62.5946pt x 20.486pt.
[55]
Underfull \hbox (badness 1789) in paragraph at lines 2609--2609
[]|\T1/phv/m/n/9 Ljung-Box (squared re-
 []


Underfull \hbox (badness 10000) in paragraph at lines 2613--2614
[]|\T1/phv/m/n/9 GARCH su-
 []


Underfull \hbox (badness 7869) in paragraph at lines 2615--2616
[]|\T1/phv/m/n/9 GARCH bet-
 []




Package fancyhdr Warning: \headheight is too small (15.0pt): 
(fancyhdr)                Make it at least 28.39755pt, for example:
(fancyhdr)                \setlength{\headheight}{28.39755pt}.
(fancyhdr)                You might also make \topmargin smaller:
(fancyhdr)                \addtolength{\topmargin}{-13.39755pt}.


Overfull \hbox (26.56018pt too wide) has occurred while \output is active
[] $[]$ 
 []


Overfull \hbox (26.56018pt too wide) has occurred while \output is active
[] $[]$ 
 []

File: ./Pictures/mufglogo.png Graphic file (type png)
<use ./Pictures/mufglogo.png>
Package pdftex.def Info: ./Pictures/mufglogo.png  used on input line 2626.
(pdftex.def)             Requested size: 62.5946pt x 20.486pt.
[56]


Package fancyhdr Warning: \headheight is too small (15.0pt): 
(fancyhdr)                Make it at least 28.39755pt, for example:
(fancyhdr)                \setlength{\headheight}{28.39755pt}.
(fancyhdr)                You might also make \topmargin smaller:
(fancyhdr)                \addtolength{\topmargin}{-13.39755pt}.


Overfull \hbox (26.56018pt too wide) has occurred while \output is active
[] $[]$ 
 []


Overfull \hbox (26.56018pt too wide) has occurred while \output is active
[] $[]$ 
 []

File: ./Pictures/mufglogo.png Graphic file (type png)
<use ./Pictures/mufglogo.png>
Package pdftex.def Info: ./Pictures/mufglogo.png  used on input line 2675.
(pdftex.def)             Requested size: 62.5946pt x 20.486pt.
[57]


Package fancyhdr Warning: \headheight is too small (15.0pt): 
(fancyhdr)                Make it at least 28.39755pt, for example:
(fancyhdr)                \setlength{\headheight}{28.39755pt}.
(fancyhdr)                You might also make \topmargin smaller:
(fancyhdr)                \addtolength{\topmargin}{-13.39755pt}.


Overfull \hbox (26.56018pt too wide) has occurred while \output is active
[] $[]$ 
 []


Overfull \hbox (26.56018pt too wide) has occurred while \output is active
[] $[]$ 
 []

File: ./Pictures/mufglogo.png Graphic file (type png)
<use ./Pictures/mufglogo.png>
Package pdftex.def Info: ./Pictures/mufglogo.png  used on input line 2720.
(pdftex.def)             Requested size: 62.5946pt x 20.486pt.
[58]


Package fancyhdr Warning: \headheight is too small (15.0pt): 
(fancyhdr)                Make it at least 28.39755pt, for example:
(fancyhdr)                \setlength{\headheight}{28.39755pt}.
(fancyhdr)                You might also make \topmargin smaller:
(fancyhdr)                \addtolength{\topmargin}{-13.39755pt}.


Overfull \hbox (26.56018pt too wide) has occurred while \output is active
[] $[]$ 
 []


Overfull \hbox (26.56018pt too wide) has occurred while \output is active
[] $[]$ 
 []

File: ./Pictures/mufglogo.png Graphic file (type png)
<use ./Pictures/mufglogo.png>
Package pdftex.def Info: ./Pictures/mufglogo.png  used on input line 2763.
(pdftex.def)             Requested size: 62.5946pt x 20.486pt.
[59]


Package fancyhdr Warning: \headheight is too small (15.0pt): 
(fancyhdr)                Make it at least 28.39755pt, for example:
(fancyhdr)                \setlength{\headheight}{28.39755pt}.
(fancyhdr)                You might also make \topmargin smaller:
(fancyhdr)                \addtolength{\topmargin}{-13.39755pt}.


Overfull \hbox (26.56018pt too wide) has occurred while \output is active
[] $[]$ 
 []


Overfull \hbox (26.56018pt too wide) has occurred while \output is active
[] $[]$ 
 []

File: ./Pictures/mufglogo.png Graphic file (type png)
<use ./Pictures/mufglogo.png>
Package pdftex.def Info: ./Pictures/mufglogo.png  used on input line 2803.
(pdftex.def)             Requested size: 62.5946pt x 20.486pt.
[60]
Underfull \hbox (badness 1237) in paragraph at lines 2826--2827
[]|\T1/phv/m/n/9 Tail risk, long-dated
 []


Underfull \hbox (badness 7203) in paragraph at lines 2828--2829
[]|\T1/phv/m/n/9 Expected ex-po-sure,
 []


Underfull \hbox (badness 10000) in paragraph at lines 2832--2833
[]|\T1/phv/m/n/9 Barrier op-tions,
 []


Underfull \hbox (badness 4859) in paragraph at lines 2838--2839
[]|\T1/phv/m/n/9 Asian, TARF, look-
 []




Package fancyhdr Warning: \headheight is too small (15.0pt): 
(fancyhdr)                Make it at least 28.39755pt, for example:
(fancyhdr)                \setlength{\headheight}{28.39755pt}.
(fancyhdr)                You might also make \topmargin smaller:
(fancyhdr)                \addtolength{\topmargin}{-13.39755pt}.


Overfull \hbox (26.56018pt too wide) has occurred while \output is active
[] $[]$ 
 []


Overfull \hbox (26.56018pt too wide) has occurred while \output is active
[] $[]$ 
 []

File: ./Pictures/mufglogo.png Graphic file (type png)
<use ./Pictures/mufglogo.png>
Package pdftex.def Info: ./Pictures/mufglogo.png  used on input line 2859.
(pdftex.def)             Requested size: 62.5946pt x 20.486pt.
[61]


Package fancyhdr Warning: \headheight is too small (15.0pt): 
(fancyhdr)                Make it at least 28.39755pt, for example:
(fancyhdr)                \setlength{\headheight}{28.39755pt}.
(fancyhdr)                You might also make \topmargin smaller:
(fancyhdr)                \addtolength{\topmargin}{-13.39755pt}.


Overfull \hbox (26.56018pt too wide) has occurred while \output is active
[] $[]$ 
 []


Overfull \hbox (26.56018pt too wide) has occurred while \output is active
[] $[]$ 
 []

File: ./Pictures/mufglogo.png Graphic file (type png)
<use ./Pictures/mufglogo.png>
Package pdftex.def Info: ./Pictures/mufglogo.png  used on input line 2902.
(pdftex.def)             Requested size: 62.5946pt x 20.486pt.
[62]) (./Sections/04_ModelDescription/ModelDescription.tex
Overfull \hbox (5.08086pt too wide) in paragraph at lines 2--2
|[] \T1/phv/m/n/17 The BSH-WHW Model: Restor-ing Path-Wise Arbitrage-Freeness| 

 []




Package fancyhdr Warning: \headheight is too small (15.0pt): 
(fancyhdr)                Make it at least 28.39755pt, for example:
(fancyhdr)                \setlength{\headheight}{28.39755pt}.
(fancyhdr)                You might also make \topmargin smaller:
(fancyhdr)                \addtolength{\topmargin}{-13.39755pt}.


Overfull \hbox (26.56018pt too wide) has occurred while \output is active
[] $[]$ 
 []


Overfull \hbox (26.56018pt too wide) has occurred while \output is active
[] $[]$ 
 []

File: ./Pictures/mufglogo.png Graphic file (type png)
<use ./Pictures/mufglogo.png>
Package pdftex.def Info: ./Pictures/mufglogo.png  used on input line 46.
(pdftex.def)             Requested size: 62.5946pt x 20.486pt.
[63

]


Package fancyhdr Warning: \headheight is too small (15.0pt): 
(fancyhdr)                Make it at least 28.39755pt, for example:
(fancyhdr)                \setlength{\headheight}{28.39755pt}.
(fancyhdr)                You might also make \topmargin smaller:
(fancyhdr)                \addtolength{\topmargin}{-13.39755pt}.


Overfull \hbox (26.56018pt too wide) has occurred while \output is active
[] $[]$ 
 []


Overfull \hbox (26.56018pt too wide) has occurred while \output is active
[] $[]$ 
 []

File: ./Pictures/mufglogo.png Graphic file (type png)
<use ./Pictures/mufglogo.png>
Package pdftex.def Info: ./Pictures/mufglogo.png  used on input line 50.
(pdftex.def)             Requested size: 62.5946pt x 20.486pt.
[64]


Package fancyhdr Warning: \headheight is too small (15.0pt): 
(fancyhdr)                Make it at least 28.39755pt, for example:
(fancyhdr)                \setlength{\headheight}{28.39755pt}.
(fancyhdr)                You might also make \topmargin smaller:
(fancyhdr)                \addtolength{\topmargin}{-13.39755pt}.


Overfull \hbox (26.56018pt too wide) has occurred while \output is active
[] $[]$ 
 []


Overfull \hbox (26.56018pt too wide) has occurred while \output is active
[] $[]$ 
 []

File: ./Pictures/mufglogo.png Graphic file (type png)
<use ./Pictures/mufglogo.png>
Package pdftex.def Info: ./Pictures/mufglogo.png  used on input line 93.
(pdftex.def)             Requested size: 62.5946pt x 20.486pt.
[65]


Package fancyhdr Warning: \headheight is too small (15.0pt): 
(fancyhdr)                Make it at least 28.39755pt, for example:
(fancyhdr)                \setlength{\headheight}{28.39755pt}.
(fancyhdr)                You might also make \topmargin smaller:
(fancyhdr)                \addtolength{\topmargin}{-13.39755pt}.


Overfull \hbox (26.56018pt too wide) has occurred while \output is active
[] $[]$ 
 []


Overfull \hbox (26.56018pt too wide) has occurred while \output is active
[] $[]$ 
 []

File: ./Pictures/mufglogo.png Graphic file (type png)
<use ./Pictures/mufglogo.png>
Package pdftex.def Info: ./Pictures/mufglogo.png  used on input line 118.
(pdftex.def)             Requested size: 62.5946pt x 20.486pt.
[66]


Package fancyhdr Warning: \headheight is too small (15.0pt): 
(fancyhdr)                Make it at least 28.39755pt, for example:
(fancyhdr)                \setlength{\headheight}{28.39755pt}.
(fancyhdr)                You might also make \topmargin smaller:
(fancyhdr)                \addtolength{\topmargin}{-13.39755pt}.


Overfull \hbox (26.56018pt too wide) has occurred while \output is active
[] $[]$ 
 []


Overfull \hbox (26.56018pt too wide) has occurred while \output is active
[] $[]$ 
 []

File: ./Pictures/mufglogo.png Graphic file (type png)
<use ./Pictures/mufglogo.png>
Package pdftex.def Info: ./Pictures/mufglogo.png  used on input line 135.
(pdftex.def)             Requested size: 62.5946pt x 20.486pt.
[67]


Package fancyhdr Warning: \headheight is too small (15.0pt): 
(fancyhdr)                Make it at least 28.39755pt, for example:
(fancyhdr)                \setlength{\headheight}{28.39755pt}.
(fancyhdr)                You might also make \topmargin smaller:
(fancyhdr)                \addtolength{\topmargin}{-13.39755pt}.


Overfull \hbox (26.56018pt too wide) has occurred while \output is active
[] $[]$ 
 []


Overfull \hbox (26.56018pt too wide) has occurred while \output is active
[] $[]$ 
 []

File: ./Pictures/mufglogo.png Graphic file (type png)
<use ./Pictures/mufglogo.png>
Package pdftex.def Info: ./Pictures/mufglogo.png  used on input line 184.
(pdftex.def)             Requested size: 62.5946pt x 20.486pt.
[68]


Package fancyhdr Warning: \headheight is too small (15.0pt): 
(fancyhdr)                Make it at least 28.39755pt, for example:
(fancyhdr)                \setlength{\headheight}{28.39755pt}.
(fancyhdr)                You might also make \topmargin smaller:
(fancyhdr)                \addtolength{\topmargin}{-13.39755pt}.


Overfull \hbox (26.56018pt too wide) has occurred while \output is active
[] $[]$ 
 []


Overfull \hbox (26.56018pt too wide) has occurred while \output is active
[] $[]$ 
 []

File: ./Pictures/mufglogo.png Graphic file (type png)
<use ./Pictures/mufglogo.png>
Package pdftex.def Info: ./Pictures/mufglogo.png  used on input line 221.
(pdftex.def)             Requested size: 62.5946pt x 20.486pt.
[69]


Package fancyhdr Warning: \headheight is too small (15.0pt): 
(fancyhdr)                Make it at least 28.39755pt, for example:
(fancyhdr)                \setlength{\headheight}{28.39755pt}.
(fancyhdr)                You might also make \topmargin smaller:
(fancyhdr)                \addtolength{\topmargin}{-13.39755pt}.


Overfull \hbox (26.56018pt too wide) has occurred while \output is active
[] $[]$ 
 []


Overfull \hbox (26.56018pt too wide) has occurred while \output is active
[] $[]$ 
 []

File: ./Pictures/mufglogo.png Graphic file (type png)
<use ./Pictures/mufglogo.png>
Package pdftex.def Info: ./Pictures/mufglogo.png  used on input line 221.
(pdftex.def)             Requested size: 62.5946pt x 20.486pt.
[70]) (./Sections/05_DataIntegrity/DataIntegrity.tex


Package fancyhdr Warning: \headheight is too small (15.0pt): 
(fancyhdr)                Make it at least 28.39755pt, for example:
(fancyhdr)                \setlength{\headheight}{28.39755pt}.
(fancyhdr)                You might also make \topmargin smaller:
(fancyhdr)                \addtolength{\topmargin}{-13.39755pt}.


Overfull \hbox (26.56018pt too wide) has occurred while \output is active
[] $[]$ 
 []


Overfull \hbox (26.56018pt too wide) has occurred while \output is active
[] $[]$ 
 []

File: ./Pictures/mufglogo.png Graphic file (type png)
<use ./Pictures/mufglogo.png>
Package pdftex.def Info: ./Pictures/mufglogo.png  used on input line 37.
(pdftex.def)             Requested size: 62.5946pt x 20.486pt.
[71

]) (./Sections/06_ConceptSound/ConceptualSoundness.tex
Overfull \hbox (5.49341pt too wide) in paragraph at lines 21--24
\T1/phv/m/n/10 under the as-sumed quot-ing con-ven-tion. The model uses $\OML/c
mm/m/it/10 g[]\U/matha/m/n/10 p\OML/cmm/m/it/10 t\U/matha/m/n/10 q$ \T1/phv/m/n
/10 as the de-ter-min-is-tic com-po-nent such that $\U/msb/m/n/10 E\U/matha/m/n
/10 r\OML/cmm/m/it/10 Y[]\U/matha/m/n/10 p\OML/cmm/m/it/10 t\U/matha/m/n/10 qs 
^^P
 []




Package fancyhdr Warning: \headheight is too small (15.0pt): 
(fancyhdr)                Make it at least 28.39755pt, for example:
(fancyhdr)                \setlength{\headheight}{28.39755pt}.
(fancyhdr)                You might also make \topmargin smaller:
(fancyhdr)                \addtolength{\topmargin}{-13.39755pt}.


Overfull \hbox (26.56018pt too wide) has occurred while \output is active
[] $[]$ 
 []


Overfull \hbox (26.56018pt too wide) has occurred while \output is active
[] $[]$ 
 []

File: ./Pictures/mufglogo.png Graphic file (type png)
<use ./Pictures/mufglogo.png>
Package pdftex.def Info: ./Pictures/mufglogo.png  used on input line 53.
(pdftex.def)             Requested size: 62.5946pt x 20.486pt.
[72

]


Package fancyhdr Warning: \headheight is too small (15.0pt): 
(fancyhdr)                Make it at least 28.39755pt, for example:
(fancyhdr)                \setlength{\headheight}{28.39755pt}.
(fancyhdr)                You might also make \topmargin smaller:
(fancyhdr)                \addtolength{\topmargin}{-13.39755pt}.


Overfull \hbox (26.56018pt too wide) has occurred while \output is active
[] $[]$ 
 []


Overfull \hbox (26.56018pt too wide) has occurred while \output is active
[] $[]$ 
 []

File: ./Pictures/mufglogo.png Graphic file (type png)
<use ./Pictures/mufglogo.png>
Package pdftex.def Info: ./Pictures/mufglogo.png  used on input line 55.
(pdftex.def)             Requested size: 62.5946pt x 20.486pt.
[73]) (./Sections/07_Implementation/Implementation.tex


Package fancyhdr Warning: \headheight is too small (15.0pt): 
(fancyhdr)                Make it at least 28.39755pt, for example:
(fancyhdr)                \setlength{\headheight}{28.39755pt}.
(fancyhdr)                You might also make \topmargin smaller:
(fancyhdr)                \addtolength{\topmargin}{-13.39755pt}.


Overfull \hbox (26.56018pt too wide) has occurred while \output is active
[] $[]$ 
 []


Overfull \hbox (26.56018pt too wide) has occurred while \output is active
[] $[]$ 
 []

File: ./Pictures/mufglogo.png Graphic file (type png)
<use ./Pictures/mufglogo.png>
Package pdftex.def Info: ./Pictures/mufglogo.png  used on input line 36.
(pdftex.def)             Requested size: 62.5946pt x 20.486pt.
[74

]) (./Sections/08_Performance/Performance.tex


Package fancyhdr Warning: \headheight is too small (15.0pt): 
(fancyhdr)                Make it at least 28.39755pt, for example:
(fancyhdr)                \setlength{\headheight}{28.39755pt}.
(fancyhdr)                You might also make \topmargin smaller:
(fancyhdr)                \addtolength{\topmargin}{-13.39755pt}.


Overfull \hbox (26.56018pt too wide) has occurred while \output is active
[] $[]$ 
 []


Overfull \hbox (26.56018pt too wide) has occurred while \output is active
[] $[]$ 
 []

File: ./Pictures/mufglogo.png Graphic file (type png)
<use ./Pictures/mufglogo.png>
Package pdftex.def Info: ./Pictures/mufglogo.png  used on input line 46.
(pdftex.def)             Requested size: 62.5946pt x 20.486pt.
[75

]) (./Sections/09_Governance/Governance.tex
! Undefined control sequence.
l.7 		The governance framework for \ModelID
                                           \ ensures that:
The control sequence at the end of the top line
of your error message was never \def'ed. If you have
misspelled it (e.g., `\hobx'), type `I' and the correct
spelling (e.g., `I\hbox'). Otherwise just continue,
and I'll forget about whatever was undefined.

! Undefined control sequence.
l.30 		\ModelID
               \ is classified as a \textbf{risk factor simulation model} us...
The control sequence at the end of the top line
of your error message was never \def'ed. If you have
misspelled it (e.g., `\hobx'), type `I' and the correct
spelling (e.g., `I\hbox'). Otherwise just continue,
and I'll forget about whatever was undefined.




Package fancyhdr Warning: \headheight is too small (15.0pt): 
(fancyhdr)                Make it at least 28.39755pt, for example:
(fancyhdr)                \setlength{\headheight}{28.39755pt}.
(fancyhdr)                You might also make \topmargin smaller:
(fancyhdr)                \addtolength{\topmargin}{-13.39755pt}.


Overfull \hbox (26.56018pt too wide) has occurred while \output is active
[] $[]$ 
 []


Overfull \hbox (26.56018pt too wide) has occurred while \output is active
[] $[]$ 
 []

File: ./Pictures/mufglogo.png Graphic file (type png)
<use ./Pictures/mufglogo.png>
Package pdftex.def Info: ./Pictures/mufglogo.png  used on input line 46.
(pdftex.def)             Requested size: 62.5946pt x 20.486pt.
[76

]


Package fancyhdr Warning: \headheight is too small (15.0pt): 
(fancyhdr)                Make it at least 28.39755pt, for example:
(fancyhdr)                \setlength{\headheight}{28.39755pt}.
(fancyhdr)                You might also make \topmargin smaller:
(fancyhdr)                \addtolength{\topmargin}{-13.39755pt}.


Overfull \hbox (26.56018pt too wide) has occurred while \output is active
[] $[]$ 
 []


Overfull \hbox (26.56018pt too wide) has occurred while \output is active
[] $[]$ 
 []

File: ./Pictures/mufglogo.png Graphic file (type png)
<use ./Pictures/mufglogo.png>
Package pdftex.def Info: ./Pictures/mufglogo.png  used on input line 88.
(pdftex.def)             Requested size: 62.5946pt x 20.486pt.
[77]
! Undefined control sequence.
l.124 		At minimum, \ModelID
                            \ must be reviewed:
The control sequence at the end of the top line
of your error message was never \def'ed. If you have
misspelled it (e.g., `\hobx'), type `I' and the correct
spelling (e.g., `I\hbox'). Otherwise just continue,
and I'll forget about whatever was undefined.




Package fancyhdr Warning: \headheight is too small (15.0pt): 
(fancyhdr)                Make it at least 28.39755pt, for example:
(fancyhdr)                \setlength{\headheight}{28.39755pt}.
(fancyhdr)                You might also make \topmargin smaller:
(fancyhdr)                \addtolength{\topmargin}{-13.39755pt}.


Overfull \hbox (26.56018pt too wide) has occurred while \output is active
[] $[]$ 
 []


Overfull \hbox (26.56018pt too wide) has occurred while \output is active
[] $[]$ 
 []

File: ./Pictures/mufglogo.png Graphic file (type png)
<use ./Pictures/mufglogo.png>
Package pdftex.def Info: ./Pictures/mufglogo.png  used on input line 129.
(pdftex.def)             Requested size: 62.5946pt x 20.486pt.
[78]


Package fancyhdr Warning: \headheight is too small (15.0pt): 
(fancyhdr)                Make it at least 28.39755pt, for example:
(fancyhdr)                \setlength{\headheight}{28.39755pt}.
(fancyhdr)                You might also make \topmargin smaller:
(fancyhdr)                \addtolength{\topmargin}{-13.39755pt}.


Overfull \hbox (26.56018pt too wide) has occurred while \output is active
[] $[]$ 
 []


Overfull \hbox (26.56018pt too wide) has occurred while \output is active
[] $[]$ 
 []

File: ./Pictures/mufglogo.png Graphic file (type png)
<use ./Pictures/mufglogo.png>
Package pdftex.def Info: ./Pictures/mufglogo.png  used on input line 133.
(pdftex.def)             Requested size: 62.5946pt x 20.486pt.
[79]) (./Sections/10_Conclusions/Conclusions.tex


Package fancyhdr Warning: \headheight is too small (15.0pt): 
(fancyhdr)                Make it at least 28.39755pt, for example:
(fancyhdr)                \setlength{\headheight}{28.39755pt}.
(fancyhdr)                You might also make \topmargin smaller:
(fancyhdr)                \addtolength{\topmargin}{-13.39755pt}.


Overfull \hbox (26.56018pt too wide) has occurred while \output is active
[] $[]$ 
 []


Overfull \hbox (26.56018pt too wide) has occurred while \output is active
[] $[]$ 
 []

File: ./Pictures/mufglogo.png Graphic file (type png)
<use ./Pictures/mufglogo.png>
Package pdftex.def Info: ./Pictures/mufglogo.png  used on input line 48.
(pdftex.def)             Requested size: 62.5946pt x 20.486pt.
[80

]
! Undefined control sequence.
<argument> ...nt {Conclusion Summary for \ModelID 
                                                  }}}{\thepage }{\@currentHr...
l.75 ...MUFGfont{Conclusion Summary for \ModelID}}
                                                  
The control sequence at the end of the top line
of your error message was never \def'ed. If you have
misspelled it (e.g., `\hobx'), type `I' and the correct
spelling (e.g., `I\hbox'). Otherwise just continue,
and I'll forget about whatever was undefined.

! Undefined control sequence.
<argument> ...nt {Conclusion Summary for \ModelID 
                                                  }
l.75 ...MUFGfont{Conclusion Summary for \ModelID}}
                                                  
The control sequence at the end of the top line
of your error message was never \def'ed. If you have
misspelled it (e.g., `\hobx'), type `I' and the correct
spelling (e.g., `I\hbox'). Otherwise just continue,
and I'll forget about whatever was undefined.




Package fancyhdr Warning: \headheight is too small (15.0pt): 
(fancyhdr)                Make it at least 28.39755pt, for example:
(fancyhdr)                \setlength{\headheight}{28.39755pt}.
(fancyhdr)                You might also make \topmargin smaller:
(fancyhdr)                \addtolength{\topmargin}{-13.39755pt}.


Overfull \hbox (26.56018pt too wide) has occurred while \output is active
[] $[]$ 
 []


Overfull \hbox (26.56018pt too wide) has occurred while \output is active
[] $[]$ 
 []

File: ./Pictures/mufglogo.png Graphic file (type png)
<use ./Pictures/mufglogo.png>
Package pdftex.def Info: ./Pictures/mufglogo.png  used on input line 113.
(pdftex.def)             Requested size: 62.5946pt x 20.486pt.
[81]


Package fancyhdr Warning: \headheight is too small (15.0pt): 
(fancyhdr)                Make it at least 28.39755pt, for example:
(fancyhdr)                \setlength{\headheight}{28.39755pt}.
(fancyhdr)                You might also make \topmargin smaller:
(fancyhdr)                \addtolength{\topmargin}{-13.39755pt}.


Overfull \hbox (26.56018pt too wide) has occurred while \output is active
[] $[]$ 
 []


Overfull \hbox (26.56018pt too wide) has occurred while \output is active
[] $[]$ 
 []

File: ./Pictures/mufglogo.png Graphic file (type png)
<use ./Pictures/mufglogo.png>
Package pdftex.def Info: ./Pictures/mufglogo.png  used on input line 115.
(pdftex.def)             Requested size: 62.5946pt x 20.486pt.
[82]) (./Appendix/Appendix_A/Appendix_A_Review_Challenge_Log.tex)

LaTeX Warning: Empty bibliography on input line 415.


Package caption Warning: Unused \captionsetup[figure] on input line 185.
See the caption package documentation for explanation.




Package fancyhdr Warning: \headheight is too small (15.0pt): 
(fancyhdr)                Make it at least 28.39755pt, for example:
(fancyhdr)                \setlength{\headheight}{28.39755pt}.
(fancyhdr)                You might also make \topmargin smaller:
(fancyhdr)                \addtolength{\topmargin}{-13.39755pt}.


Overfull \hbox (26.56018pt too wide) has occurred while \output is active
[] $[]$ 
 []


Overfull \hbox (26.56018pt too wide) has occurred while \output is active
[] $[]$ 
 []

File: ./Pictures/mufglogo.png Graphic file (type png)
<use ./Pictures/mufglogo.png>
Package pdftex.def Info: ./Pictures/mufglogo.png  used on input line 419.
(pdftex.def)             Requested size: 62.5946pt x 20.486pt.
[83

] (./modvalreport.aux)
 ***********
LaTeX2e <2024-11-01> patch level 2
L3 programming layer <2025-01-18>
 ***********


LaTeX Warning: There were multiply-defined labels.

Package rerunfilecheck Info: File `modvalreport.out' has not changed.
(rerunfilecheck)             Checksum: D41D8CD98F00B204E9800998ECF8427E;0.
Package logreq Info: Writing requests to 'modvalreport.run.xml'.
\openout1 = `modvalreport.run.xml'.

 )
(\end occurred inside a group at level 4)

### simple group (level 4) entered at line 1844 ({)
### simple group (level 3) entered at line 1785 ({)
### simple group (level 2) entered at line 1691 ({)
### simple group (level 1) entered at line 1631 ({)
### bottom level 
Here is how much of TeX's memory you used:
 32387 strings out of 473190
 571153 string characters out of 5715800
 1847722 words of memory out of 5000000
 54446 multiletter control sequences out of 15000+600000
 628354 words of font info for 130 fonts, out of 8000000 for 9000
 1141 hyphenation exceptions out of 8191
 108i,29n,107p,10907b,2474s stack positions out of 10000i,1000n,20000p,200000b,200000s

pdfTeX warning (dest): name{Hfootnote.4} has been referenced but does not exist
, replaced by a fixed one


pdfTeX warning (dest): name{Hfootnote.3} has been referenced but does not exist
, replaced by a fixed one


pdfTeX warning (dest): name{Hfootnote.2} has been referenced but does not exist
, replaced by a fixed one


pdfTeX warning (dest): name{Hfootnote.1} has been referenced but does not exist
, replaced by a fixed one

</usr/local/texlive/2025/texmf-dist/fonts/type1/public/amsfonts/cm/cmbx10.pfb><
/usr/local/texlive/2025/texmf-dist/fonts/type1/public/amsfonts/cm/cmmi10.pfb></
usr/local/texlive/2025/texmf-dist/fonts/type1/public/amsfonts/cm/cmmi5.pfb></us
r/local/texlive/2025/texmf-dist/fonts/type1/public/amsfonts/cm/cmmi6.pfb></usr/
local/texlive/2025/texmf-dist/fonts/type1/public/amsfonts/cm/cmmi7.pfb></usr/lo
cal/texlive/2025/texmf-dist/fonts/type1/public/amsfonts/cm/cmmi8.pfb></usr/loca
l/texlive/2025/texmf-dist/fonts/type1/public/amsfonts/cm/cmmi9.pfb></usr/local/
texlive/2025/texmf-dist/fonts/type1/public/amsfonts/cm/cmr10.pfb></usr/local/te
xlive/2025/texmf-dist/fonts/type1/public/amsfonts/cm/cmr5.pfb></usr/local/texli
ve/2025/texmf-dist/fonts/type1/public/amsfonts/cm/cmr6.pfb></usr/local/texlive/
2025/texmf-dist/fonts/type1/public/amsfonts/cm/cmr7.pfb></usr/local/texlive/202
5/texmf-dist/fonts/type1/public/amsfonts/cm/cmr9.pfb></usr/local/texlive/2025/t
exmf-dist/fonts/type1/public/amsfonts/cm/cmsy10.pfb></usr/local/texlive/2025/te
xmf-dist/fonts/type1/public/amsfonts/cm/cmsy9.pfb></usr/local/texlive/2025/texm
f-dist/fonts/type1/public/mathabx-type1/matha10.pfb></usr/local/texlive/2025/te
xmf-dist/fonts/type1/public/mathabx-type1/matha5.pfb></usr/local/texlive/2025/t
exmf-dist/fonts/type1/public/mathabx-type1/matha6.pfb></usr/local/texlive/2025/
texmf-dist/fonts/type1/public/mathabx-type1/matha7.pfb></usr/local/texlive/2025
/texmf-dist/fonts/type1/public/mathabx-type1/matha9.pfb></usr/local/texlive/202
5/texmf-dist/fonts/type1/public/mathabx-type1/mathx10.pfb></usr/local/texlive/2
025/texmf-dist/fonts/type1/public/amsfonts/symbols/msam10.pfb></usr/local/texli
ve/2025/texmf-dist/fonts/type1/public/amsfonts/symbols/msbm10.pfb></usr/local/t
exlive/2025/texmf-dist/fonts/type1/public/amsfonts/symbols/msbm7.pfb></usr/loca
l/texlive/2025/texmf-dist/fonts/type1/public/cm-super/sfss1000.pfb></usr/local/
texlive/2025/texmf-dist/fonts/type1/public/cm-super/sftt0800.pfb></usr/local/te
xlive/2025/texmf-dist/fonts/type1/urw/helvetic/uhvb8a.pfb></usr/local/texlive/2
025/texmf-dist/fonts/type1/urw/helvetic/uhvr8a.pfb></usr/local/texlive/2025/tex
mf-dist/fonts/type1/urw/helvetic/uhvro8a.pfb>
Output written on modvalreport.pdf (88 pages, 664730 bytes).
PDF statistics:
 1945 PDF objects out of 2073 (max. 8388607)
 1776 compressed objects within 18 object streams
 684 named destinations out of 1000 (max. 500000)
 1328 words of extra memory for PDF output out of 10000 (max. 10000000)

